_id	Protocolo	data	hora	natureza	situacao	bairro	endereco	numero	detalhe_endereco_acidente	complemento	bairro_cruzamento	num_semaforo	sentido_via	tipo	auto	moto	ciclom	ciclista	pedestre	onibus	caminhao	viatura	outros	vitimas	vitimasfatais	acidente_verificado	tempo_clima	situacao_semaforo	sinalizacao	condicao_via	conservacao_via	ponto_controle	situacao_placa	velocidade_max_via	mao_direcao	divisao_via1	divisao_via2	divisao_via3
348	202303748,0	2023-02-15T00:00:00	10:19:00	COM VÍTIMA	FINALIZADA	IBURA	RUA RIO BRIGIDA	350	""	EM FRENTE À IGREJA VERBO DA VIDA DO IBURA DE BAIXO	IBURA	""	""	COLISÃO TRANSVERSAL	1,0	1,0	0,0	0,0	0,0	0,0	0,0	0,0	0,0	2,0	0,0	""	""	""	""	""	""	""	""	""	""	""	""	""
349	202303765,0	2023-02-16T00:00:00	07:27:00	COM VÍTIMA	FINALIZADA	ESPINHEIRO	AV JOAO DE BARROS	""	""	EM FRENTE A EXTRAFARMA	ESPINHEIRO	""	""	COLISÃO LATERAL	1,0	1,0	0,0	0,0	0,0	0,0	0,0	0,0	0,0	1,0	0,0	""	""	""	""	""	""	""	""	""	""	""	""	""
350	202303767,0	2023-02-16T00:00:00	07:23:00	SEM VÍTIMA	FINALIZADA	SAN MARTIN	AV GENERAL SAN MARTIN	2347	""	EM FRENTE AO RESTAURANTE XODÓ NORDESTINO	SAN MARTIN	""	CIDADE	COLISÃO TRASEIRA	3,0	0,0	0,0	0,0	0,0	0,0	0,0	0,0	0,0	0,0	0,0	""	""	""	""	""	""	""	""	""	""	""	""	""
351	202303774,0	2023-02-16T00:00:00	08:10:00	COM VÍTIMA	FINALIZADA	IMBIRIBEIRA	RUA ITAJAI	""	RUA ITACARI	PROX. A GOCIL SEGURANÇA	IMBIRIBEIRA	""	""	COLISÃO FRONTAL	1,0	1,0	0,0	0,0	0,0	0,0	0,0	0,0	0,0	1,0	0,0	""	""	""	""	""	""	""	""	""	""	""	""	""
352	202303775,0	2023-02-16T00:00:00	08:11:00	COM VÍTIMA	FINALIZADA	SAN MARTIN	AV GENERAL SAN MARTIN	""	""	PROX AO COLEGIO ADVENTISTA / E AO SEMÁFORO 371	SAN MARTIN	371,0	""	COLISÃO LATERAL	1,0	1,0	0,0	0,0	0,0	0,0	0,0	0,0	0,0	2,0	0,0	""	""	""	""	""	""	""	""	""	""	""	""	""
353	202303807,0	2023-02-16T00:00:00	10:28:00	COM VÍTIMA	FINALIZADA	ÁGUA FRIA	RUA DA REGENERACAO	210	""	PRÓX. À LOJA DE FERRAGENS  JOSÉ LUIZ DA FONSECA	ÁGUA FRIA	""	""	COLISÃO LATERAL	1,0	1,0	0,0	0,0	0,0	0,0	0,0	0,0	0,0	1,0	0,0	""	""	""	""	""	""	""	""	""	""	""	""	""
354	202303811,0	2023-02-16T00:00:00	10:54:00	COM VÍTIMA	FINALIZADA	BOA VISTA	RUA DA GLORIA	211	""	PROX. A DELEGACIA DO IDOSO	BOA VISTA	""	""	COLISÃO LATERAL	1,0	1,0	0,0	0,0	0,0	0,0	0,0	0,0	0,0	1,0	0,0	""	""	""	""	""	""	""	""	""	""	""	""	""
355	202303817,0	2023-02-16T00:00:00	11:32:00	COM VÍTIMA	FINALIZADA	IPSEP	RUA SAO NICOLAU	427	RUA ABDIAS CABRAL DE MOURA	PROX. A MICRO EQUIPAMENTOS	IPSEP	""	SUBURBIO	COLISÃO LATERAL	1,0	1,0	0,0	0,0	0,0	0,0	0,0	0,0	0,0	1,0	0,0	""	""	""	""	""	""	""	""	""	""	""	""	""
356	202303831,0	2023-02-16T00:00:00	12:58:00	SEM VÍTIMA	FINALIZADA	PINA	AV ANTONIO DE GOES	62	""	EM FRENTE AÀ PRF / LADO OPOSTO AO RESTAURANTE BARGAÇO Nº 62	PINA	""	CIDADE	COLISÃO TRASEIRA	2,0	0,0	0,0	0,0	0,0	0,0	0,0	0,0	0,0	0,0	0,0	""	""	""	""	""	""	""	""	""	""	""	""	""
357	202303842,0	2023-02-16T00:00:00	03:07:00	COM VÍTIMA	FINALIZADA	PINA	PTE VICE PRESIDENTE JOSE ALENCAR	""	""	ENTRADA DO RIOMAR	PINA	""	""	COLISÃO LATERAL	1,0	1,0	0,0	0,0	0,0	0,0	0,0	0,0	0,0	1,0	0,0	""	""	""	""	""	""	""	""	""	""	""	""	""
358	202303865,0	2023-02-16T00:00:00	06:50:00	COM VÍTIMA	FINALIZADA	CABANGA	PTE GOVERNADOR PAULO GUERRA	""	""	SENTIDO CENTRO	CABANGA	""	""	COLISÃO FRONTAL	1,0	1,0	0,0	0,0	0,0	0,0	0,0	0,0	0,0	3,0	0,0	""	""	""	""	""	""	""	""	""	""	""	""	""
359	202303866,0	2023-02-16T00:00:00	06:53:00	COM VÍTIMA	CANCELADA	IPSEP	RUA BLUMENAU	458	""	PERTO DE 13 DISTRITO	IPSEP	""	""	COLISÃO LATERAL	1,0	1,0	0,0	0,0	0,0	0,0	0,0	0,0	0,0	1,0	0,0	""	""	""	""	""	""	""	""	""	""	""	""	""
360	202303873,0	2023-02-16T00:00:00	08:16:00	COM VÍTIMA	FINALIZADA	IMBIRIBEIRA	RUA JOAQUIM BANDEIRA	268	""	EMBAIXO DO PONTILHÃO	IMBIRIBEIRA	""	""	COLISÃO TRASEIRA	2,0	1,0	0,0	0,0	0,0	0,0	0,0	0,0	0,0	2,0	0,0	""	""	""	""	""	""	""	""	""	""	""	""	""
361	202303877,0	2023-02-16T00:00:00	10:46:00	COM VÍTIMA	FINALIZADA	MACAXEIRA	AV NORTE MIGUEL ARRAES DE ALENCAR	""	RUA CORONEL JOAO BATISTA DO REGO BARROS	EM FRENTE A PRAÇA DA MACAXEIRA	MACAXEIRA	671,0	SUBURBIO	COLISÃO FRONTAL	1,0	1,0	0,0	0,0	0,0	0,0	0,0	0,0	0,0	1,0	0,0	""	""	""	""	""	""	""	""	""	""	""	""	""
362	202303910,0	2023-02-17T00:00:00	09:09:00	SEM VÍTIMA	FINALIZADA	SANTO AMARO	RUA GOUVEIA DE BARROS	189	""	""	SANTO AMARO	""	SUBURBIO	TOMBAMENTO	2,0	0,0	0,0	0,0	0,0	0,0	0,0	0,0	0,0	0,0	0,0	""	""	""	""	""	""	""	""	""	""	""	""	""
363	202303925,0	2023-02-17T00:00:00	10:31:00	COM VÍTIMA	FINALIZADA	ENCRUZILHADA	RUA DR JOSE MARIA	27	RUA CARLOS BORROMEU	IGREJA UNIVERSAL	ENCRUZILHADA	""	""	ATROPELAMENTO DE PESSOA	1,0	0,0	0,0	0,0	1,0	0,0	0,0	0,0	0,0	1,0	0,0	""	""	""	""	""	""	""	""	""	""	""	""	""
364	202303926,0	2023-02-17T00:00:00	10:32:00	COM VÍTIMA	FINALIZADA	BOA VIAGEM	AV HELIO FALCAO	323	""	PROX AO COLEGIO ANCHIETA	BOA VIAGEM	""	""	ATROPELAMENTO DE PESSOA	2,0	0,0	0,0	0,0	1,0	0,0	0,0	0,0	0,0	1,0	0,0	""	""	""	""	""	""	""	""	""	""	""	""	""
365	202303928,0	2023-02-17T00:00:00	10:39:00	SEM VÍTIMA	FINALIZADA	BAIRRO DO RECIFE	PTE CONDE MAURICIO DE NASSAU	""	""	SOB A PONTE	BAIRRO DO RECIFE	""	""	COLISÃO LATERAL	0,0	0,0	0,0	0,0	0,0	0,0	0,0	0,0	0,0	0,0	0,0	""	""	""	""	""	""	""	""	""	""	""	""	""
366	202303936,0	2023-02-17T00:00:00	11:15:00	SEM VÍTIMA	FINALIZADA	SANTO AMARO	AV GOVERNADOR AGAMENON MAGALHAES	2091	""	LADO OPOSTO A DELEGACIA REGIONAL DO TRABALHO	SANTO AMARO	465,0	SUBURBIO	COLISÃO TRASEIRA	1,0	0,0	0,0	0,0	0,0	0,0	0,0	1,0	0,0	0,0	0,0	""	""	""	""	""	""	""	""	""	""	""	""	""
367	202303938,0	2023-02-17T00:00:00	11:20:00	SEM VÍTIMA	FINALIZADA	CORDEIRO	RUA GOMES TABORDA	146	""	AO LADO DO SINDI COMBUSTIVEIS	CORDEIRO	""	CIDADE	CHOQUE	0,0	0,0	0,0	0,0	0,0	0,0	1,0	0,0	0,0	0,0	0,0	""	""	""	""	""	""	""	""	""	""	""	""	""
368	202303946,0	2023-02-17T00:00:00	12:25:00	COM VÍTIMA	FINALIZADA	TORRE	RUA CONDE DE IRAJA	894	""	EM FRENTE A CASA JOSUE DE CASTRO	TORRE	""	SUBURBIO	COLISÃO LATERAL	1,0	1,0	0,0	0,0	0,0	0,0	0,0	0,0	0,0	1,0	0,0	""	""	""	""	""	""	""	""	""	""	""	""	""
369	202303952,0	2023-02-17T00:00:00	01:44:00	COM VÍTIMA	FINALIZADA	ILHA DO RETIRO	AV ENGENHEIRO ABDIAS DE CARVALHO	2126	""	EM FRENTE A FARMACIA DROGASIL	ILHA DO RETIRO	""	""	COLISÃO LATERAL	1,0	2,0	0,0	0,0	0,0	0,0	0,0	0,0	0,0	4,0	0,0	""	""	""	""	""	""	""	""	""	""	""	""	""
370	202303964,0	2023-02-17T00:00:00	04:31:00	COM VÍTIMA	CANCELADA	CASA AMARELA	EST DAS UBAIAS	147	""	E/F A PADARIA PARLA DELI	CASA AMARELA	""	""	COLISÃO TRASEIRA	1,0	1,0	0,0	0,0	0,0	0,0	0,0	0,0	0,0	1,0	0,0	""	""	""	""	""	""	""	""	""	""	""	""	""
371	202303968,0	2023-02-17T00:00:00	06:28:00	COM VÍTIMA	FINALIZADA	JOANA BEZERRA	VIADUTO CAPITAO TEMUDO	""	""	SOBRE O VIADUTO / NA ALSA PARA O SHOPPING RIO MAR	JOANA BEZERRA	""	""	COLISÃO LATERAL	1,0	1,0	0,0	0,0	0,0	0,0	0,0	0,0	0,0	2,0	0,0	""	""	""	""	""	""	""	""	""	""	""	""	""
372	202303991,0	2023-02-18T00:00:00	01:30:00	COM VÍTIMA	CANCELADA	IMBIRIBEIRA	AV MARECHAL MASCARENHAS DE MORAES	1681	""	E/F À LOJA LASER ELETRO - SENTIDO CIDADE	IMBIRIBEIRA	""	""	COLISÃO TRASEIRA	0,0	2,0	0,0	0,0	0,0	0,0	0,0	0,0	0,0	1,0	0,0	""	""	""	""	""	""	""	""	""	""	""	""	""
373	202304003,0	2023-02-18T00:00:00	12:01:00	COM VÍTIMA	FINALIZADA	BOA VISTA	RUA DO RIACHUELO	475	""	VILA SANTO ANTÔNIO	BOA VISTA	""	CIDADE	COLISÃO LATERAL	1,0	1,0	0,0	0,0	0,0	0,0	0,0	0,0	0,0	2,0	0,0	""	""	""	""	""	""	""	""	""	""	""	""	""
374	202304004,0	2023-02-18T00:00:00	12:29:00	COM VÍTIMA	FINALIZADA	ESPINHEIRO	RUA CARNEIRO VILELA	""	RUA CONS PORTELA	GALERIA CONSELHEIRO PORTELA / BANCO ITAU DA JOÃO DE BARROS	ESPINHEIRO	""	CIDADE	COLISÃO LATERAL	1,0	1,0	0,0	0,0	0,0	0,0	0,0	0,0	0,0	1,0	0,0	""	""	""	""	""	""	""	""	""	""	""	""	""
375	202304007,0	2023-02-18T00:00:00	04:19:00	SEM VÍTIMA	FINALIZADA	CASA FORTE	PRC RADIO JORNAL DO COMERCIO	""	""	AO LADO DO BOM PREÇO	CASA FORTE	""	SUBURBIO	COLISÃO LATERAL	2,0	0,0	0,0	0,0	0,0	0,0	0,0	0,0	0,0	0,0	0,0	""	""	""	""	""	""	""	""	""	""	""	""	""
376	202304009,0	2023-02-18T00:00:00	04:39:00	COM VÍTIMA	FINALIZADA	JIQUIÁ	AV DR JOSE RUFINO	535	RUA MORAIS E SILVA	""	JIQUIÁ	""	SUBURBIO	COLISÃO TRASEIRA	1,0	1,0	0,0	0,0	0,0	0,0	0,0	0,0	0,0	3,0	0,0	""	""	""	""	""	""	""	""	""	""	""	""	""
377	202304019,0	2023-02-18T00:00:00	06:54:00	SEM VÍTIMA	CANCELADA	BOA VISTA	AV CONDE DA BOA VISTA	""	""	EM FRENTE A TVPE / ESQ. DO POSTO SHELL	BOA VISTA	""	""	COLISÃO TRASEIRA	0,0	0,0	0,0	0,0	0,0	0,0	0,0	2,0	0,0	0,0	0,0	""	""	""	""	""	""	""	""	""	""	""	""	""
378	202304021,0	2023-02-18T00:00:00	07:27:00	COM VÍTIMA	FINALIZADA	SANTO AMARO	AV NORTE MIGUEL ARRAES DE ALENCAR	""	""	EM FRENTE AO SENAI	SANTO AMARO	""	CIDADE	QUEDA	0,0	1,0	0,0	0,0	0,0	0,0	0,0	0,0	0,0	1,0	0,0	""	""	""	""	""	""	""	""	""	""	""	""	""
379	202304032,0	2023-02-19T00:00:00	01:09:00	COM VÍTIMA	FINALIZADA	IBURA	AV MATO GROSSO	682	""	PRÓXIMO A PADARIA MONZA	IBURA	""	""	CHOQUE	1,0	1,0	0,0	0,0	0,0	0,0	0,0	0,0	0,0	1,0	0,0	""	""	""	""	""	""	""	""	""	""	""	""	""
380	202304045,0	2023-02-19T00:00:00	10:04:00	COM VÍTIMA	FINALIZADA	CASA AMARELA	RUA PADRE LEMOS	723	""	PRÓX. AO POSTO BR	CASA AMARELA	""	SUBURBIO	COLISÃO TRASEIRA	1,0	1,0	0,0	0,0	0,0	0,0	0,0	0,0	0,0	2,0	0,0	""	""	""	""	""	""	""	""	""	""	""	""	""
381	202304050,0	2023-02-19T00:00:00	11:25:00	COM VÍTIMA	FINALIZADA	MADALENA	RUA DEMOCRITO DE SOUZA FILHO	""	RUA BARTOLOMEU DE GUSMAO	PRÓX. AO GARDEN BELEZA. CAFÉ, MODA. BARBEARIA	MADALENA	""	SUBURBIO	COLISÃO LATERAL	1,0	1,0	0,0	0,0	0,0	0,0	0,0	0,0	0,0	1,0	0,0	""	""	""	""	""	""	""	""	""	""	""	""	""
382	202304053,0	2023-02-19T00:00:00	12:29:00	COM VÍTIMA	FINALIZADA	ILHA DO RETIRO	AV ENGENHEIRO ABDIAS DE CARVALHO	104	AV JOSE GONCALVES DE MEDEIROS	EM FRENTE A MCDONALD´S	ILHA DO RETIRO	355,0	SUBURBIO	COLISÃO LATERAL	1,0	1,0	0,0	0,0	0,0	0,0	0,0	0,0	0,0	1,0	0,0	""	""	""	""	""	""	""	""	""	""	""	""	""
383	202304054,0	2023-02-19T00:00:00	12:38:00	COM VÍTIMA	FINALIZADA	AFLITOS	AV CONS ROSA E SILVA	197	""	PRÓX. AO CLUBE PORTUGUÊS	AFLITOS	""	""	COLISÃO TRASEIRA	1,0	0,0	0,0	0,0	0,0	0,0	0,0	1,0	0,0	1,0	0,0	""	""	""	""	""	""	""	""	""	""	""	""	""
384	202304069,0	2023-02-19T00:00:00	09:39:00	COM VÍTIMA	FINALIZADA	SANTO AMARO	AV CRUZ CABUGA	706	RUA FREI CASSIMIRO	PROX. A CASA DA INDUSTRIA	SANTO AMARO	""	""	COLISÃO LATERAL	1,0	1,0	0,0	0,0	0,0	0,0	0,0	0,0	0,0	1,0	0,0	""	""	""	""	""	""	""	""	""	""	""	""	""
385	202304073,0	2023-02-20T00:00:00	02:19:00	VÍTIMA FATAL	FINALIZADA	BOA VISTA	AV CONDE DA BOA VISTA	505	RUA DO HOSPICIO	COM A RUA DO HOSPICIO	BOA VISTA	23,0	SUBURBIO	ATROPELAMENTO DE PESSOA	0,0	0,0	0,0	0,0	1,0	1,0	0,0	0,0	0,0	0,0	1,0	""	""	""	""	""	""	""	""	""	""	""	""	""
386	202304074,0	2023-02-20T00:00:00	02:23:00	SEM VÍTIMA	CANCELADA	CORDEIRO	AV PROFESSOR ESTEVAO FRANCISCO DA COSTA	""	""	COM RUA ELISEU CAVALCANTI	CORDEIRO	""	""	COLISÃO LATERAL	2,0	0,0	0,0	0,0	0,0	0,0	0,0	0,0	0,0	0,0	0,0	""	""	""	""	""	""	""	""	""	""	""	""	""
387	202304076,0	2023-02-20T00:00:00	05:27:00	COM VÍTIMA	FINALIZADA	IMBIRIBEIRA	AV MARECHAL MASCARENHAS DE MORAES	2455	""	EM FRENTE AO BANCO BRADESCO	IMBIRIBEIRA	439,0	CIDADE	COLISÃO LATERAL	1,0	1,0	0,0	0,0	0,0	0,0	0,0	0,0	0,0	1,0	0,0	""	""	""	""	""	""	""	""	""	""	""	""	""
388	202304081,0	2023-02-20T00:00:00	09:02:00	COM VÍTIMA	FINALIZADA	BOA VIAGEM	RUA RIBEIRO DE BRITO	1326	""	AO LADO DA UNINASSAU	BOA VIAGEM	""	""	COLISÃO FRONTAL	1,0	1,0	0,0	0,0	0,0	0,0	0,0	0,0	0,0	2,0	0,0	""	""	""	""	""	""	""	""	""	""	""	""	""
389	202304087,0	2023-02-20T00:00:00	09:37:00	COM VÍTIMA	FINALIZADA	BOA VIAGEM	RUA RIBEIRO DE BRITO	1326	RUA AMALIA BERNARDINO DE SOUZA	AO LADO DA UNINASSAU	BOA VIAGEM	""	CIDADE	COLISÃO FRONTAL	1,0	1,0	0,0	0,0	0,0	0,0	0,0	0,0	0,0	2,0	0,0	""	""	""	""	""	""	""	""	""	""	""	""	""
390	202304094,0	2023-02-20T00:00:00	10:27:00	COM VÍTIMA	FINALIZADA	BOA VIAGEM	RUA CAMBOIM	970	RUA JOAO CARDOSO AIRES	DONA GULA	BOA VIAGEM	""	SUBURBIO	COLISÃO LATERAL	2,0	0,0	0,0	0,0	0,0	0,0	0,0	0,0	0,0	1,0	0,0	""	""	""	""	""	""	""	""	""	""	""	""	""
391	202304107,0	2023-02-20T00:00:00	12:30:00	COM VÍTIMA	FINALIZADA	CORDEIRO	RUA CLAUDIO BROTHERHOOD	275	RUA GOMES TABORDA	E/F A GRAFICA CAMPELO	CORDEIRO	""	SUBURBIO	COLISÃO FRONTAL	0,0	2,0	0,0	0,0	0,0	0,0	0,0	0,0	0,0	1,0	0,0	""	""	""	""	""	""	""	""	""	""	""	""	""
392	202304124,0	2023-02-20T00:00:00	03:17:00	COM VÍTIMA	FINALIZADA	BOA VIAGEM	AV ENGENHEIRO DOMINGOS FERREIRA	1097	RUA TOME GIBSON	PROX AO COLEGIO MUNICIPAL OSWALDO DE LIMA FILHO	BOA VIAGEM	200,0	SUBURBIO	COLISÃO TRASEIRA	0,0	2,0	0,0	0,0	0,0	0,0	0,0	0,0	0,0	2,0	0,0	""	""	""	""	""	""	""	""	""	""	""	""	""
393	202304144,0	2023-02-20T00:00:00	08:14:00	COM VÍTIMA	FINALIZADA	CAXANGÁ	AV CAXANGA	""	RUA RIBEIRO PESSOA	PRÓXIMO A UPA	CAXANGÁ	""	SUBURBIO	COLISÃO FRONTAL	0,0	0,0	0,0	0,0	0,0	0,0	0,0	0,0	0,0	1,0	0,0	""	""	""	""	""	""	""	""	""	""	""	""	""
394	202304145,0	2023-02-20T00:00:00	08:31:00	SEM VÍTIMA	FINALIZADA	CORDEIRO	RUA OCIDENTAL	142	""	ANTIGO TERMINAL DO SÍTIO DAS PALMEIRAS	CORDEIRO	""	""	CHOQUE	0,0	0,0	0,0	0,0	0,0	0,0	0,0	0,0	0,0	0,0	0,0	""	""	""	""	""	""	""	""	""	""	""	""	""
395	202304153,0	2023-02-21T00:00:00	01:24:00	SEM VÍTIMA	FINALIZADA	ESPINHEIRO	RUA BUENOS AYRES	""	""	EM FRENTE AO SANTANDER	ESPINHEIRO	""	""	COLISÃO FRONTAL	0,0	0,0	0,0	0,0	0,0	0,0	0,0	0,0	0,0	0,0	0,0	""	""	""	""	""	""	""	""	""	""	""	""	""
396	202304154,0	2023-02-21T00:00:00	02:44:00	COM VÍTIMA	FINALIZADA	GRAÇAS	AV CONS ROSA E SILVA	""	RUA ANTENOR NAVARRO	""	GRAÇAS	522,0	SUBURBIO	COLISÃO FRONTAL	2,0	0,0	0,0	0,0	0,0	0,0	0,0	0,0	0,0	1,0	0,0	""	""	""	""	""	""	""	""	""	""	""	""	""
397	202304161,0	2023-02-21T00:00:00	07:48:00	COM VÍTIMA	FINALIZADA	IMBIRIBEIRA	AV MARECHAL MASCARENHAS DE MORAES	1780	""	EM FRENTE AO POSTO BR	IMBIRIBEIRA	""	""	COLISÃO TRASEIRA	1,0	1,0	0,0	0,0	0,0	0,0	0,0	0,0	0,0	1,0	0,0	""	""	""	""	""	""	""	""	""	""	""	""	""
398	202304171,0	2023-02-21T00:00:00	10:33:00	COM VÍTIMA	FINALIZADA	IBURA	AV RECIFE	""	RUA SAO NICOLAU	SEMÁFORO 016	IBURA	16,0	SUBURBIO	COLISÃO TRASEIRA	2,0	1,0	0,0	0,0	0,0	0,0	0,0	0,0	0,0	2,0	0,0	""	""	""	""	""	""	""	""	""	""	""	""	""
399	202304183,0	2023-02-21T00:00:00	03:22:00	COM VÍTIMA	CANCELADA	BOA VIAGEM	RUA VISCONDE DE JEQUITINHONHA	652	RUA ERNESTO DE PAULA SANTOS	DE ESQUINA COM O SOBERANO	BOA VIAGEM	304,0	""	COLISÃO LATERAL	1,0	0,0	0,0	0,0	0,0	1,0	0,0	0,0	0,0	1,0	0,0	""	""	""	""	""	""	""	""	""	""	""	""	""
400	202304185,0	2023-02-21T00:00:00	03:33:00	SEM VÍTIMA	FINALIZADA	CAXANGÁ	AV CAXANGA	612	RUA JOSE OSORIO	SOB O SEMÁFORO DE Nº 489	CAXANGÁ	489,0	SUBURBIO	""	1,0	0,0	0,0	0,0	0,0	0,0	1,0	0,0	0,0	0,0	0,0	""	""	""	""	""	""	""	""	""	""	""	""	""
401	202304198,0	2023-02-22T00:00:00	02:36:00	COM VÍTIMA	FINALIZADA	ILHA JOANA BEZERRA	VIADUTO CAPITAO TEMUDO	""	""	ALÇA DE ACESSO À RUA IMPERIAL	ILHA JOANA BEZERRA	""	SUBURBIO	CHOQUE	1,0	0,0	0,0	0,0	0,0	0,0	0,0	0,0	1,0	1,0	0,0	""	""	""	""	""	""	""	""	""	""	""	""	""
402	202304203,0	2023-02-22T00:00:00	05:47:00	COM VÍTIMA	FINALIZADA	AFOGADOS	RUA SAO MIGUEL	""	""	PRÓXIMO AO 14° BATALHÃO LOGISTICO	AFOGADOS	""	CIDADE	COLISÃO FRONTAL	2,0	0,0	0,0	0,0	0,0	0,0	0,0	0,0	0,0	2,0	0,0	""	""	""	""	""	""	""	""	""	""	""	""	""
403	202304207,0	2023-02-22T00:00:00	07:40:00	COM VÍTIMA	FINALIZADA	AFOGADOS	RUA SAO MIGUEL	685	""	""	AFOGADOS	391,0	CIDADE	COLISÃO TRASEIRA	0,0	2,0	0,0	0,0	0,0	0,0	0,0	0,0	0,0	2,0	0,0	""	""	""	""	""	""	""	""	""	""	""	""	""
404	202304214,0	2023-02-22T00:00:00	09:29:00	COM VÍTIMA	FINALIZADA	SÃO JOSÉ	RUA IMPERIAL	1194	RUA BOM SUCESSO	APÓS O COLÉGIO JOAQUIM NABUCO	SÃO JOSÉ	""	""	COLISÃO LATERAL	1,0	1,0	0,0	0,0	0,0	0,0	0,0	0,0	0,0	1,0	0,0	""	""	""	""	""	""	""	""	""	""	""	""	""
405	202304216,0	2023-02-22T00:00:00	10:27:00	COM VÍTIMA	FINALIZADA	ILHA DO RETIRO	AV ENGENHEIRO ABDIAS DE CARVALHO	2099	EST DOS REMEDIOS	EM FRENTE A FARMACIA INDEPENDENTE	ILHA DO RETIRO	52,0	""	COLISÃO LATERAL	2,0	0,0	0,0	0,0	0,0	0,0	0,0	0,0	0,0	2,0	0,0	""	""	""	""	""	""	""	""	""	""	""	""	""
406	202304245,0	2023-02-22T00:00:00	04:15:00	COM VÍTIMA	FINALIZADA	PINA	AVENIDA CELSO FURTADO (VIA MANGUE)	""	""	NA VIA MANGUE	PINA	""	""	COLISÃO FRONTAL	1,0	1,0	0,0	0,0	0,0	0,0	0,0	0,0	0,0	1,0	0,0	""	""	""	""	""	""	""	""	""	""	""	""	""
407	202304260,0	2023-02-22T00:00:00	07:01:00	SEM VÍTIMA	FINALIZADA	ARRUDA	AV PROFESSOR JOSE DOS ANJOS	1029	""	PROX AO DNOCS	ARRUDA	""	""	COLISÃO LATERAL	1,0	0,0	0,0	0,0	0,0	0,0	1,0	0,0	0,0	0,0	0,0	""	""	""	""	""	""	""	""	""	""	""	""	""
408	202304274,0	2023-02-23T00:00:00	07:38:00	COM VÍTIMA	FINALIZADA	BOA VIAGEM	RUA DEZ DE JULHO	""	""	PRÓX. À ESTAÇÃO AEROPORTO	BOA VIAGEM	""	""	COLISÃO LATERAL	1,0	1,0	0,0	0,0	0,0	0,0	0,0	0,0	0,0	1,0	0,0	""	""	""	""	""	""	""	""	""	""	""	""	""
409	202304275,0	2023-02-23T00:00:00	07:47:00	COM VÍTIMA	FINALIZADA	IPSEP	RUA ADERBAL DE MELO	465	""	PRÓX. À PRAÇA DO IPÊ / LÉO BAR	IPSEP	""	""	COLISÃO FRONTAL	1,0	1,0	0,0	0,0	0,0	0,0	0,0	0,0	0,0	1,0	0,0	""	""	""	""	""	""	""	""	""	""	""	""	""
410	202304279,0	2023-02-23T00:00:00	08:04:00	COM VÍTIMA	FINALIZADA	SAN MARTIN	AV CONSUL VILARES FRAGOSO	""	""	CAVALARIA	SAN MARTIN	""	""	COLISÃO LATERAL	1,0	1,0	0,0	0,0	0,0	0,0	0,0	0,0	0,0	1,0	0,0	""	""	""	""	""	""	""	""	""	""	""	""	""
411	202304306,0	2023-02-23T00:00:00	11:55:00	SEM VÍTIMA	FINALIZADA	IMBIRIBEIRA	AV MARECHAL MASCARENHAS DE MORAES	884	""	EM FRENTE AO POSTO IPIRANGA	IMBIRIBEIRA	396,0	SUBURBIO	""	0,0	1,0	0,0	0,0	0,0	0,0	0,0	1,0	0,0	0,0	0,0	""	""	""	""	""	""	""	""	""	""	""	""	""
412	202304315,0	2023-02-23T00:00:00	01:02:00	SEM VÍTIMA	FINALIZADA	BOA VIAGEM	AV ANTONIO TORRES GALVAO	""	AVENIDA CELSO FURTADO (VIA MANGUE)	EM CIMA DA PONTE DA VIA MANGUE  S/T CID	BOA VIAGEM	""	""	COLISÃO LATERAL	1,0	0,0	0,0	0,0	0,0	0,0	1,0	0,0	0,0	0,0	0,0	""	""	""	""	""	""	""	""	""	""	""	""	""
413	202304324,0	2023-02-23T00:00:00	03:10:00	COM VÍTIMA	FINALIZADA	ÁGUA FRIA	AV BEBERIBE	2298	""	EM FRENTE AO MERCADINHO DOIS IRMÃOS	ÁGUA FRIA	""	""	COLISÃO LATERAL	1,0	1,0	0,0	0,0	0,0	0,0	0,0	0,0	0,0	1,0	0,0	""	""	""	""	""	""	""	""	""	""	""	""	""
414	202304334,0	2023-02-23T00:00:00	04:11:00	COM VÍTIMA	FINALIZADA	SÃO JOSÉ	AV DANTAS BARRETO	""	""	E/F AO ANTIGO BANCO SANTANDER	SÃO JOSÉ	""	""	ATROPELAMENTO DE PESSOA	0,0	0,0	0,0	0,0	1,0	1,0	0,0	0,0	0,0	1,0	0,0	""	""	""	""	""	""	""	""	""	""	""	""	""
415	202304338,0	2023-02-23T00:00:00	05:29:00	COM VÍTIMA	FINALIZADA	SÃO JOSÉ	RUA IMPERIAL	""	""	S/T AFOGADOS E/F AO PONTILHAO DO METRO	SÃO JOSÉ	""	""	COLISÃO LATERAL	1,0	1,0	0,0	0,0	0,0	0,0	0,0	0,0	0,0	1,0	0,0	""	""	""	""	""	""	""	""	""	""	""	""	""
416	202304352,0	2023-02-23T00:00:00	07:19:00	COM VÍTIMA	FINALIZADA	BONGI	AV ENGENHEIRO ABDIAS DE CARVALHO	1767	""	POSTO BR	BONGI	""	""	COLISÃO COM CICLISTA	0,0	0,0	0,0	1,0	0,0	1,0	0,0	0,0	0,0	1,0	0,0	""	""	""	""	""	""	""	""	""	""	""	""	""