_id	Protocolo	data	hora	natureza	situacao	bairro	endereco	numero	detalhe_endereco_acidente	complemento	bairro_cruzamento	num_semaforo	sentido_via	tipo	auto	moto	ciclom	ciclista	pedestre	onibus	caminhao	viatura	outros	vitimas	vitimasfatais	acidente_verificado	tempo_clima	situacao_semaforo	sinalizacao	condicao_via	conservacao_via	ponto_controle	situacao_placa	velocidade_max_via	mao_direcao	divisao_via1	divisao_via2	divisao_via3
417	202304353,0	2023-02-23T00:00:00	07:56:00	SEM VÍTIMA	FINALIZADA	TORRE	RUA REAL DA TORRE	""	RUA PADRE ANCHIETA	""	TORRE	192,0	SUBURBIO	""	1,0	0,0	0,0	0,0	0,0	0,0	0,0	1,0	0,0	0,0	0,0	""	""	""	""	""	""	""	""	""	""	""	""	""
418	202304361,0	2023-02-23T00:00:00	10:53:00	VÍTIMA FATAL	FINALIZADA	CORDEIRO	AV CAXANGA	3035	""	EM FRENTE À ASEMBLÉIA DE DEUS	CORDEIRO	""	CI	ATROPELAMENTO DE PESSOA	1,0	0,0	0,0	0,0	1,0	0,0	0,0	0,0	0,0	0,0	1,0	""	""	""	""	""	""	""	""	""	""	""	""	""
419	202304365,0	2023-02-24T00:00:00	07:08:00	COM VÍTIMA	FINALIZADA	BOA VIAGEM	AV CONSELHEIRO AGUIAR	""	RUA RIBEIRO DE BRITO	PRÓX. À FARMÁCIA PAGUE MENOS	BOA VIAGEM	""	""	COLISÃO LATERAL	1,0	1,0	0,0	0,0	0,0	0,0	0,0	0,0	0,0	1,0	0,0	""	""	""	""	""	""	""	""	""	""	""	""	""
420	202304408,0	2023-02-24T00:00:00	01:09:00	COM VÍTIMA	FINALIZADA	IMBIRIBEIRA	AV MARECHAL MASCARENHAS DE MORAES	""	""	LADO OPOSTO AO ARMAZÉM CORAL	IMBIRIBEIRA	287,0	""	COLISÃO TRASEIRA	1,0	1,0	0,0	0,0	0,0	0,0	0,0	0,0	0,0	1,0	0,0	""	""	""	""	""	""	""	""	""	""	""	""	""
421	202304410,0	2023-02-24T00:00:00	01:22:00	COM VÍTIMA	FINALIZADA	VÁRZEA	RUA PROFESSOR ANTONIO COELHO	""	""	NA ENTRADA DA ENTEGRAÇÃO DE CDU	VÁRZEA	""	""	COLISÃO FRONTAL	0,0	1,0	0,0	0,0	0,0	1,0	0,0	0,0	0,0	1,0	0,0	""	""	""	""	""	""	""	""	""	""	""	""	""
422	202304411,0	2023-02-24T00:00:00	01:55:00	COM VÍTIMA	FINALIZADA	IBURA	RUA RIO XINGU	313	""	PROX ASSEMBLEIA DE DEUS	IBURA	""	""	COLISÃO LATERAL	1,0	1,0	0,0	0,0	0,0	0,0	0,0	0,0	0,0	1,0	0,0	""	""	""	""	""	""	""	""	""	""	""	""	""
423	202304434,0	2023-02-24T00:00:00	04:12:00	COM VÍTIMA	FINALIZADA	BOA VIAGEM	AV DES JOSE NEVES	168	""	AO LADO DA LOJA FERREIRA PINTO	BOA VIAGEM	""	""	COLISÃO TRASEIRA	1,0	1,0	0,0	0,0	0,0	0,0	0,0	0,0	0,0	1,0	0,0	""	""	""	""	""	""	""	""	""	""	""	""	""
424	202304440,0	2023-02-24T00:00:00	04:52:00	SEM VÍTIMA	FINALIZADA	TORRE	RUA CONDE DE IRAJA	""	AV BEIRA RIO	SOB O SEMÁFORO 680	TORRE	680,0	SUBURBIO	COLISÃO TRANSVERSAL	0,0	1,0	0,0	0,0	0,0	0,0	0,0	1,0	0,0	0,0	0,0	""	""	""	""	""	""	""	""	""	""	""	""	""
425	202304442,0	2023-02-24T00:00:00	05:19:00	SEM VÍTIMA	FINALIZADA	SÃO JOSÉ	AV ENGENHEIRO JOSE ESTELITA	""	""	""	SÃO JOSÉ	""	""	COLISÃO TRASEIRA	2,0	0,0	0,0	0,0	0,0	0,0	0,0	0,0	0,0	0,0	0,0	""	""	""	""	""	""	""	""	""	""	""	""	""
426	202304478,0	2023-02-25T00:00:00	09:55:00	COM VÍTIMA	FINALIZADA	CAXANGÁ	RUA RIBEIRO PESSOA	125	""	EM FRENTE AO MOTEL TURQUESA, PROX A UPA	CAXANGÁ	""	""	COLISÃO LATERAL	1,0	1,0	0,0	0,0	0,0	0,0	0,0	0,0	0,0	1,0	0,0	""	""	""	""	""	""	""	""	""	""	""	""	""
427	202304492,0	2023-02-25T00:00:00	11:58:00	COM VÍTIMA	FINALIZADA	CAXANGÁ	AV JOAQUIM RIBEIRO	""	""	APÓS. À UNINASSAU / EM FRENTE À ÁGUA MINERAL CAXANGÁ	CAXANGÁ	""	""	COLISÃO LATERAL	1,0	1,0	0,0	0,0	0,0	0,0	0,0	0,0	0,0	1,0	0,0	""	""	""	""	""	""	""	""	""	""	""	""	""
428	202304495,0	2023-02-25T00:00:00	01:39:00	COM VÍTIMA	FINALIZADA	IMBIRIBEIRA	AV MARECHAL MASCARENHAS DE MORAES	""	""	EM FRENTE A FACULDADE UNIVERSO	IMBIRIBEIRA	""	""	COLISÃO TRASEIRA	0,0	2,0	0,0	0,0	0,0	0,0	0,0	0,0	0,0	1,0	0,0	""	""	""	""	""	""	""	""	""	""	""	""	""
429	202304498,0	2023-02-25T00:00:00	02:33:00	COM VÍTIMA	FINALIZADA	TAMARINEIRA	AV NORTE MIGUEL ARRAES DE ALENCAR	""	""	LADO OPOSTO AO SESC	TAMARINEIRA	""	CIDADE	COLISÃO FRONTAL	0,0	2,0	0,0	0,0	0,0	0,0	0,0	0,0	0,0	1,0	0,0	""	""	""	""	""	""	""	""	""	""	""	""	""
430	202304518,0	2023-02-25T00:00:00	07:16:00	SEM VÍTIMA	CANCELADA	ARRUDA	AV PROFESSOR JOSE DOS ANJOS	8	""	PRÓX. À ACADEMIA DA CIDADE, PERTO DO BAR DO BIGODE.	ARRUDA	""	""	COLISÃO TRANSVERSAL	2,0	0,0	0,0	0,0	0,0	0,0	0,0	0,0	0,0	0,0	0,0	""	""	""	""	""	""	""	""	""	""	""	""	""
431	202304522,0	2023-02-25T00:00:00	09:01:00	COM VÍTIMA	FINALIZADA	CAJUEIRO	AV SEBASTIAO SALAZAR	410	""	PRÓX. À IGREJA CATÓLICA DE CAJUEIRO	CAJUEIRO	""	""	COLISÃO FRONTAL	1,0	1,0	0,0	0,0	0,0	0,0	0,0	0,0	0,0	1,0	0,0	""	""	""	""	""	""	""	""	""	""	""	""	""
432	202304523,0	2023-02-25T00:00:00	10:04:00	COM VÍTIMA	FINALIZADA	CAMPO GRANDE	RUA ODORICO MENDES	""	""	EM FRENTE A GALERIA CAZÉ	CAMPO GRANDE	""	SUBURBIO	COLISÃO TRANSVERSAL	0,0	2,0	0,0	0,0	0,0	0,0	0,0	0,0	0,0	1,0	0,0	""	""	""	""	""	""	""	""	""	""	""	""	""
433	202304525,0	2023-02-25T00:00:00	11:24:00	SEM VÍTIMA	CANCELADA	NOVA DESCOBERTA	RUA NOVA DESCOBERTA	1309	""	PRÓXIMO A ENTRADA DO CORREGO DO EUCALIPTO	NOVA DESCOBERTA	""	""	COLISÃO LATERAL	2,0	1,0	0,0	0,0	0,0	0,0	0,0	0,0	0,0	0,0	0,0	""	""	""	""	""	""	""	""	""	""	""	""	""
434	202304560,0	2023-02-26T00:00:00	11:12:00	COM VÍTIMA	FINALIZADA	IPSEP	RUA PINTOR ANTONIO ALBUQUERQUE	81	""	PROX. AO POSTO SHELL DA AV. RECIFE	IPSEP	""	""	COLISÃO LATERAL	1,0	1,0	0,0	0,0	0,0	0,0	0,0	0,0	0,0	1,0	0,0	""	""	""	""	""	""	""	""	""	""	""	""	""
435	202304571,0	2023-02-26T00:00:00	02:13:00	COM VÍTIMA	FINALIZADA	GRAÇAS	AV BEIRA RIO	""	RUA CONDE DE IRAJA	NA DESCIDA DA PONTE DA TORRE	GRAÇAS	""	""	COLISÃO FRONTAL	2,0	0,0	0,0	0,0	0,0	0,0	0,0	0,0	0,0	4,0	0,0	""	""	""	""	""	""	""	""	""	""	""	""	""
436	202304592,0	2023-02-27T00:00:00	07:39:00	COM VÍTIMA	FINALIZADA	AREIAS	AV DR JOSE RUFINO	1807	""	EM FRENTE A CRECHE MUNICIPAL TANCREDO NEVES E AO CONDOMINIO MORADA DO BARRO	AREIAS	""	""	COLISÃO FRONTAL	4,0	1,0	0,0	0,0	0,0	0,0	1,0	0,0	0,0	1,0	0,0	""	""	""	""	""	""	""	""	""	""	""	""	""
437	202304595,0	2023-02-27T00:00:00	08:31:00	COM VÍTIMA	CANCELADA	AFOGADOS	RUA SAO MIGUEL	28	""	PROX. A MATERNIDADE BANDEIRA FILHO	AFOGADOS	""	""	COLISÃO LATERAL	1,0	1,0	0,0	0,0	0,0	0,0	0,0	0,0	0,0	1,0	0,0	""	""	""	""	""	""	""	""	""	""	""	""	""
438	202304598,0	2023-02-27T00:00:00	08:41:00	SEM VÍTIMA	FINALIZADA	CASA AMARELA	RUA BELA VISTA	58	""	PRÓXIMO AO REI DA PICANHA	CASA AMARELA	""	SUBURBIO	COLISÃO TRANSVERSAL	1,0	0,0	0,0	0,0	0,0	0,0	1,0	0,0	0,0	0,0	0,0	""	""	""	""	""	""	""	""	""	""	""	""	""
439	202304600,0	2023-02-27T00:00:00	08:49:00	SEM VÍTIMA	FINALIZADA	SÃO JOSÉ	AV ENGENHEIRO JOSE ESTELITA	""	""	""	SÃO JOSÉ	""	SUBURBIO	COLISÃO TRASEIRA	1,0	0,0	0,0	0,0	0,0	0,0	0,0	0,0	0,0	0,0	0,0	""	""	""	""	""	""	""	""	""	""	""	""	""
440	202304601,0	2023-02-27T00:00:00	08:53:00	SEM VÍTIMA	FINALIZADA	SANTO AMARO	AV CRUZ CABUGA	""	""	LADO OPOSTO AO Nº 304	SANTO AMARO	""	CIDADE	COLISÃO TRANSVERSAL	1,0	1,0	0,0	0,0	0,0	0,0	0,0	0,0	0,0	0,0	0,0	""	""	""	""	""	""	""	""	""	""	""	""	""
441	202304612,0	2023-02-27T00:00:00	10:56:00	SEM VÍTIMA	FINALIZADA	TORRE	RUA JOSE OSORIO	""	RUA JOAQUIM NABUCO	EM CIMA DA PONTE DA CAPUNGA	TORRE	""	""	COLISÃO TRASEIRA	3,0	0,0	0,0	0,0	0,0	0,0	0,0	0,0	0,0	0,0	0,0	""	""	""	""	""	""	""	""	""	""	""	""	""
442	202304619,0	2023-02-27T00:00:00	01:52:00	COM VÍTIMA	FINALIZADA	JARDIM SÃO PAULO	AV SAO PAULO	149	""	BRAGA BURGUE	JARDIM SÃO PAULO	""	""	COLISÃO LATERAL	1,0	1,0	0,0	0,0	0,0	0,0	0,0	0,0	0,0	1,0	0,0	""	""	""	""	""	""	""	""	""	""	""	""	""
443	202304623,0	2023-02-27T00:00:00	02:16:00	COM VÍTIMA	CANCELADA	DOIS UNIDOS	AV HILDEBRANDO DE VASCONCELOS	""	""	PROXIMO A SUBESTAÇÃO DA CELPE E AO ANTIGO CT DO SANTA CRUZ	DOIS UNIDOS	""	SUBURBIO	COLISÃO LATERAL	0,0	2,0	0,0	0,0	0,0	0,0	0,0	0,0	0,0	1,0	0,0	""	""	""	""	""	""	""	""	""	""	""	""	""
444	202304628,0	2023-02-27T00:00:00	03:57:00	SEM VÍTIMA	FINALIZADA	GRAÇAS	AV RUI BARBOSA	218	""	PRAÇA DO ENTROCAMENTO	GRAÇAS	""	""	COLISÃO LATERAL	1,0	0,0	0,0	0,0	0,0	1,0	0,0	0,0	0,0	0,0	0,0	""	""	""	""	""	""	""	""	""	""	""	""	""
445	202304630,0	2023-02-27T00:00:00	04:21:00	COM VÍTIMA	FINALIZADA	IMBIRIBEIRA	RUA ITAJAI	525	""	POR TRAS DO BANCO DO BRASIL	IMBIRIBEIRA	""	""	COLISÃO LATERAL	1,0	1,0	0,0	0,0	0,0	0,0	0,0	0,0	0,0	2,0	0,0	""	""	""	""	""	""	""	""	""	""	""	""	""
446	202304633,0	2023-02-27T00:00:00	05:18:00	COM VÍTIMA	FINALIZADA	IMBIRIBEIRA	AV MARECHAL MASCARENHAS DE MORAES	5109	""	EM FRENTE A LOJA DM PEÇAS E SERVIÇOS	IMBIRIBEIRA	""	""	COLISÃO TRASEIRA	1,0	1,0	0,0	0,0	0,0	1,0	0,0	0,0	0,0	1,0	0,0	""	""	""	""	""	""	""	""	""	""	""	""	""
447	202304636,0	2023-02-27T00:00:00	05:36:00	COM VÍTIMA	FINALIZADA	ENCRUZILHADA	AV NORTE MIGUEL ARRAES DE ALENCAR	""	""	EM FRENTE A RENAULT	ENCRUZILHADA	""	""	COLISÃO TRASEIRA	1,0	1,0	0,0	0,0	0,0	0,0	0,0	0,0	0,0	1,0	0,0	""	""	""	""	""	""	""	""	""	""	""	""	""
448	202304638,0	2023-02-27T00:00:00	05:53:00	COM VÍTIMA	FINALIZADA	PINA	AV ANTONIO DE GOES	""	RUA MANOEL DE BRITO	COM A RUA MANOEL DE BRITO NA SAÍDA DO TÚNEL JOSUÉ DE CASTRO, PISTA DA DIREITA.	PINA	""	""	COLISÃO LATERAL	1,0	1,0	0,0	0,0	0,0	0,0	0,0	0,0	0,0	1,0	0,0	""	""	""	""	""	""	""	""	""	""	""	""	""
449	202304645,0	2023-02-27T00:00:00	06:48:00	SEM VÍTIMA	CANCELADA	ARRUDA	RUA COUTO MAGALHAES	""	""	COLEGIO AO FAZER CRESCER	ARRUDA	""	""	COLISÃO FRONTAL	2,0	0,0	0,0	0,0	0,0	0,0	0,0	0,0	0,0	0,0	0,0	""	""	""	""	""	""	""	""	""	""	""	""	""
450	202304651,0	2023-02-27T00:00:00	07:53:00	COM VÍTIMA	CANCELADA	SANTO AMARO	AV NORTE MIGUEL ARRAES DE ALENCAR	""	""	OPOSTO À CHEVROLET, PRÓX. À PRAÇA DA PICANHA	SANTO AMARO	""	""	ATROPELAMENTO DE PESSOA	0,0	0,0	0,0	0,0	2,0	1,0	0,0	0,0	0,0	2,0	0,0	""	""	""	""	""	""	""	""	""	""	""	""	""
451	202304655,0	2023-02-27T00:00:00	08:24:00	SEM VÍTIMA	FINALIZADA	SANTO ANTÔNIO	AV DANTAS BARRETO	940	""	COMERCIAL ROQUE	SANTO ANTÔNIO	""	SUBURBIO	COLISÃO LATERAL	0,0	0,0	0,0	0,0	0,0	1,0	0,0	1,0	0,0	0,0	0,0	""	""	""	""	""	""	""	""	""	""	""	""	""
452	202304659,0	2023-02-27T00:00:00	10:32:00	COM VÍTIMA	FINALIZADA	GRAÇAS	RUA CARDEAL ARCOVERDE	260	""	PRÓX. AO RESTAURANTE ILHA DA COSTA	GRAÇAS	""	""	COLISÃO TRASEIRA	2,0	0,0	0,0	0,0	0,0	0,0	0,0	0,0	0,0	1,0	0,0	""	""	""	""	""	""	""	""	""	""	""	""	""
453	202304672,0	2023-02-28T00:00:00	08:07:00	COM VÍTIMA	FINALIZADA	SANTO ANTÔNIO	PRC DA REPUBLICA	""	""	AO LADO DO TEATRO SANTA IZABEL	SANTO ANTÔNIO	""	""	COLISÃO COM CICLISTA	1,0	0,0	0,0	1,0	0,0	0,0	0,0	0,0	0,0	1,0	0,0	""	""	""	""	""	""	""	""	""	""	""	""	""
454	202304683,0	2023-02-28T00:00:00	10:11:00	COM VÍTIMA	FINALIZADA	ESPINHEIRO	RUA BARAO DE ITAMARACA	160	""	AO LADO DA HAPICLÍNICA BARÃO DE ITAMARACÁ	ESPINHEIRO	""	CIDADE	ATROPELAMENTO DE PESSOA	0,0	1,0	0,0	0,0	1,0	0,0	0,0	0,0	0,0	2,0	0,0	""	""	""	""	""	""	""	""	""	""	""	""	""
455	202304689,0	2023-02-28T00:00:00	11:19:00	SEM VÍTIMA	FINALIZADA	IMBIRIBEIRA	AV MARECHAL MASCARENHAS DE MORAES	1968	""	ESQUINA COM A JACAUNA MÓVEIS	IMBIRIBEIRA	""	SUBURBIO	COLISÃO TRANSVERSAL	1,0	0,0	0,0	0,0	0,0	0,0	0,0	1,0	0,0	0,0	0,0	""	""	""	""	""	""	""	""	""	""	""	""	""
456	202304700,0	2023-02-28T00:00:00	01:56:00	COM VÍTIMA	FINALIZADA	IMBIRIBEIRA	AV MARECHAL MASCARENHAS DE MORAES	6369	""	PROX A ENTREDA A JORDÃO / EM FRENTE A LOJA FERRO MAIS	IMBIRIBEIRA	""	CIDADE	COLISÃO TRASEIRA	1,0	1,0	0,0	0,0	0,0	0,0	0,0	0,0	0,0	1,0	0,0	""	""	""	""	""	""	""	""	""	""	""	""	""
457	202304709,0	2023-02-28T00:00:00	03:20:00	COM VÍTIMA	FINALIZADA	SANTO AMARO	AV CRUZ CABUGA	""	""	""	SANTO AMARO	""	CIDADE	COLISÃO COM CICLISTA	1,0	0,0	0,0	1,0	0,0	0,0	0,0	0,0	0,0	1,0	0,0	""	""	""	""	""	""	""	""	""	""	""	""	""
458	202304710,0	2023-02-28T00:00:00	04:16:00	SEM VÍTIMA	FINALIZADA	BOA VISTA	RUA JOAO FERNANDES VIEIRA	769	""	EM FRENTE AO VERD FRUT	BOA VISTA	173,0	SUBURBIO	""	1,0	0,0	0,0	0,0	0,0	0,0	1,0	0,0	0,0	0,0	0,0	""	""	""	""	""	""	""	""	""	""	""	""	""
459	202304715,0	2023-02-28T00:00:00	05:53:00	COM VÍTIMA	FINALIZADA	BEBERIBE	AV BEBERIBE	2497	""	EM FRENTE AO BUTECO PARRILLA	BEBERIBE	""	SUBURBIO	COLISÃO LATERAL	1,0	1,0	0,0	0,0	0,0	0,0	0,0	0,0	0,0	1,0	0,0	""	""	""	""	""	""	""	""	""	""	""	""	""
460	202304719,0	2023-02-28T00:00:00	07:15:00	COM VÍTIMA	FINALIZADA	IMBIRIBEIRA	AV MARECHAL MASCARENHAS DE MORAES	""	AV GENERAL MAC ARTHUR	EM FRENTE AO BANCO ITAÚ	IMBIRIBEIRA	225,0	""	COLISÃO LATERAL	0,0	1,0	0,0	0,0	0,0	0,0	1,0	0,0	0,0	2,0	0,0	""	""	""	""	""	""	""	""	""	""	""	""	""
461	202304724,0	2023-02-28T00:00:00	10:59:00	COM VÍTIMA	FINALIZADA	BOA VIAGEM	RUA BARAO DE SOUZA LEAO	""	""	PRACINHA DE BOA VIAGEM	BOA VIAGEM	""	""	COLISÃO FRONTAL	0,0	2,0	0,0	0,0	0,0	0,0	0,0	0,0	0,0	2,0	0,0	""	""	""	""	""	""	""	""	""	""	""	""	""
462	202304725,0	2023-03-01T00:00:00	01:34:00	COM VÍTIMA	FINALIZADA	TORRE	RUA JOSE BONIFACIO	""	""	PRÓXIMO AO CARREFOUR	TORRE	487,0	SUBURBIO	COLISÃO FRONTAL	0,0	0,0	0,0	0,0	0,0	0,0	0,0	0,0	0,0	1,0	0,0	""	""	""	""	""	""	""	""	""	""	""	""	""
463	202304726,0	2023-03-01T00:00:00	01:58:00	SEM VÍTIMA	FINALIZADA	BOA VIAGEM	RUA RIBEIRO DE BRITO	972	RUA DOS NAVEGANTES	AO LADO DO Nº 972	BOA VIAGEM	""	""	""	1,0	0,0	0,0	0,0	0,0	0,0	0,0	1,0	0,0	0,0	0,0	""	""	""	""	""	""	""	""	""	""	""	""	""
464	202304743,0	2023-03-01T00:00:00	09:38:00	COM VÍTIMA	FINALIZADA	IMBIRIBEIRA	RUA JOAQUIM BANDEIRA	""	RUA JACI	PROX A LOJA MITSUBISHI	IMBIRIBEIRA	""	""	COLISÃO LATERAL	1,0	1,0	0,0	0,0	0,0	0,0	0,0	0,0	0,0	1,0	0,0	""	""	""	""	""	""	""	""	""	""	""	""	""
465	202304761,0	2023-03-01T00:00:00	12:27:00	COM VÍTIMA	FINALIZADA	SANTO AMARO	AV MARIO MELO	""	""	AO LADO RM EXPRESS	SANTO AMARO	""	""	COLISÃO TRASEIRA	1,0	1,0	0,0	0,0	0,0	0,0	0,0	0,0	0,0	1,0	0,0	""	""	""	""	""	""	""	""	""	""	""	""	""
466	202304770,0	2023-03-01T00:00:00	01:35:00	SEM VÍTIMA	FINALIZADA	SANTO AMARO	RUA ALVARES DE AZEVEDO	153	RUA GOUVEIA DE BARROS	CENTRO EDUCACIONAL ULISSES PERNAMBUCANO	SANTO AMARO	93,0	CIDADE	""	2,0	0,0	0,0	0,0	0,0	0,0	0,0	0,0	0,0	0,0	0,0	""	""	""	""	""	""	""	""	""	""	""	""	""
467	202304781,0	2023-03-01T00:00:00	04:46:00	COM VÍTIMA	FINALIZADA	BOA VIAGEM	RUA COSMORAMA	25	""	PROX A GARAGEM DA BORBOREMA	BOA VIAGEM	""	""	COLISÃO COM CICLISTA	0,0	0,0	0,0	1,0	0,0	1,0	0,0	0,0	0,0	1,0	0,0	""	""	""	""	""	""	""	""	""	""	""	""	""
468	202304784,0	2023-03-01T00:00:00	05:19:00	COM VÍTIMA	FINALIZADA	ILHA DO LEITE	RUA FRANCISCO ALVES	""	""	EM FRENTE AO HOPE	ILHA DO LEITE	""	""	COLISÃO LATERAL	1,0	1,0	0,0	0,0	0,0	0,0	0,0	0,0	0,0	1,0	0,0	""	""	""	""	""	""	""	""	""	""	""	""	""
469	202304801,0	2023-03-01T00:00:00	08:51:00	COM VÍTIMA	CANCELADA	ESTÂNCIA	AV RECIFE	""	""	PRÓX. AO HOTEL ESTORIL	ESTÂNCIA	""	""	COLISÃO TRANSVERSAL	1,0	1,0	0,0	0,0	0,0	0,0	0,0	0,0	0,0	1,0	0,0	""	""	""	""	""	""	""	""	""	""	""	""	""
470	202304806,0	2023-03-01T00:00:00	11:27:00	COM VÍTIMA	FINALIZADA	JARDIM SÃO PAULO	AV SAO PAULO	338	""	PRÓX. AO MERCADINHO RENDE MAIS	JARDIM SÃO PAULO	""	""	COLISÃO TRANSVERSAL	0,0	1,0	0,0	0,0	0,0	0,0	1,0	0,0	0,0	1,0	0,0	""	""	""	""	""	""	""	""	""	""	""	""	""
471	202304813,0	2023-03-02T00:00:00	06:45:00	COM VÍTIMA	FINALIZADA	JAQUEIRA	AV RUI BARBOSA	""	RUA MUNIZ TAVARES	PROX. AO HOSPITAL MARIA LUCINDA	JAQUEIRA	460,0	""	COLISÃO COM CICLISTA	1,0	0,0	0,0	1,0	0,0	0,0	0,0	0,0	0,0	1,0	0,0	""	""	""	""	""	""	""	""	""	""	""	""	""
472	202304831,0	2023-03-02T00:00:00	08:34:00	COM VÍTIMA	FINALIZADA	COHAB	AV SERRA DA MANTIQUEIRA	150	""	APÓS A ASSEMBLEIA DE DEUS / PRÓX. AO SOCIETY PERNA DE PAU	COHAB	""	""	COLISÃO FRONTAL	0,0	1,0	0,0	0,0	0,0	1,0	0,0	0,0	0,0	1,0	0,0	""	""	""	""	""	""	""	""	""	""	""	""	""
473	202304832,0	2023-03-02T00:00:00	08:54:00	COM VÍTIMA	FINALIZADA	BOA VIAGEM	AV ENGENHEIRO DOMINGOS FERREIRA	""	""	POSTO IPIRANGA / RECIFE TRADE CENTER	BOA VIAGEM	""	""	COLISÃO TRASEIRA	1,0	1,0	0,0	0,0	0,0	0,0	0,0	0,0	0,0	1,0	0,0	""	""	""	""	""	""	""	""	""	""	""	""	""
474	202304842,0	2023-03-02T00:00:00	10:07:00	COM VÍTIMA	FINALIZADA	BAIRRO DO RECIFE	RUA DO BOM JESUS	""	""	COOPERATIVA ALIANÇA	BAIRRO DO RECIFE	""	""	TOMBAMENTO	0,0	1,0	0,0	0,0	0,0	0,0	0,0	0,0	0,0	1,0	0,0	""	""	""	""	""	""	""	""	""	""	""	""	""
475	202304845,0	2023-03-02T00:00:00	10:26:00	COM VÍTIMA	FINALIZADA	DOIS UNIDOS	AV HILDEBRANDO DE VASCONCELOS	662	""	PRÓX. À TOP FITNESS ACADEMIA	DOIS UNIDOS	""	""	COLISÃO FRONTAL	1,0	1,0	0,0	0,0	0,0	0,0	0,0	0,0	0,0	2,0	0,0	""	""	""	""	""	""	""	""	""	""	""	""	""
476	202304846,0	2023-03-02T00:00:00	10:47:00	SEM VÍTIMA	FINALIZADA	VASCO DA GAMA	RUA ALTO DO EUCALIPTO	267	RUA VASCO DA GAMA	PRÓX A BARRACA DE SEU AUCIDES E AO SUPERMERCADO RENDE MAIS.	VASCO DA GAMA	""	""	COLISÃO LATERAL	1,0	0,0	0,0	0,0	0,0	0,0	1,0	0,0	0,0	0,0	0,0	""	""	""	""	""	""	""	""	""	""	""	""	""
477	202304852,0	2023-03-02T00:00:00	11:47:00	SEM VÍTIMA	FINALIZADA	ESTÂNCIA	AV RECIFE	5630	AV JOAO CABRAL DE MELO NETO	EM FRENTE AO CERPE	ESTÂNCIA	259,0	CIDADE	COLISÃO TRASEIRA	2,0	0,0	0,0	0,0	0,0	0,0	0,0	0,0	0,0	0,0	0,0	""	""	""	""	""	""	""	""	""	""	""	""	""
478	202304861,0	2023-03-02T00:00:00	03:43:00	COM VÍTIMA	FINALIZADA	DERBY	AV GOVERNADOR AGAMENON MAGALHAES	""	RUA JOAQUIM NABUCO	AO LADO DO HOSPITAL RESTAURAÇÃO	DERBY	""	""	ATROPELAMENTO DE PESSOA	0,0	1,0	0,0	0,0	1,0	0,0	0,0	0,0	0,0	1,0	0,0	""	""	""	""	""	""	""	""	""	""	""	""	""
479	202304862,0	2023-03-02T00:00:00	02:10:00	SEM VÍTIMA	FINALIZADA	BOA VIAGEM	AV CONSELHEIRO AGUIAR	2832	""	EM FRENTE A BIO MUNDO PRODUSTOS NATURAIS	BOA VIAGEM	""	""	COLISÃO TRASEIRA	2,0	0,0	0,0	0,0	0,0	0,0	0,0	0,0	0,0	0,0	0,0	""	""	""	""	""	""	""	""	""	""	""	""	""
480	202304863,0	2023-03-02T00:00:00	02:20:00	COM VÍTIMA	FINALIZADA	BOA VIAGEM	RUA SA E SOUZA	154	""	ENFRENTE A DROGASIL	BOA VIAGEM	""	""	COLISÃO LATERAL	1,0	1,0	0,0	0,0	0,0	0,0	0,0	0,0	0,0	1,0	0,0	""	""	""	""	""	""	""	""	""	""	""	""	""
481	202304885,0	2023-03-02T00:00:00	09:41:00	SEM VÍTIMA	FINALIZADA	SAN MARTIN	AV GENERAL SAN MARTIN	""	""	EM FRENTE AO QUARTEL DO REGIMENTO DE CAVALARIA DIAS CARDOSO	SAN MARTIN	""	""	CHOQUE	0,0	0,0	0,0	0,0	0,0	0,0	2,0	0,0	0,0	0,0	0,0	""	""	""	""	""	""	""	""	""	""	""	""	""
482	202304886,0	2023-03-02T00:00:00	11:34:00	COM VÍTIMA	FINALIZADA	SANTO AMARO	AV DR JAYME DA FONTE	320	""	EM FRENTE A ASSEMBLÉIA DE DEUS	SANTO AMARO	""	""	ATROPELAMENTO DE PESSOA	0,0	1,0	0,0	0,0	1,0	0,0	0,0	0,0	0,0	1,0	0,0	""	""	""	""	""	""	""	""	""	""	""	""	""
483	202304887,0	2023-03-03T00:00:00	03:22:00	COM VÍTIMA	FINALIZADA	GRAÇAS	AV GOVERNADOR AGAMENON MAGALHAES	""	RUA DR BANDEIRA FILHO	MC DONALDS	GRAÇAS	""	""	COLISÃO TRANSVERSAL	1,0	1,0	0,0	0,0	0,0	0,0	0,0	0,0	0,0	1,0	0,0	""	""	""	""	""	""	""	""	""	""	""	""	""
484	202304894,0	2023-03-03T00:00:00	07:11:00	COM VÍTIMA	FINALIZADA	DOIS IRMÃOS	RUA MANUEL DE MEDEIROS	S/N	""	EM FRENTE A UFRPE E A COMPESA	DOIS IRMÃOS	""	""	COLISÃO LATERAL	1,0	1,0	0,0	0,0	0,0	0,0	0,0	0,0	0,0	2,0	0,0	""	""	""	""	""	""	""	""	""	""	""	""	""
485	202304899,0	2023-03-03T00:00:00	07:49:00	COM VÍTIMA	FINALIZADA	JARDIM SÃO PAULO	RUA LEANDRO BARRETO	735	""	ANTIGA ESCOLA MONTE LIBANO	JARDIM SÃO PAULO	""	""	COLISÃO LATERAL	1,0	1,0	0,0	0,0	0,0	0,0	0,0	0,0	0,0	1,0	0,0	""	""	""	""	""	""	""	""	""	""	""	""	""