_id	Protocolo	data	hora	natureza	situacao	bairro	endereco	numero	detalhe_endereco_acidente	complemento	bairro_cruzamento	num_semaforo	sentido_via	tipo	auto	moto	ciclom	ciclista	pedestre	onibus	caminhao	viatura	outros	vitimas	vitimasfatais	acidente_verificado	tempo_clima	situacao_semaforo	sinalizacao	condicao_via	conservacao_via	ponto_controle	situacao_placa	velocidade_max_via	mao_direcao	divisao_via1	divisao_via2	divisao_via3
556	202305777,0	2023-03-14T00:00:00	08:33:00	COM VÍTIMA	FINALIZADA	AFOGADOS	RUA NICOLAU PEREIRA	""	RUA DA PAZ	PRÓX. À SUCATA DO AZULEJO	AFOGADOS	""	""	COLISÃO LATERAL	1,0	1,0	0,0	0,0	0,0	0,0	0,0	0,0	0,0	1,0	0,0	""	""	""	""	""	""	""	""	""	""	""	""	""
557	202305782,0	2023-03-14T00:00:00	09:01:00	COM VÍTIMA	FINALIZADA	IMBIRIBEIRA	RUA ARQUITETO LUIZ NUNES	99	""	NO FINAL DA PONTE GILBERTO FREIRES	IMBIRIBEIRA	""	CIDADE	QUEDA	0,0	0,0	0,0	1,0	0,0	0,0	0,0	0,0	0,0	1,0	0,0	""	""	""	""	""	""	""	""	""	""	""	""	""
558	202305794,0	2023-03-14T00:00:00	10:50:00	COM VÍTIMA	FINALIZADA	PINA	AV CONSELHEIRO AGUIAR	914	""	HOTEL MALIBU	PINA	""	CIDADE	COLISÃO LATERAL	1,0	1,0	0,0	0,0	0,0	0,0	0,0	0,0	0,0	1,0	0,0	""	""	""	""	""	""	""	""	""	""	""	""	""
559	202305812,0	2023-03-14T00:00:00	12:49:00	COM VÍTIMA	FINALIZADA	FUNDÃO	AV BEBERIBE	2406	RUA SAO JOAQUIM DO MONTE	EM FRENTE AO PRESSÃO MIX BAR	FUNDÃO	153,0	SUBURBIO	COLISÃO LATERAL	1,0	1,0	0,0	0,0	0,0	0,0	0,0	0,0	0,0	1,0	0,0	""	""	""	""	""	""	""	""	""	""	""	""	""
560	202305820,0	2023-03-14T00:00:00	01:59:00	COM VÍTIMA	CANCELADA	CASA AMARELA	RUA DA HARMONIA	584	""	PROX A ESCOLA VILA SÉZAMO	CASA AMARELA	""	""	COLISÃO COM CICLISTA	1,0	0,0	0,0	1,0	0,0	0,0	0,0	0,0	0,0	1,0	0,0	""	""	""	""	""	""	""	""	""	""	""	""	""
561	202305822,0	2023-03-14T00:00:00	02:19:00	SEM VÍTIMA	FINALIZADA	SANTO AMARO	AV NORTE MIGUEL ARRAES DE ALENCAR	767	AV CRUZ CABUGA	AV.  CRUZ CABUGÁ	SANTO AMARO	34,0	CIDADE	COLISÃO TRASEIRA	2,0	0,0	0,0	0,0	0,0	0,0	0,0	0,0	0,0	0,0	0,0	""	""	""	""	""	""	""	""	""	""	""	""	""
562	202305823,0	2023-03-14T00:00:00	02:28:00	COM VÍTIMA	FINALIZADA	SÃO JOSÉ	RUA SAO JOAO	""	RUA VIDAL DE NEGREIROS	EM FRENTE A PRAÇA DAS CINCO PONTAS	SÃO JOSÉ	""	CIDADE	COLISÃO LATERAL	1,0	1,0	0,0	0,0	0,0	0,0	0,0	0,0	0,0	1,0	0,0	""	""	""	""	""	""	""	""	""	""	""	""	""
563	202305834,0	2023-03-14T00:00:00	04:45:00	SEM VÍTIMA	FINALIZADA	IMBIRIBEIRA	RUA DR TAVARES CORREIA	86	RUA JOAQUIM PESSOA	PRÓXIMO À MARCOPOLO	IMBIRIBEIRA	""	SUBURBIO	""	2,0	0,0	0,0	0,0	0,0	0,0	0,0	0,0	0,0	0,0	0,0	""	""	""	""	""	""	""	""	""	""	""	""	""
564	202305838,0	2023-03-14T00:00:00	05:20:00	COM VÍTIMA	FINALIZADA	SÃO JOSÉ	C SANTA RITA	""	""	SOB O SEMÁFORO 076	SÃO JOSÉ	76,0	""	COLISÃO LATERAL	1,0	1,0	0,0	0,0	0,0	0,0	0,0	0,0	0,0	1,0	0,0	""	""	""	""	""	""	""	""	""	""	""	""	""
565	202305843,0	2023-03-14T00:00:00	07:23:00	COM VÍTIMA	FINALIZADA	ENCRUZILHADA	AV BEBERIBE	484	RUA PROFESSOR JERONIMO GUEIROS	EM FRENTE AO BANCO DO BRASIL	ENCRUZILHADA	""	SUBURBIO	COLISÃO FRONTAL	1,0	1,0	0,0	0,0	0,0	0,0	0,0	0,0	0,0	1,0	0,0	""	""	""	""	""	""	""	""	""	""	""	""	""
566	202305847,0	2023-03-14T00:00:00	09:09:00	SEM VÍTIMA	FINALIZADA	ARRUDA	AV BEBERIBE	""	""	EM FRENTE AO 433	ARRUDA	""	SUBURBIO	COLISÃO TRASEIRA	1,0	1,0	0,0	0,0	0,0	0,0	0,0	0,0	0,0	0,0	0,0	""	""	""	""	""	""	""	""	""	""	""	""	""
567	202305849,0	2023-03-15T00:00:00	04:21:00	SEM VÍTIMA	FINALIZADA	ENGENHO DO MEIO	RUA LINDOLFO COLOR	293	RUA ANTONIO CURADO	""	ENGENHO DO MEIO	395,0	SUBURBIO	CHOQUE	1,0	0,0	0,0	0,0	0,0	0,0	0,0	0,0	0,0	0,0	0,0	""	""	""	""	""	""	""	""	""	""	""	""	""
568	202305863,0	2023-03-15T00:00:00	07:59:00	COM VÍTIMA	FINALIZADA	IMBIRIBEIRA	AV MARECHAL MASCARENHAS DE MORAES	1801	""	EM FRENTE A HONDA	IMBIRIBEIRA	""	CIDADE	QUEDA	0,0	1,0	0,0	0,0	0,0	0,0	0,0	0,0	0,0	1,0	0,0	""	""	""	""	""	""	""	""	""	""	""	""	""
569	202305880,0	2023-03-15T00:00:00	10:16:00	COM VÍTIMA	FINALIZADA	CASA AMARELA	AV NORTE MIGUEL ARRAES DE ALENCAR	""	""	AV PROF JOSÉ DOS ANJOS	CASA AMARELA	364,0	""	QUEDA	0,0	1,0	0,0	0,0	0,0	0,0	0,0	0,0	0,0	1,0	0,0	""	""	""	""	""	""	""	""	""	""	""	""	""
570	202305883,0	2023-03-09T00:00:00	09:37:00	COM VÍTIMA	FINALIZADA	IPSEP	RUA SAO NICOLAU	""	RUA ABDIAS CABRAL DE MOURA	CRUZAMANTO	IPSEP	""	""	COLISÃO COM CICLISTA	1,0	0,0	0,0	1,0	0,0	0,0	0,0	0,0	0,0	1,0	0,0	""	""	""	""	""	""	""	""	""	""	""	""	""
571	202305889,0	2023-03-15T00:00:00	11:26:00	COM VÍTIMA	FINALIZADA	ENCRUZILHADA	AV BEBERIBE	""	RUA DA CORAGEM	NO SEMAFORO 186	ENCRUZILHADA	""	""	COLISÃO FRONTAL	1,0	2,0	0,0	0,0	0,0	0,0	0,0	0,0	0,0	1,0	0,0	""	""	""	""	""	""	""	""	""	""	""	""	""
572	202305899,0	2023-03-15T00:00:00	01:41:00	COM VÍTIMA	FINALIZADA	SAN MARTIN	RUA VINTE E UM DE ABRIL	3010	RUA ARSENIO CALACA	PROX AO BPTRAN	SAN MARTIN	""	CIDADE	COLISÃO TRASEIRA	1,0	1,0	0,0	0,0	0,0	0,0	0,0	0,0	0,0	1,0	0,0	""	""	""	""	""	""	""	""	""	""	""	""	""
573	202305905,0	2023-03-15T00:00:00	03:10:00	COM VÍTIMA	FINALIZADA	BOMBA DO HEMETÉRIO	RUA ITABIRA	160	""	UPA EDUARDO CAMPOS	BOMBA DO HEMETÉRIO	""	""	COLISÃO LATERAL	1,0	1,0	0,0	0,0	0,0	0,0	0,0	0,0	0,0	1,0	0,0	""	""	""	""	""	""	""	""	""	""	""	""	""
574	202305915,0	2023-03-15T00:00:00	05:10:00	COM VÍTIMA	FINALIZADA	LINHA DO TIRO	RUA URIEL DE HOLANDA	938	""	PRÓXIMO AO CAMPO DO CAFÉ	LINHA DO TIRO	""	CIDADE	COLISÃO FRONTAL	1,0	1,0	0,0	0,0	0,0	0,0	0,0	1,0	0,0	1,0	0,0	""	""	""	""	""	""	""	""	""	""	""	""	""
575	202305930,0	2023-03-15T00:00:00	07:40:00	SEM VÍTIMA	CANCELADA	CIDADE UNIVERSITÁRIA	RUA EMILIANO BRAGA	""	""	COM A RUA CHAVES BATISTA	CIDADE UNIVERSITÁRIA	""	""	COLISÃO LATERAL	1,0	0,0	0,0	0,0	0,0	0,0	1,0	0,0	0,0	0,0	0,0	""	""	""	""	""	""	""	""	""	""	""	""	""
576	202305955,0	2023-03-16T00:00:00	08:52:00	COM VÍTIMA	FINALIZADA	IPSEP	AV RECIFE	3129	""	AO LADO DO MURO DO AEROPORTO / PROX AO SEMÁFORO 130	IPSEP	130,0	CIDADE	COLISÃO TRASEIRA	1,0	1,0	0,0	0,0	0,0	0,0	0,0	0,0	0,0	1,0	0,0	""	""	""	""	""	""	""	""	""	""	""	""	""
577	202305957,0	2023-03-16T00:00:00	09:02:00	SEM VÍTIMA	CANCELADA	TAMARINEIRA	RUA CONEGO BARATA	275	""	EM FRENTE A FERREIRA COSTA	TAMARINEIRA	""	""	COLISÃO TRASEIRA	2,0	0,0	0,0	0,0	0,0	0,0	0,0	0,0	0,0	0,0	0,0	""	""	""	""	""	""	""	""	""	""	""	""	""
578	202305967,0	2023-03-16T00:00:00	10:44:00	COM VÍTIMA	FINALIZADA	SÃO JOSÉ	VDO DAS CINCO PONTAS	""	""	SENT. CIDADE	SÃO JOSÉ	""	""	QUEDA	0,0	1,0	0,0	0,0	0,0	0,0	0,0	0,0	0,0	1,0	0,0	""	""	""	""	""	""	""	""	""	""	""	""	""
579	202305969,0	2023-03-16T00:00:00	10:45:00	COM VÍTIMA	FINALIZADA	FUNDÃO	RUA DO MACHADO	987A	""	PROX A MARCENARIA PINOS TUDO	FUNDÃO	""	""	COLISÃO LATERAL	1,0	0,0	0,0	0,0	0,0	0,0	0,0	0,0	0,0	1,0	0,0	""	""	""	""	""	""	""	""	""	""	""	""	""
580	202305972,0	2023-03-16T00:00:00	10:56:00	COM VÍTIMA	FINALIZADA	MACAXEIRA	AV NORTE MIGUEL ARRAES DE ALENCAR	33	""	VERIFICADO ÓLEO NA VIA NO SENTIDO CIDADE, CAUSANDO  RISCO DE ACIDENTE NO  LOCAL .  NECESSÁRIO PÓ DE SERRA. NA FRENTE DO PARQUE DA MACAXEIRA.	MACAXEIRA	296,0	CIDADE	TOMBAMENTO	0,0	1,0	0,0	0,0	0,0	0,0	0,0	0,0	0,0	1,0	0,0	""	""	""	""	""	""	""	""	""	""	""	""	""
581	202305974,0	2023-03-16T00:00:00	10:58:00	COM VÍTIMA	FINALIZADA	ILHA DO LEITE	AV GOVERNADOR AGAMENON MAGALHAES	""	""	EM FRENTE AO HOSPITAL PORTUGUES	ILHA DO LEITE	""	""	QUEDA	0,0	1,0	0,0	0,0	0,0	0,0	0,0	0,0	0,0	1,0	0,0	""	""	""	""	""	""	""	""	""	""	""	""	""
582	202305976,0	2023-03-16T00:00:00	11:14:00	COM VÍTIMA	FINALIZADA	IPUTINGA	AV MAURICIO DE NASSAU	164	""	PROX AO VIADUTO DA CAXANGA	IPUTINGA	""	""	COLISÃO LATERAL	1,0	1,0	0,0	0,0	0,0	0,0	0,0	0,0	0,0	1,0	0,0	""	""	""	""	""	""	""	""	""	""	""	""	""
583	202305987,0	2023-03-16T00:00:00	11:54:00	COM VÍTIMA	FINALIZADA	IMBIRIBEIRA	AV MARECHAL MASCARENHAS DE MORAES	""	""	NO SEMAFORO 396	IMBIRIBEIRA	396,0	SUBURBIO	COLISÃO TRASEIRA	1,0	1,0	0,0	0,0	0,0	0,0	0,0	0,0	0,0	1,0	0,0	""	""	""	""	""	""	""	""	""	""	""	""	""
584	202305993,0	2023-03-16T00:00:00	01:11:00	COM VÍTIMA	FINALIZADA	VÁRZEA	AV CAXANGA	4973	""	""	VÁRZEA	""	""	QUEDA	0,0	1,0	0,0	0,0	0,0	0,0	0,0	0,0	0,0	1,0	0,0	""	""	""	""	""	""	""	""	""	""	""	""	""
585	202305994,0	2023-03-16T00:00:00	01:11:00	COM VÍTIMA	FINALIZADA	VÁRZEA	AV CAXANGA	4973	""	""	VÁRZEA	""	""	QUEDA	0,0	1,0	0,0	0,0	0,0	0,0	0,0	0,0	0,0	1,0	0,0	""	""	""	""	""	""	""	""	""	""	""	""	""
586	202305997,0	2023-03-16T00:00:00	01:25:00	COM VÍTIMA	FINALIZADA	ESTÂNCIA	AV RECIFE	""	""	LADO OPOSTO AO ANTIGO MAKRO/ SENTIDO BR	ESTÂNCIA	621,0	""	COLISÃO TRASEIRA	2,0	1,0	0,0	0,0	0,0	0,0	0,0	0,0	0,0	1,0	0,0	""	""	""	""	""	""	""	""	""	""	""	""	""
587	202306002,0	2023-03-16T00:00:00	03:41:00	SEM VÍTIMA	CANCELADA	TORREÃO	RUA DJALMA FARIAS	265	""	ACADEMIA DA CIDADE	TORREÃO	""	""	COLISÃO LATERAL	1,0	0,0	0,0	0,0	0,0	0,0	0,0	1,0	0,0	0,0	0,0	""	""	""	""	""	""	""	""	""	""	""	""	""
588	202306006,0	2023-03-16T00:00:00	04:39:00	SEM VÍTIMA	FINALIZADA	SANTO AMARO	RUA DR CARLOS CHAGAS	112	RUA ALUISIO DE AZEVEDO	EM FRENTE AO COLÉGIO ÚNICO	SANTO AMARO	""	""	""	2,0	0,0	0,0	0,0	0,0	0,0	0,0	0,0	0,0	0,0	0,0	""	""	""	""	""	""	""	""	""	""	""	""	""
589	202306034,0	2023-03-17T00:00:00	08:30:00	COM VÍTIMA	FINALIZADA	CAMPO GRANDE	RUA DJALMA FARIAS	170	RUA PADRE MIGUELINHO	PROX. A IGREJA ASSEMBLEIA DE DEUS	CAMPO GRANDE	""	""	COLISÃO LATERAL	1,0	1,0	0,0	0,0	0,0	0,0	0,0	0,0	0,0	1,0	0,0	""	""	""	""	""	""	""	""	""	""	""	""	""
590	202306041,0	2023-03-17T00:00:00	09:26:00	COM VÍTIMA	FINALIZADA	IMBIRIBEIRA	AV MARECHAL MASCARENHAS DE MORAES	570	""	EM FRENTE AO ARMAZÉM CORAL	IMBIRIBEIRA	286,0	SUBURBIO	COLISÃO LATERAL	1,0	1,0	0,0	0,0	0,0	0,0	0,0	0,0	0,0	1,0	0,0	""	""	""	""	""	""	""	""	""	""	""	""	""
591	202306075,0	2023-03-17T00:00:00	02:28:00	COM VÍTIMA	FINALIZADA	AFLITOS	AV CONS ROSA E SILVA	""	""	AO LADO DA HABIB`S	AFLITOS	""	SUBURBIO	COLISÃO TRASEIRA	1,0	1,0	0,0	0,0	0,0	0,0	0,0	0,0	0,0	1,0	0,0	""	""	""	""	""	""	""	""	""	""	""	""	""
592	202306137,0	2023-03-18T00:00:00	11:41:00	COM VÍTIMA	FINALIZADA	PINA	RUA VERA CRUZ	1	RUA JEMIL ASFORA	EM FRENTE AO MERCADINHO BEIRA RIO	PINA	""	""	COLISÃO LATERAL	0,0	1,0	0,0	0,0	0,0	0,0	1,0	0,0	0,0	1,0	0,0	""	""	""	""	""	""	""	""	""	""	""	""	""
593	202306141,0	2023-03-18T00:00:00	12:46:00	COM VÍTIMA	FINALIZADA	SÃO JOSÉ	PRC DAS CINCO PONTAS	""	RUA SAO JOAO	AO LADO DO FORTE DAS CINCO PONTAS S/T  IMPERIAL  NO SEMAFORO 199	SÃO JOSÉ	199,0	SUBURBIO	COLISÃO FRONTAL	1,0	1,0	0,0	0,0	0,0	0,0	0,0	0,0	0,0	1,0	0,0	""	""	""	""	""	""	""	""	""	""	""	""	""
594	202306158,0	2023-03-18T00:00:00	04:11:00	SEM VÍTIMA	FINALIZADA	IMBIRIBEIRA	AV MARECHAL MASCARENHAS DE MORAES	2000	""	E/F ALUMI AÇO  S/T CID	IMBIRIBEIRA	""	""	COLISÃO TRASEIRA	2,0	0,0	0,0	0,0	0,0	0,0	0,0	0,0	0,0	0,0	0,0	""	""	""	""	""	""	""	""	""	""	""	""	""
595	202306162,0	2023-03-18T00:00:00	05:22:00	COM VÍTIMA	FINALIZADA	IPUTINGA	EST DO BARBALHO	1069	""	AO LADO DO DETRAN	IPUTINGA	""	""	COLISÃO TRASEIRA	1,0	1,0	0,0	0,0	0,0	0,0	0,0	0,0	0,0	1,0	0,0	""	""	""	""	""	""	""	""	""	""	""	""	""
596	202306174,0	2023-03-18T00:00:00	11:31:00	COM VÍTIMA	FINALIZADA	AREIAS	AV DR JOSE RUFINO	1228	""	AO LADO DO SENAI	AREIAS	""	CIDADE	COLISÃO TRASEIRA	1,0	1,0	0,0	0,0	0,0	0,0	0,0	0,0	0,0	1,0	0,0	""	""	""	""	""	""	""	""	""	""	""	""	""
597	202306178,0	2023-03-19T00:00:00	03:26:00	COM VÍTIMA	FINALIZADA	JIQUIÁ	RUA SAO MIGUEL	2035	""	POSTO PETROISA E POSTO IPIRANGA	JIQUIÁ	""	""	CHOQUE	1,0	0,0	0,0	0,0	0,0	1,0	0,0	0,0	0,0	1,0	0,0	""	""	""	""	""	""	""	""	""	""	""	""	""
598	202306189,0	2023-03-19T00:00:00	07:34:00	COM VÍTIMA	FINALIZADA	PRADO	AV ENGENHEIRO ABDIAS DE CARVALHO	1111	RUA SANTA EDWIRGES	EM FRENTE AO ENGEFRIO	PRADO	354,0	SUBURBIO	COLISÃO FRONTAL	1,0	1,0	0,0	0,0	0,0	0,0	0,0	0,0	0,0	1,0	0,0	""	""	""	""	""	""	""	""	""	""	""	""	""
599	202306212,0	2023-03-19T00:00:00	02:22:00	COM VÍTIMA	FINALIZADA	AREIAS	AV RECIFE	924	""	EM FRENTE À CHURRASCARIA PAJUÇARA	AREIAS	""	""	COLISÃO LATERAL	1,0	1,0	0,0	0,0	0,0	0,0	0,0	0,0	0,0	1,0	0,0	""	""	""	""	""	""	""	""	""	""	""	""	""
600	202306231,0	2023-03-20T00:00:00	07:15:00	COM VÍTIMA	FINALIZADA	CAXANGÁ	AV CAXANGA	985	""	PROXIMIDADES DA FACULDADE SANTA HELENA	CAXANGÁ	""	CIDADE	COLISÃO TRASEIRA	1,0	1,0	0,0	0,0	0,0	0,0	0,0	0,0	0,0	1,0	0,0	""	""	""	""	""	""	""	""	""	""	""	""	""
601	202306241,0	2023-03-20T00:00:00	08:18:00	COM VÍTIMA	FINALIZADA	PRADO	AV ENGENHEIRO ABDIAS DE CARVALHO	""	""	EM FRENTE AO COMPAZ	PRADO	688,0	CIDADE	COLISÃO TRASEIRA	1,0	1,0	0,0	0,0	0,0	0,0	0,0	0,0	0,0	1,0	0,0	""	""	""	""	""	""	""	""	""	""	""	""	""
602	202306243,0	2023-03-20T00:00:00	08:47:00	COM VÍTIMA	CANCELADA	BOA VIAGEM	AV BOA VIAGEM	""	""	REF: PARQUE DONA LLINDÚ	BOA VIAGEM	""	""	COLISÃO TRASEIRA	3,0	1,0	0,0	0,0	0,0	0,0	0,0	0,0	0,0	1,0	0,0	""	""	""	""	""	""	""	""	""	""	""	""	""
603	202306256,0	2023-03-20T00:00:00	05:27:00	COM VÍTIMA	FINALIZADA	CAXANGÁ	AV CAXANGA	""	""	AO LADO DO CAXANGÁ GOLF CLUB	CAXANGÁ	""	""	QUEDA	0,0	1,0	0,0	0,0	0,0	0,0	0,0	0,0	0,0	1,0	0,0	""	""	""	""	""	""	""	""	""	""	""	""	""
604	202306257,0	2023-03-20T00:00:00	05:35:00	COM VÍTIMA	FINALIZADA	PINA	RUA MANOEL DE BRITO	28	""	NA RUA DO HOTEL CORPOS	PINA	""	""	COLISÃO LATERAL	1,0	1,0	0,0	0,0	0,0	0,0	0,0	0,0	0,0	2,0	0,0	""	""	""	""	""	""	""	""	""	""	""	""	""
605	202306262,0	2023-03-20T00:00:00	07:52:00	COM VÍTIMA	FINALIZADA	IBURA	AV DOIS RIOS	106	""	PRÓXIMO A CLINICA LP SAÚDE	IBURA	351,0	SUBURBIO	COLISÃO LATERAL	1,0	1,0	0,0	0,0	0,0	0,0	0,0	0,0	0,0	1,0	0,0	""	""	""	""	""	""	""	""	""	""	""	""	""
606	202306263,0	2023-03-20T00:00:00	08:08:00	COM VÍTIMA	FINALIZADA	PINA	AV HERCULANO BANDEIRA	""	""	FINAL DA PONTE E INICIO DA HERCULANO BANDEIRA	PINA	""	SUBURBIO	COLISÃO TRASEIRA	1,0	1,0	0,0	0,0	0,0	0,0	0,0	0,0	0,0	1,0	0,0	""	""	""	""	""	""	""	""	""	""	""	""	""
607	202306265,0	2023-03-20T00:00:00	10:32:00	SEM VÍTIMA	FINALIZADA	GRAÇAS	RUA JOAQUIM NABUCO	""	""	AO LADO DO HOSPITAL DA RESTAURAÇÃO	GRAÇAS	""	""	""	1,0	0,0	0,0	0,0	0,0	0,0	1,0	0,0	0,0	0,0	0,0	""	""	""	""	""	""	""	""	""	""	""	""	""
608	202306266,0	2023-03-20T00:00:00	10:51:00	COM VÍTIMA	FINALIZADA	CABANGA	AV ENGENHEIRO JOSE ESTELITA	""	""	PRÓXIMO AOS PREDIOS DA MOURA DOUBEX	CABANGA	""	SUBURBIO	CHOQUE	0,0	1,0	0,0	0,0	0,0	0,0	0,0	0,0	0,0	1,0	0,0	""	""	""	""	""	""	""	""	""	""	""	""	""
609	202306278,0	2023-03-21T00:00:00	07:08:00	COM VÍTIMA	CANCELADA	DERBY	PRC DO DERBY	177	""	EM FRENTE AO JOSE ROCHA DE SA DIAGNOSTICO	DERBY	""	""	QUEDA	0,0	1,0	0,0	0,0	0,0	0,0	0,0	0,0	0,0	1,0	0,0	""	""	""	""	""	""	""	""	""	""	""	""	""
610	202306282,0	2023-03-21T00:00:00	07:59:00	COM VÍTIMA	FINALIZADA	SANTO AMARO	AV NORTE MIGUEL ARRAES DE ALENCAR	""	""	PONTE DO LIMOEIRO	SANTO AMARO	243,0	""	QUEDA	0,0	1,0	0,0	0,0	0,0	0,0	0,0	0,0	0,0	1,0	0,0	""	""	""	""	""	""	""	""	""	""	""	""	""
611	202306284,0	2023-03-21T00:00:00	08:42:00	COM VÍTIMA	FINALIZADA	IPUTINGA	AV CAXANGA	5808	AV AFONSO OLINDENSE	PRÓX A UPA	IPUTINGA	568,0	""	COLISÃO FRONTAL	0,0	2,0	0,0	0,0	0,0	0,0	0,0	0,0	0,0	1,0	0,0	""	""	""	""	""	""	""	""	""	""	""	""	""
612	202306321,0	2023-03-21T00:00:00	01:00:00	COM VÍTIMA	CANCELADA	BEBERIBE	PRC DA CONVENCAO	53	""	EM FRENTE A DROGASIL	BEBERIBE	""	""	COLISÃO TRASEIRA	0,0	1,0	0,0	0,0	0,0	0,0	0,0	0,0	0,0	1,0	0,0	""	""	""	""	""	""	""	""	""	""	""	""	""
613	202306323,0	2023-03-21T00:00:00	01:19:00	COM VÍTIMA	FINALIZADA	IMBIRIBEIRA	PRC MINISTRO SALGADO FILHO	""	""	EM FRENTE A O AEROPORTO	IMBIRIBEIRA	""	SUBURBIO	COLISÃO TRASEIRA	1,0	1,0	0,0	0,0	0,0	0,0	0,0	0,0	0,0	1,0	0,0	""	""	""	""	""	""	""	""	""	""	""	""	""
614	202306352,0	2023-03-21T00:00:00	07:36:00	COM VÍTIMA	FINALIZADA	VASCO DA GAMA	AV NORTE MIGUEL ARRAES DE ALENCAR	""	""	EM  FRENTE AO POSTO BR	VASCO DA GAMA	66,0	CIDADE	ATROPELAMENTO DE PESSOA	1,0	0,0	0,0	0,0	1,0	0,0	0,0	0,0	0,0	1,0	0,0	""	""	""	""	""	""	""	""	""	""	""	""	""
615	202306374,0	2023-03-22T00:00:00	09:42:00	SEM VÍTIMA	FINALIZADA	PARNAMIRIM	AV DEZESSETE DE AGOSTO	335	""	ENFRENTE AO EMPRESERIAL CENTRU	PARNAMIRIM	""	SUBURBIO	COLISÃO TRANSVERSAL	2,0	0,0	0,0	0,0	0,0	0,0	0,0	0,0	0,0	0,0	0,0	""	""	""	""	""	""	""	""	""	""	""	""	""
616	202306375,0	2023-03-22T00:00:00	09:43:00	COM VÍTIMA	FINALIZADA	IPSEP	AV RECIFE	3460	""	PRÓX. À JJK AUTOS	IPSEP	247,0	""	COLISÃO TRASEIRA	1,0	1,0	0,0	0,0	0,0	0,0	0,0	0,0	0,0	1,0	0,0	""	""	""	""	""	""	""	""	""	""	""	""	""
617	202306399,0	2023-03-22T00:00:00	02:59:00	COM VÍTIMA	FINALIZADA	IMBIRIBEIRA	AV MARECHAL MASCARENHAS DE MORAES	""	RUA OLIVIA MENELAU	LADO OPOSTO À LOJA GRILLO	IMBIRIBEIRA	396,0	""	COLISÃO TRASEIRA	0,0	1,0	0,0	0,0	0,0	0,0	1,0	0,0	0,0	1,0	0,0	""	""	""	""	""	""	""	""	""	""	""	""	""
618	202306413,0	2023-03-22T00:00:00	09:38:00	COM VÍTIMA	FINALIZADA	TORRE	RUA CONDE DE IRAJA	""	AV BEIRA RIO	SOBRE A PONTE DA TORRE	TORRE	630,0	SUBURBIO	COLISÃO LATERAL	1,0	1,0	0,0	0,0	0,0	0,0	0,0	0,0	0,0	2,0	0,0	""	""	""	""	""	""	""	""	""	""	""	""	""
619	202306414,0	2023-03-22T00:00:00	09:44:00	SEM VÍTIMA	FINALIZADA	ENGENHO DO MEIO	RUA ANTONIO CURADO	427	""	""	ENGENHO DO MEIO	""	SUBURBIO	COLISÃO TRASEIRA	2,0	0,0	0,0	0,0	0,0	0,0	0,0	0,0	0,0	0,0	0,0	""	""	""	""	""	""	""	""	""	""	""	""	""
620	202306449,0	2023-03-23T00:00:00	10:13:00	COM VÍTIMA	FINALIZADA	IMBIRIBEIRA	AV MARECHAL MASCARENHAS DE MORAES	""	""	EM FRENTE A FIAT ITALIANA	IMBIRIBEIRA	""	""	ATROPELAMENTO DE ANIMAL	0,0	0,0	0,0	0,0	0,0	0,0	0,0	0,0	0,0	1,0	0,0	""	""	""	""	""	""	""	""	""	""	""	""	""
621	202306460,0	2023-03-23T00:00:00	11:08:00	COM VÍTIMA	FINALIZADA	SAN MARTIN	AV GENERAL SAN MARTIN	801	RUA PEREIRA DE MORAES	""	SAN MARTIN	""	SUBURBIO	COLISÃO TRANSVERSAL	1,0	1,0	0,0	0,0	0,0	0,0	0,0	0,0	0,0	1,0	0,0	""	""	""	""	""	""	""	""	""	""	""	""	""
622	202306465,0	2023-03-23T00:00:00	11:29:00	COM VÍTIMA	FINALIZADA	BOA VIAGEM	RUA RIBEIRO DE BRITO	1097	""	EM FRENTE AO POSTO BR	BOA VIAGEM	496,0	SUBURBIO	COLISÃO TRASEIRA	0,0	1,0	0,0	0,0	0,0	0,0	1,0	0,0	0,0	1,0	0,0	""	""	""	""	""	""	""	""	""	""	""	""	""
623	202306472,0	2023-03-23T00:00:00	12:09:00	COM VÍTIMA	FINALIZADA	IPSEP	RUA BLUMENAU	""	RUA SANTOS COSME E DAMIAO	AO LADO DO ARMAZÉM DO COELHINHO	IPSEP	""	""	COLISÃO FRONTAL	1,0	1,0	0,0	0,0	0,0	0,0	0,0	0,0	0,0	2,0	0,0	""	""	""	""	""	""	""	""	""	""	""	""	""
624	202306476,0	2023-03-23T00:00:00	12:31:00	COM VÍTIMA	FINALIZADA	MADALENA	AV VISCONDE DE ALBUQUERQUE	401	""	""	MADALENA	""	""	COLISÃO LATERAL	1,0	1,0	0,0	0,0	0,0	0,0	0,0	0,0	0,0	1,0	0,0	""	""	""	""	""	""	""	""	""	""	""	""	""
625	202306491,0	2023-03-23T00:00:00	02:49:00	SEM VÍTIMA	FINALIZADA	DERBY	AV GOVERNADOR AGAMENON MAGALHAES	3158	""	EM FRENTE A MEDICAL	DERBY	""	SUBURBIO	""	0,0	1,0	0,0	0,0	0,0	0,0	0,0	1,0	0,0	0,0	0,0	""	""	""	""	""	""	""	""	""	""	""	""	""
626	202306501,0	2023-03-23T00:00:00	04:22:00	COM VÍTIMA	FINALIZADA	CAMPO GRANDE	RUA DR MACHADO	""	RUA JERONIMO VILELA	DEPOIS DO CLUBE DAS PAS	CAMPO GRANDE	""	SUBURBIO	COLISÃO LATERAL	1,0	1,0	0,0	0,0	0,0	0,0	0,0	1,0	0,0	2,0	0,0	""	""	""	""	""	""	""	""	""	""	""	""	""