_id	Protocolo	data	hora	natureza	situacao	bairro	endereco	numero	detalhe_endereco_acidente	complemento	bairro_cruzamento	num_semaforo	sentido_via	tipo	auto	moto	ciclom	ciclista	pedestre	onibus	caminhao	viatura	outros	vitimas	vitimasfatais	acidente_verificado	tempo_clima	situacao_semaforo	sinalizacao	condicao_via	conservacao_via	ponto_controle	situacao_placa	velocidade_max_via	mao_direcao	divisao_via1	divisao_via2	divisao_via3
627	202306505,0	2023-03-23T00:00:00	05:18:00	COM VÍTIMA	FINALIZADA	VÁRZEA	RUA CAPITAO JOSE NOGUEIRA COSTA	1311	""	FARMÁCIA PAGUE MENOS	VÁRZEA	""	SUBURBIO	COLISÃO LATERAL	1,0	1,0	0,0	0,0	0,0	0,0	0,0	0,0	0,0	1,0	0,0	""	""	""	""	""	""	""	""	""	""	""	""	""
628	202306506,0	2023-03-23T00:00:00	05:32:00	COM VÍTIMA	CANCELADA	TAMARINEIRA	EST VELHA DE AGUA FRIA	703	""	PROXIMO A FERREIRA COSTA	TAMARINEIRA	""	""	COLISÃO LATERAL	1,0	1,0	0,0	0,0	0,0	0,0	0,0	0,0	0,0	2,0	0,0	""	""	""	""	""	""	""	""	""	""	""	""	""
629	202306509,0	2023-03-23T00:00:00	06:00:00	COM VÍTIMA	FINALIZADA	SANTO AMARO	AV GOVERNADOR AGAMENON MAGALHAES	""	""	SOB O VIADUTO DA JOÃO DE BARROS	SANTO AMARO	""	""	QUEDA	0,0	1,0	0,0	0,0	0,0	0,0	0,0	0,0	0,0	1,0	0,0	""	""	""	""	""	""	""	""	""	""	""	""	""
630	202306534,0	2023-03-24T00:00:00	12:06:00	COM VÍTIMA	FINALIZADA	BOA VIAGEM	AV ENGENHEIRO DOMINGOS FERREIRA	1970	""	FARMÁCIA PAGUE MENOS	BOA VIAGEM	""	""	COLISÃO TRANSVERSAL	4,0	0,0	0,0	0,0	0,0	0,0	0,0	0,0	0,0	1,0	0,0	""	""	""	""	""	""	""	""	""	""	""	""	""
631	202306547,0	2023-03-24T00:00:00	08:17:00	COM VÍTIMA	FINALIZADA	BOA VIAGEM	RUA CONEGO ROMEU	""	RUA SA E SOUZA	PRÓX. AO COLÉGIO AMERICANO	BOA VIAGEM	""	""	COLISÃO LATERAL	1,0	1,0	0,0	0,0	0,0	0,0	0,0	0,0	0,0	1,0	0,0	""	""	""	""	""	""	""	""	""	""	""	""	""
632	202306552,0	2023-03-24T00:00:00	08:58:00	COM VÍTIMA	FINALIZADA	CAXANGÁ	AV CAXANGA	3424	RUA SAO MATEUS	EQUIPE DA VT-16 RAIMUNDO E JOSÉ CRUZ FORAM AO LOCAL PARA  DAR APOIO AO SINISTRO	CAXANGÁ	229,0	SUBURBIO	COLISÃO TRASEIRA	1,0	1,0	0,0	0,0	0,0	0,0	0,0	0,0	0,0	1,0	0,0	""	""	""	""	""	""	""	""	""	""	""	""	""
633	202306565,0	2023-03-24T00:00:00	10:43:00	COM VÍTIMA	FINALIZADA	CAXANGÁ	RUA RIBEIRO PESSOA	""	RUA GASTAO VIDIGAL	SINISTRO  COM UMA MOTO , E DERRAMAMENTO DE ÓLEO NA PISTA  EQUIPE  FROTA NO LOCAL NO APOIO COM PÓ DE SERRA	CAXANGÁ	""	""	QUEDA	0,0	1,0	0,0	0,0	0,0	0,0	0,0	0,0	0,0	1,0	0,0	""	""	""	""	""	""	""	""	""	""	""	""	""
634	202306575,0	2023-03-24T00:00:00	12:08:00	COM VÍTIMA	FINALIZADA	IMBIRIBEIRA	RUA ARQUITETO LUIZ NUNES	""	AV PINHEIROS	""	IMBIRIBEIRA	537,0	""	COLISÃO TRANSVERSAL	1,0	1,0	0,0	0,0	0,0	0,0	0,0	0,0	0,0	1,0	0,0	""	""	""	""	""	""	""	""	""	""	""	""	""
635	202306581,0	2023-03-24T00:00:00	12:35:00	COM VÍTIMA	FINALIZADA	BOA VIAGEM	RUA VISCONDE DE JEQUITINHONHA	""	""	APOS O CANAL DA CONSTRUÇÃO	BOA VIAGEM	""	""	FISCALIZAÇÃO	1,0	0,0	0,0	0,0	2,0	0,0	0,0	0,0	0,0	2,0	0,0	""	""	""	""	""	""	""	""	""	""	""	""	""
636	202306588,0	2023-03-24T00:00:00	02:17:00	COM VÍTIMA	FINALIZADA	CORDEIRO	RUA PROFESSOR JOAQUIM XAVIER DE BRITO	163	""	EM FRENTE AO EDIFICIO PAULA E A GERBSON CONSETOR E INSTALAÇÕES	CORDEIRO	""	""	COLISÃO FRONTAL	1,0	1,0	0,0	0,0	0,0	0,0	0,0	0,0	0,0	1,0	0,0	""	""	""	""	""	""	""	""	""	""	""	""	""
637	202306594,0	2023-03-24T00:00:00	03:23:00	COM VÍTIMA	FINALIZADA	MADALENA	AV VISCONDE DE ALBUQUERQUE	460	RUA BARTOLOMEU DE GUSMAO	EM FRENTE A PADARIA REQUINTE MADALENA/ AO LADO PET SHOP 24HRS	MADALENA	""	SUBURBIO	ATROPELAMENTO DE PESSOA	1,0	0,0	0,0	0,0	1,0	0,0	0,0	0,0	0,0	1,0	0,0	""	""	""	""	""	""	""	""	""	""	""	""	""
638	202306597,0	2023-03-24T00:00:00	04:42:00	COM VÍTIMA	FINALIZADA	CAXANGÁ	AV CAXANGA	""	RUA GREGORIO JUNIOR	E/F A CAIXA ECONOMICA S/T SUB	CAXANGÁ	""	""	ATROPELAMENTO DE PESSOA	0,0	1,0	0,0	0,0	1,0	0,0	0,0	0,0	0,0	1,0	0,0	""	""	""	""	""	""	""	""	""	""	""	""	""
639	202306635,0	2023-03-25T00:00:00	06:00:00	COM VÍTIMA	FINALIZADA	DOIS IRMÃOS	RUA MANUEL DE MEDEIROS	SN	""	PRÓXIMO A ENTRADA DO SITIO DOS PINTOS	DOIS IRMÃOS	558,0	""	COLISÃO FRONTAL	1,0	1,0	0,0	0,0	0,0	0,0	0,0	0,0	0,0	1,0	0,0	""	""	""	""	""	""	""	""	""	""	""	""	""
640	202306651,0	2023-03-25T00:00:00	10:46:00	COM VÍTIMA	FINALIZADA	BOA VISTA	AV GOVERNADOR AGAMENON MAGALHAES	""	RUA DOM BOSCO	COLÉGIO AMERICANO BATISTA	BOA VISTA	""	SUBURBIO	COLISÃO TRASEIRA	1,0	1,0	0,0	0,0	0,0	0,0	0,0	0,0	0,0	1,0	0,0	""	""	""	""	""	""	""	""	""	""	""	""	""
641	202306665,0	2023-03-25T00:00:00	12:39:00	COM VÍTIMA	FINALIZADA	ILHA DO RETIRO	RUA SPORT CLUBE DO RECIFE	""	""	EM FRENTE AO CLUBE	ILHA DO RETIRO	""	""	COLISÃO COM CICLISTA	0,0	1,0	0,0	1,0	0,0	0,0	0,0	0,0	0,0	1,0	0,0	""	""	""	""	""	""	""	""	""	""	""	""	""
642	202306666,0	2023-03-25T00:00:00	12:46:00	COM VÍTIMA	FINALIZADA	ESPINHEIRO	AV JOAO DE BARROS	1347	""	EM FRENTE AO EDIFICIO SANTA CLARA	ESPINHEIRO	""	""	COLISÃO TRASEIRA	1,0	1,0	0,0	0,0	0,0	0,0	0,0	0,0	0,0	1,0	0,0	""	""	""	""	""	""	""	""	""	""	""	""	""
643	202306672,0	2023-03-25T00:00:00	03:29:00	SEM VÍTIMA	CANCELADA	DERBY	AV GOVERNADOR AGAMENON MAGALHAES	""	""	MCDONALDS / HOSPITAL DA RESTAURAÇÃO	DERBY	""	""	CHOQUE	0,0	0,0	0,0	0,0	0,0	0,0	0,0	1,0	0,0	0,0	0,0	""	""	""	""	""	""	""	""	""	""	""	""	""
644	202306673,0	2023-03-25T00:00:00	03:30:00	COM VÍTIMA	FINALIZADA	CASA AMARELA	AV NORTE MIGUEL ARRAES DE ALENCAR	""	""	EM FRENTE A MATERNIDADE BARROS LIMA	CASA AMARELA	""	CIDADE	COLISÃO TRASEIRA	1,0	1,0	0,0	0,0	0,0	0,0	0,0	0,0	0,0	1,0	0,0	""	""	""	""	""	""	""	""	""	""	""	""	""
645	202306696,0	2023-03-25T00:00:00	08:37:00	COM VÍTIMA	CANCELADA	IBURA	RUA EXP FRANCISCO VITORIANO	""	""	MERCADINHO DOIS IRMÃOS	IBURA	""	""	COLISÃO FRONTAL	1,0	1,0	0,0	0,0	0,0	0,0	0,0	0,0	0,0	2,0	0,0	""	""	""	""	""	""	""	""	""	""	""	""	""
646	202306698,0	2023-03-25T00:00:00	09:19:00	COM VÍTIMA	FINALIZADA	JARDIM SÃO PAULO	RUA LORENA	""	RUA LEANDRO BARRETO	""	JARDIM SÃO PAULO	""	""	COLISÃO LATERAL	3,0	0,0	0,0	0,0	0,0	0,0	0,0	0,0	0,0	1,0	0,0	""	""	""	""	""	""	""	""	""	""	""	""	""
647	202306700,0	2023-03-26T00:00:00	02:15:00	COM VÍTIMA	FINALIZADA	CORDEIRO	RUA HONORIO CORREIA	157	""	E/F AO SUPERMERCADO LEÃO	CORDEIRO	""	""	COLISÃO TRASEIRA	1,0	1,0	0,0	0,0	0,0	0,0	0,0	0,0	0,0	2,0	0,0	""	""	""	""	""	""	""	""	""	""	""	""	""
648	202306707,0	2023-03-26T00:00:00	06:36:00	COM VÍTIMA	FINALIZADA	BOA VIAGEM	AV BOA VIAGEM	5740	""	EM FRENTE AO EDF. MANOEL DE BRITO	BOA VIAGEM	445,0	""	COLISÃO TRASEIRA	1,0	1,0	0,0	0,0	0,0	0,0	0,0	0,0	0,0	1,0	0,0	""	""	""	""	""	""	""	""	""	""	""	""	""
649	202306731,0	2023-03-26T00:00:00	12:28:00	COM VÍTIMA	FINALIZADA	TAMARINEIRA	AV CONS ROSA E SILVA	334	""	E/F AO HOSPITAL ULISSES PERNAMBUCANO	TAMARINEIRA	""	""	COLISÃO TRASEIRA	1,0	1,0	0,0	0,0	0,0	0,0	0,0	0,0	0,0	1,0	0,0	""	""	""	""	""	""	""	""	""	""	""	""	""
650	202306732,0	2023-03-26T00:00:00	12:42:00	COM VÍTIMA	FINALIZADA	PINA	AV HERCULANO BANDEIRA	637	""	E/F PADARIA FRUTA PÃO	PINA	""	""	COLISÃO FRONTAL	1,0	1,0	0,0	0,0	0,0	0,0	0,0	0,0	0,0	2,0	0,0	""	""	""	""	""	""	""	""	""	""	""	""	""
651	202306744,0	2023-03-26T00:00:00	04:17:00	SEM VÍTIMA	CANCELADA	CAMPO GRANDE	RUA FRANCISCO BERENGUER	549	""	NA RUA DO RESTAURANTE JADINS	CAMPO GRANDE	""	""	COLISÃO FRONTAL	2,0	0,0	0,0	0,0	0,0	0,0	0,0	0,0	0,0	0,0	0,0	""	""	""	""	""	""	""	""	""	""	""	""	""
652	202306762,0	2023-03-27T00:00:00	04:49:00	SEM VÍTIMA	FINALIZADA	IMBIRIBEIRA	RUA ITACARE	""	""	EM FRENTE AO ESPAÇO ABERTO	IMBIRIBEIRA	""	""	COLISÃO LATERAL	2,0	0,0	0,0	0,0	0,0	0,0	0,0	0,0	0,0	0,0	0,0	""	""	""	""	""	""	""	""	""	""	""	""	""
653	202306775,0	2023-03-27T00:00:00	08:23:00	SEM VÍTIMA	FINALIZADA	ENCRUZILHADA	AV BEBERIBE	""	RUA DA CORAGEM	EM FRENTE A FARMACIA DE MANIPULAÇÃO	ENCRUZILHADA	186,0	""	COLISÃO TRASEIRA	1,0	0,0	0,0	0,0	0,0	0,0	0,0	1,0	0,0	0,0	0,0	""	""	""	""	""	""	""	""	""	""	""	""	""
654	202306777,0	2023-03-27T00:00:00	08:43:00	COM VÍTIMA	FINALIZADA	TORRÕES	AV BICENTENARIO DA REVOLUCAO FRANCESA	""	RUA ZUMBI DOS PALMARES	AO LADO DA LOJINHA FRANCYS	TORRÕES	""	""	COLISÃO LATERAL	1,0	1,0	0,0	0,0	0,0	0,0	0,0	0,0	0,0	1,0	0,0	""	""	""	""	""	""	""	""	""	""	""	""	""
655	202306780,0	2023-03-27T00:00:00	09:07:00	COM VÍTIMA	FINALIZADA	VÁRZEA	AV JOAQUIM RIBEIRO	""	""	PROX. A UPA	VÁRZEA	281,0	""	QUEDA	0,0	1,0	0,0	0,0	0,0	0,0	0,0	0,0	0,0	1,0	0,0	""	""	""	""	""	""	""	""	""	""	""	""	""
656	202306796,0	2023-03-27T00:00:00	11:00:00	SEM VÍTIMA	FINALIZADA	AFOGADOS	RUA SAO MIGUEL	898	""	EM FRENTE 14° BATALHÃO LOGISTICO	AFOGADOS	""	""	COLISÃO FRONTAL	1,0	1,0	0,0	0,0	0,0	0,0	0,0	1,0	0,0	0,0	0,0	""	""	""	""	""	""	""	""	""	""	""	""	""
657	202306820,0	2023-03-27T00:00:00	05:53:00	COM VÍTIMA	FINALIZADA	IMBIRIBEIRA	AV RECIFE	2965	""	PROX MULTE INSPEÇÃO VEICULAR	IMBIRIBEIRA	""	""	COLISÃO TRASEIRA	1,0	1,0	0,0	0,0	0,0	0,0	0,0	0,0	0,0	1,0	0,0	""	""	""	""	""	""	""	""	""	""	""	""	""
658	202306821,0	2023-03-27T00:00:00	06:02:00	COM VÍTIMA	FINALIZADA	BOA VISTA	AV CONDE DA BOA VISTA	""	RUA DA AURORA	""	BOA VISTA	""	""	ATROPELAMENTO DE PESSOA	0,0	0,0	0,0	0,0	1,0	1,0	0,0	0,0	0,0	1,0	0,0	""	""	""	""	""	""	""	""	""	""	""	""	""
659	202306822,0	2023-03-27T00:00:00	06:24:00	VÍTIMA FATAL	FINALIZADA	VÁRZEA	RUA EMILIANO BRAGA	510	""	COLÉGIO CONHECER	VÁRZEA	""	""	ATROPELAMENTO DE PESSOA	1,0	0,0	0,0	0,0	1,0	0,0	0,0	0,0	0,0	0,0	1,0	""	""	""	""	""	""	""	""	""	""	""	""	""
660	202306835,0	2023-03-27T00:00:00	07:42:00	COM VÍTIMA	FINALIZADA	IBURA	RUA DR BENIGNO JORDAO DE VASCONCELOS	75	""	COMPESA	IBURA	""	""	COLISÃO FRONTAL	0,0	2,0	0,0	0,0	0,0	0,0	0,0	0,0	0,0	3,0	0,0	""	""	""	""	""	""	""	""	""	""	""	""	""
661	202306836,0	2023-03-27T00:00:00	09:09:00	COM VÍTIMA	FINALIZADA	VASCO DA GAMA	RUA VASCO DA GAMA	50	""	AO LADO DA FARMACIA DA SAUDE	VASCO DA GAMA	50,0	SUBURBIO	COLISÃO LATERAL	1,0	1,0	0,0	0,0	0,0	0,0	0,0	0,0	0,0	2,0	0,0	""	""	""	""	""	""	""	""	""	""	""	""	""
662	202306846,0	2023-03-28T00:00:00	07:17:00	COM VÍTIMA	FINALIZADA	SÃO JOSÉ	AV SUL	514	""	IDRAÚ PEÇAS	SÃO JOSÉ	""	""	QUEDA	0,0	1,0	0,0	0,0	0,0	0,0	0,0	0,0	0,0	1,0	0,0	""	""	""	""	""	""	""	""	""	""	""	""	""
663	202306850,0	2023-03-28T00:00:00	08:05:00	COM VÍTIMA	FINALIZADA	CASA AMARELA	EST DO ARRAIAL	3585	""	APÓS O SITIO DA TRINDADE - PROX.  AO EMÓRIO AVIAMENTOS	CASA AMARELA	""	""	COLISÃO TRASEIRA	1,0	0,0	0,0	0,0	0,0	0,0	0,0	0,0	0,0	1,0	0,0	""	""	""	""	""	""	""	""	""	""	""	""	""
664	202306855,0	2023-03-28T00:00:00	08:05:00	COM VÍTIMA	FINALIZADA	CASA AMARELA	EST DO ARRAIAL	""	""	APÓS A IGREJA DA HARMONIA, PRÓX AO CONJUNTO  ARRAIAL	CASA AMARELA	""	""	COLISÃO COM CICLISTA	1,0	0,0	0,0	1,0	0,0	0,0	0,0	0,0	0,0	1,0	0,0	""	""	""	""	""	""	""	""	""	""	""	""	""
665	202306862,0	2023-03-28T00:00:00	09:07:00	SEM VÍTIMA	FINALIZADA	CASA AMARELA	AV NORTE MIGUEL ARRAES DE ALENCAR	5071	""	EM FRENTE A BIKE NORTE	CASA AMARELA	""	CIDADE	COLISÃO TRASEIRA	1,0	1,0	0,0	0,0	0,0	0,0	0,0	0,0	0,0	0,0	0,0	""	""	""	""	""	""	""	""	""	""	""	""	""
666	202306871,0	2023-03-28T00:00:00	11:43:00	COM VÍTIMA	FINALIZADA	IPSEP	AV RECIFE	2960	""	PNEU DRIVE	IPSEP	""	""	COLISÃO FRONTAL	1,0	1,0	0,0	0,0	0,0	0,0	0,0	0,0	0,0	1,0	0,0	""	""	""	""	""	""	""	""	""	""	""	""	""
667	202306878,0	2023-03-28T00:00:00	12:27:00	COM VÍTIMA	FINALIZADA	AREIAS	RUA DONA ANA AURORA	575	""	NA LINHA FERREA PROX AO BOI QUEMTE	AREIAS	""	""	ATROPELAMENTO DE PESSOA	0,0	1,0	0,0	0,0	1,0	0,0	0,0	0,0	0,0	1,0	0,0	""	""	""	""	""	""	""	""	""	""	""	""	""
668	202306884,0	2023-03-28T00:00:00	01:16:00	COM VÍTIMA	FINALIZADA	LINHA DO TIRO	RUA URIEL DE HOLANDA	576	""	APÓS A UPINHA	LINHA DO TIRO	""	""	COLISÃO LATERAL	1,0	1,0	0,0	0,0	0,0	0,0	0,0	0,0	0,0	1,0	0,0	""	""	""	""	""	""	""	""	""	""	""	""	""
669	202306885,0	2023-03-28T00:00:00	01:18:00	COM VÍTIMA	FINALIZADA	CASA AMARELA	AV NORTE MIGUEL ARRAES DE ALENCAR	""	""	PRAÇA DO TRABALHO / UPINHA	CASA AMARELA	""	""	COLISÃO LATERAL	0,0	1,0	0,0	0,0	0,0	1,0	0,0	0,0	0,0	1,0	0,0	""	""	""	""	""	""	""	""	""	""	""	""	""
670	202306886,0	2023-03-28T00:00:00	01:32:00	COM VÍTIMA	FINALIZADA	ROSARINHO	AV NORTE MIGUEL ARRAES DE ALENCAR	""	RUA DELMIRO GOUVEIA	NA ESQUINA DO POSTO SHELL	ROSARINHO	""	""	COLISÃO COM CICLISTA	0,0	0,0	0,0	1,0	0,0	0,0	1,0	0,0	0,0	1,0	0,0	""	""	""	""	""	""	""	""	""	""	""	""	""
671	202306887,0	2023-03-28T00:00:00	02:14:00	COM VÍTIMA	FINALIZADA	BOA VIAGEM	RUA JOAO CARDOSO AIRES	""	RUA COSMORAMA	COLÉGIO MADRE DE DEUS	BOA VIAGEM	""	""	COLISÃO LATERAL	1,0	1,0	0,0	0,0	0,0	0,0	0,0	0,0	0,0	1,0	0,0	""	""	""	""	""	""	""	""	""	""	""	""	""
672	202306894,0	2023-03-28T00:00:00	02:55:00	COM VÍTIMA	FINALIZADA	CAMPO GRANDE	RUA ODORICO MENDES	100	""	APOS O CLUBE DAS PÁS	CAMPO GRANDE	""	""	COLISÃO LATERAL	1,0	1,0	0,0	0,0	0,0	0,0	0,0	0,0	0,0	1,0	0,0	""	""	""	""	""	""	""	""	""	""	""	""	""
673	202306904,0	2023-03-28T00:00:00	04:40:00	COM VÍTIMA	FINALIZADA	VASCO DA GAMA	AV NORTE MIGUEL ARRAES DE ALENCAR	6590	""	E/F A MATERNIDADE BARROS LIMA	VASCO DA GAMA	""	""	COLISÃO TRASEIRA	1,0	1,0	0,0	0,0	0,0	0,0	0,0	0,0	0,0	1,0	0,0	""	""	""	""	""	""	""	""	""	""	""	""	""
674	202306905,0	2023-03-28T00:00:00	05:09:00	COM VÍTIMA	FINALIZADA	CASA FORTE	RUA OLIVEIRA GOES	123	""	EM FRENTE A FORTMED COMERCIAL	CASA FORTE	""	""	ATROPELAMENTO DE PESSOA	1,0	0,0	0,0	0,0	1,0	0,0	0,0	0,0	0,0	1,0	0,0	""	""	""	""	""	""	""	""	""	""	""	""	""
675	202306910,0	2023-03-28T00:00:00	07:28:00	COM VÍTIMA	FINALIZADA	IMBIRIBEIRA	AV MARECHAL MASCARENHAS DE MORAES	4524	""	EM FRENTE A DDK PEÇAS (APÓS O VIADUTO TANCREDO NEVES) SENTIDO AEROPORTO.	IMBIRIBEIRA	""	SUBURBIO	ATROPELAMENTO DE PESSOA	1,0	0,0	0,0	0,0	1,0	0,0	0,0	0,0	0,0	1,0	0,0	""	""	""	""	""	""	""	""	""	""	""	""	""
676	202306911,0	2023-03-28T00:00:00	07:34:00	COM VÍTIMA	FINALIZADA	BOA VIAGEM	AV ENGENHEIRO DOMINGOS FERREIRA	""	RUA JOSE MARIA DE MIRANDA	""	BOA VIAGEM	484,0	""	COLISÃO LATERAL	1,0	2,0	0,0	0,0	0,0	0,0	0,0	0,0	0,0	1,0	0,0	""	""	""	""	""	""	""	""	""	""	""	""	""
677	202306932,0	2023-03-29T00:00:00	07:23:00	COM VÍTIMA	FINALIZADA	CAMPO GRANDE	EST DE BELEM	1303	""	EM FRENTE À BEMORAR IMOBILIÁRIA	CAMPO GRANDE	""	""	COLISÃO LATERAL	1,0	1,0	0,0	0,0	0,0	0,0	0,0	0,0	0,0	1,0	0,0	""	""	""	""	""	""	""	""	""	""	""	""	""
678	202306942,0	2023-03-29T00:00:00	07:57:00	COM VÍTIMA	FINALIZADA	MADALENA	AV ENGENHEIRO ABDIAS DE CARVALHO	""	""	PRÓX. À ESTÁCIO	MADALENA	""	CIDADE	COLISÃO TRASEIRA	1,0	2,0	0,0	0,0	0,0	0,0	0,0	0,0	0,0	1,0	0,0	""	""	""	""	""	""	""	""	""	""	""	""	""
679	202306945,0	2023-03-29T00:00:00	08:16:00	COM VÍTIMA	FINALIZADA	PINA	AV REPUBLICA ARABE UNIDA	388	""	EM FRENTE AO SALÃO DO REINO DAS TESTMUNHAS DE JEOVÁ	PINA	""	SUBURBIO	COLISÃO FRONTAL	0,0	2,0	0,0	0,0	0,0	0,0	0,0	0,0	0,0	1,0	0,0	""	""	""	""	""	""	""	""	""	""	""	""	""
680	202306946,0	2023-03-29T00:00:00	08:21:00	COM VÍTIMA	CANCELADA	ENCRUZILHADA	AV BEBERIBE	""	RUA PROFESSOR MIRANDA CURIO	PRÓX A AUTOESCOLA BELÉM	ENCRUZILHADA	""	""	COLISÃO LATERAL	1,0	1,0	0,0	0,0	0,0	0,0	0,0	0,0	0,0	1,0	0,0	""	""	""	""	""	""	""	""	""	""	""	""	""
681	202306951,0	2023-03-29T00:00:00	09:13:00	COM VÍTIMA	FINALIZADA	ESTÂNCIA	AV RECIFE	272	""	E/F A HÉLIO SOM, E PRÓX  AO ANTIGO CIROL ROIAL	ESTÂNCIA	""	""	COLISÃO LATERAL	1,0	1,0	0,0	0,0	0,0	0,0	0,0	0,0	0,0	1,0	0,0	""	""	""	""	""	""	""	""	""	""	""	""	""
682	202306954,0	2023-03-29T00:00:00	09:43:00	COM VÍTIMA	FINALIZADA	CAMPO GRANDE	RUA PROFESSOR FRANCISCO DA TRINDADE	198	""	EM FRENTE A IGREJA PENTECOSTAL, E PRÓX AO CLUBE DAS PAZ	CAMPO GRANDE	""	""	COLISÃO LATERAL	1,0	1,0	0,0	0,0	0,0	0,0	0,0	0,0	0,0	1,0	0,0	""	""	""	""	""	""	""	""	""	""	""	""	""
683	202306969,0	2023-03-29T00:00:00	12:09:00	COM VÍTIMA	FINALIZADA	PINA	AV ANTONIO DE GOES	""	AV CONSELHEIRO AGUIAR	EM FRENTE A LOJA CASA DE BATERIA/ PROX A HONDA	PINA	""	""	COLISÃO COM CICLISTA	0,0	1,0	0,0	1,0	0,0	0,0	0,0	0,0	0,0	1,0	0,0	""	""	""	""	""	""	""	""	""	""	""	""	""
684	202306982,0	2023-03-29T00:00:00	01:22:00	SEM VÍTIMA	FINALIZADA	IMBIRIBEIRA	RUA ARQUITETO LUIZ NUNES	1511	""	""	IMBIRIBEIRA	""	SUBURBIO	COLISÃO TRASEIRA	1,0	1,0	0,0	0,0	0,0	0,0	0,0	0,0	0,0	0,0	0,0	""	""	""	""	""	""	""	""	""	""	""	""	""
685	202306983,0	2023-03-29T00:00:00	01:40:00	COM VÍTIMA	FINALIZADA	IMBIRIBEIRA	RUA PINTOR LULA CARDOSO AYRES	4755	""	PROX. A ENTRADA DE CARGA E DESCARGAS DO AEROPORTO	IMBIRIBEIRA	""	""	COLISÃO LATERAL	1,0	1,0	0,0	0,0	0,0	0,0	0,0	0,0	0,0	1,0	0,0	""	""	""	""	""	""	""	""	""	""	""	""	""
686	202306986,0	2023-03-29T00:00:00	02:46:00	COM VÍTIMA	FINALIZADA	CÓRREGO DO JENIPAPO	RUA CORREGO JOSE APRIGIO	40B	""	NA ENTRADA DO CORREGO DO  JENIPAPO  PROX A BR	CÓRREGO DO JENIPAPO	""	""	COLISÃO LATERAL	1,0	1,0	0,0	0,0	0,0	0,0	0,0	0,0	0,0	1,0	0,0	""	""	""	""	""	""	""	""	""	""	""	""	""
687	202306990,0	2023-03-29T00:00:00	03:18:00	COM VÍTIMA	FINALIZADA	PINA	AV HERCULANO BANDEIRA	""	RUA ARQUITETO AUGUSTO REINALDO	AO LADO DO ATACADO DOS PRESENTES	PINA	660,0	""	COLISÃO LATERAL	2,0	0,0	0,0	0,0	0,0	0,0	0,0	0,0	0,0	1,0	0,0	""	""	""	""	""	""	""	""	""	""	""	""	""
688	202307001,0	2023-03-29T00:00:00	06:39:00	COM VÍTIMA	FINALIZADA	BOA VISTA	AV GOVERNADOR AGAMENON MAGALHAES	""	AV GOVERNADOR CARLOS DE LIMA CAVALCANTI	EM FRENTE AO MEC DONALDS	BOA VISTA	75,0	""	COLISÃO LATERAL	1,0	1,0	0,0	0,0	0,0	0,0	0,0	0,0	0,0	1,0	0,0	""	""	""	""	""	""	""	""	""	""	""	""	""
689	202307009,0	2023-03-29T00:00:00	07:16:00	SEM VÍTIMA	FINALIZADA	CABANGA	AV SUL	1562	""	CIA MOTO	CABANGA	""	CIDADE	CHOQUE	1,0	0,0	0,0	0,0	0,0	0,0	0,0	0,0	0,0	0,0	0,0	""	""	""	""	""	""	""	""	""	""	""	""	""
690	202307017,0	2023-03-29T00:00:00	10:05:00	COM VÍTIMA	FINALIZADA	BOA VIAGEM	AVENIDA CELSO FURTADO (VIA MANGUE)	""	""	POR TRÁS DO ASSAI ATACADISTA	BOA VIAGEM	""	""	COLISÃO TRASEIRA	1,0	1,0	0,0	0,0	0,0	0,0	0,0	0,0	0,0	1,0	0,0	""	""	""	""	""	""	""	""	""	""	""	""	""
691	202307025,0	2023-03-30T00:00:00	06:49:00	COM VÍTIMA	FINALIZADA	ENGENHO DO MEIO	RUA DR FLAVIO FERREIRA DA SILVA MAROJO	6	""	FERRO VELHO IMPÉRIO DO PARACHOQUE	ENGENHO DO MEIO	""	""	COLISÃO LATERAL	0,0	2,0	0,0	0,0	0,0	0,0	0,0	0,0	0,0	1,0	0,0	""	""	""	""	""	""	""	""	""	""	""	""	""
692	202307046,0	2023-03-30T00:00:00	10:06:00	COM VÍTIMA	FINALIZADA	BOA VISTA	RUA DO HOSPICIO	687	""	EM FRENTE AO COLEGIO JOAO BARBALHO	BOA VISTA	""	""	COLISÃO LATERAL	0,0	2,0	0,0	0,0	0,0	0,0	0,0	0,0	0,0	1,0	0,0	""	""	""	""	""	""	""	""	""	""	""	""	""
693	202307060,0	2023-03-30T00:00:00	12:33:00	SEM VÍTIMA	FINALIZADA	BOA VIAGEM	AV BOA VIAGEM	7058	""	EM FRENTE AO EDFICIO BRIGADEIRO EDUARDO GOMES	BOA VIAGEM	""	CIDADE	COLISÃO TRASEIRA	1,0	0,0	0,0	0,0	0,0	0,0	0,0	1,0	0,0	0,0	0,0	""	""	""	""	""	""	""	""	""	""	""	""	""
694	202307062,0	2023-03-30T00:00:00	12:58:00	COM VÍTIMA	FINALIZADA	IMBIRIBEIRA	AV MARECHAL MASCARENHAS DE MORAES	""	""	EM FRENTE A FIAT ITALIANA	IMBIRIBEIRA	""	""	COLISÃO COM CICLISTA	0,0	0,0	0,0	1,0	0,0	1,0	0,0	0,0	0,0	1,0	0,0	""	""	""	""	""	""	""	""	""	""	""	""	""