_id	Protocolo	data	hora	natureza	situacao	bairro	endereco	numero	detalhe_endereco_acidente	complemento	bairro_cruzamento	num_semaforo	sentido_via	tipo	auto	moto	ciclom	ciclista	pedestre	onibus	caminhao	viatura	outros	vitimas	vitimasfatais	acidente_verificado	tempo_clima	situacao_semaforo	sinalizacao	condicao_via	conservacao_via	ponto_controle	situacao_placa	velocidade_max_via	mao_direcao	divisao_via1	divisao_via2	divisao_via3
695	202307075,0	2023-03-30T00:00:00	04:02:00	COM VÍTIMA	FINALIZADA	BOA VIAGEM	RUA VISCONDE DE JEQUITINHONHA	""	""	DEPOIS DO ESPETINHO DO SEU DANIEL / PROX. AO PARQUE DONA LINDU / PRÉDIO SHALON	BOA VIAGEM	""	""	COLISÃO LATERAL	1,0	1,0	0,0	0,0	0,0	0,0	0,0	0,0	0,0	1,0	0,0	""	""	""	""	""	""	""	""	""	""	""	""	""
696	202307082,0	2023-03-30T00:00:00	05:20:00	COM VÍTIMA	FINALIZADA	IMBIRIBEIRA	AV RECIFE	""	""	PROX. AO SAL E E BRASA, SOB	IMBIRIBEIRA	393,0	""	ATROPELAMENTO DE PESSOA	0,0	1,0	0,0	0,0	1,0	0,0	0,0	0,0	0,0	1,0	0,0	""	""	""	""	""	""	""	""	""	""	""	""	""
697	202307099,0	2023-03-30T00:00:00	08:52:00	COM VÍTIMA	FINALIZADA	ENCRUZILHADA	AV BEBERIBE	433	""	PRÓXIMO AO BANCO DO BRASIL	ENCRUZILHADA	""	""	COLISÃO TRANSVERSAL	1,0	0,0	0,0	0,0	0,0	0,0	1,0	0,0	0,0	1,0	0,0	""	""	""	""	""	""	""	""	""	""	""	""	""
698	202307114,0	2023-03-31T00:00:00	07:08:00	COM VÍTIMA	FINALIZADA	CAXANGÁ	AV CAXANGA	4210	""	EM FRENTE A NISSAN E CAXANGÁ VEÍCULOS	CAXANGÁ	""	""	COLISÃO FRONTAL	1,0	1,0	0,0	0,0	0,0	0,0	0,0	0,0	0,0	1,0	0,0	""	""	""	""	""	""	""	""	""	""	""	""	""
699	202307145,0	2023-03-31T00:00:00	10:23:00	COM VÍTIMA	FINALIZADA	TEJIPIÓ	AV DR JOSE RUFINO	""	""	ESCOLA HUMBERTO CASTELO BRANCO	TEJIPIÓ	""	""	COLISÃO LATERAL	1,0	1,0	0,0	0,0	0,0	0,0	0,0	0,0	0,0	3,0	0,0	""	""	""	""	""	""	""	""	""	""	""	""	""
700	202307162,0	2023-03-31T00:00:00	11:58:00	COM VÍTIMA	FINALIZADA	DERBY	AV GOVERNADOR AGAMENON MAGALHAES	""	""	EM FRENTE A PETZ NO SENTIDO OLINDA	DERBY	""	SUBURBIO	COLISÃO TRASEIRA	1,0	1,0	0,0	0,0	0,0	0,0	0,0	0,0	0,0	1,0	0,0	""	""	""	""	""	""	""	""	""	""	""	""	""
701	202307169,0	2023-03-31T00:00:00	01:31:00	COM VÍTIMA	FINALIZADA	ÁGUA FRIA	AV BEBERIBE	2229	""	NA FRENTE AZEVEDO PESCADO	ÁGUA FRIA	""	""	COLISÃO LATERAL	1,0	1,0	0,0	0,0	0,0	0,0	0,0	0,0	0,0	2,0	0,0	""	""	""	""	""	""	""	""	""	""	""	""	""
702	202307181,0	2023-03-31T00:00:00	03:54:00	SEM VÍTIMA	FINALIZADA	DERBY	RUA HENRIQUE DIAS	""	""	EM FRENTE A FUNDAÇÃO JOAQUIM NABUCO	DERBY	""	""	COLISÃO LATERAL	1,0	0,0	0,0	0,0	0,0	0,0	0,0	1,0	0,0	0,0	0,0	""	""	""	""	""	""	""	""	""	""	""	""	""
703	202307192,0	2023-03-31T00:00:00	06:15:00	COM VÍTIMA	FINALIZADA	BOA VIAGEM	RUA MINISTRO NELSON HUNGRIA	643	""	NO EDIFICIO VALE DO TAKUANE	BOA VIAGEM	""	""	CHOQUE	1,0	0,0	0,0	0,0	0,0	0,0	0,0	0,0	1,0	1,0	0,0	""	""	""	""	""	""	""	""	""	""	""	""	""
704	202307212,0	2023-04-01T00:00:00	12:09:00	COM VÍTIMA	FINALIZADA	ESPINHEIRO	RUA DA HORA	76	""	PRÓX. À PIZZARIA PALERMO	ESPINHEIRO	""	""	COLISÃO TRASEIRA	1,0	1,0	0,0	0,0	0,0	0,0	0,0	0,0	0,0	1,0	0,0	""	""	""	""	""	""	""	""	""	""	""	""	""
705	202307214,0	2023-04-01T00:00:00	02:50:00	COM VÍTIMA	FINALIZADA	ESPINHEIRO	AV JOAO DE BARROS	1420	RUA DA HORA	PROX.  AO RESTAURANTE HIPORIO	ESPINHEIRO	""	""	COLISÃO TRANSVERSAL	1,0	1,0	0,0	0,0	0,0	0,0	0,0	0,0	0,0	2,0	0,0	""	""	""	""	""	""	""	""	""	""	""	""	""
706	202307263,0	2023-04-01T00:00:00	12:06:00	COM VÍTIMA	FINALIZADA	ÁGUA FRIA	AV BEBERIBE	""	RUA ZEFERINO AGRA	PROX AO LOJÃO DO PETROLEO	ÁGUA FRIA	""	""	COLISÃO LATERAL	1,0	1,0	0,0	0,0	0,0	0,0	0,0	0,0	0,0	1,0	0,0	""	""	""	""	""	""	""	""	""	""	""	""	""
707	202307265,0	2023-04-01T00:00:00	12:41:00	COM VÍTIMA	FINALIZADA	JIQUIÁ	RUA SAO MIGUEL	""	""	E/F AO CONSUTORIO CERPE PROX AO CHARQUE NA BRASA	JIQUIÁ	""	""	COLISÃO FRONTAL	1,0	1,0	0,0	0,0	0,0	0,0	0,0	0,0	0,0	2,0	0,0	""	""	""	""	""	""	""	""	""	""	""	""	""
708	202307271,0	2023-04-01T00:00:00	01:14:00	COM VÍTIMA	FINALIZADA	NOVA DESCOBERTA	RUA CORREGO DA AREIA	253	""	E/F A CASAA DAS EMBALAGENS	NOVA DESCOBERTA	""	""	COLISÃO FRONTAL	0,0	2,0	0,0	0,0	0,0	0,0	0,0	0,0	0,0	2,0	0,0	""	""	""	""	""	""	""	""	""	""	""	""	""
709	202307293,0	2023-04-01T00:00:00	06:43:00	COM VÍTIMA	FINALIZADA	SANTO AMARO	AV CRUZ CABUGA	""	""	EM FRENTE AO HOSPITAL DA MARINHA	SANTO AMARO	""	""	COLISÃO TRASEIRA	2,0	0,0	0,0	0,0	0,0	0,0	0,0	0,0	0,0	1,0	0,0	""	""	""	""	""	""	""	""	""	""	""	""	""
710	202307301,0	2023-04-01T00:00:00	10:32:00	COM VÍTIMA	CANCELADA	IBURA	RUA VALE DO ITAJAI	""	""	EM FRENTE A UPA	IBURA	""	""	COLISÃO FRONTAL	0,0	1,0	0,0	1,0	0,0	0,0	0,0	0,0	0,0	2,0	0,0	""	""	""	""	""	""	""	""	""	""	""	""	""
711	202307303,0	2023-04-01T00:00:00	11:11:00	SEM VÍTIMA	FINALIZADA	BOA VIAGEM	RUA DEZ DE JULHO	461	""	""	BOA VIAGEM	""	""	COLISÃO LATERAL	1,0	1,0	0,0	0,0	0,0	0,0	0,0	0,0	0,0	0,0	0,0	""	""	""	""	""	""	""	""	""	""	""	""	""
712	202307322,0	2023-04-02T00:00:00	07:13:00	VÍTIMA FATAL	FINALIZADA	PINA	AVENIDA CELSO FURTADO (VIA MANGUE)	""	""	SENTIDO BOA VIAGEM, PROX, AO AERO CLUBE	PINA	""	""	CHOQUE	0,0	1,0	0,0	0,0	0,0	0,0	0,0	0,0	0,0	1,0	1,0	""	""	""	""	""	""	""	""	""	""	""	""	""
713	202307347,0	2023-04-02T00:00:00	02:16:00	SEM VÍTIMA	FINALIZADA	IBURA	RUA DR OTAVIO DE MORAES VASCONCELOS	31A	""	EM FRENTE AO SUPERMERCADO TREVO	IBURA	""	""	COLISÃO LATERAL	1,0	0,0	0,0	0,0	0,0	0,0	1,0	0,0	0,0	0,0	0,0	""	""	""	""	""	""	""	""	""	""	""	""	""
714	202307359,0	2023-04-02T00:00:00	05:36:00	SEM VÍTIMA	FINALIZADA	VASCO DA GAMA	RUA FREDERICO OZANAN	164	""	PROXIMO AO LAR DE ITA	VASCO DA GAMA	""	""	COLISÃO LATERAL	0,0	0,0	0,0	0,0	0,0	0,0	0,0	2,0	0,0	0,0	0,0	""	""	""	""	""	""	""	""	""	""	""	""	""
715	202307366,0	2023-04-02T00:00:00	07:03:00	COM VÍTIMA	FINALIZADA	JARDIM SÃO PAULO	RUA LEANDRO BARRETO	231	""	ASSEMBLEIA DE DEUS	JARDIM SÃO PAULO	""	""	COLISÃO TRANSVERSAL	1,0	1,0	0,0	0,0	0,0	0,0	0,0	0,0	0,0	1,0	0,0	""	""	""	""	""	""	""	""	""	""	""	""	""
716	202307374,0	2023-04-03T00:00:00	12:47:00	COM VÍTIMA	CANCELADA	JOANA BEZERRA	PTE JOSE DE BARROS LIMA	""	""	SENTIDO  BOA VIAGEM	JOANA BEZERRA	""	""	ATROPELAMENTO DE PESSOA	1,0	0,0	0,0	0,0	1,0	0,0	0,0	0,0	0,0	1,0	0,0	""	""	""	""	""	""	""	""	""	""	""	""	""
717	202307375,0	2023-04-03T00:00:00	01:24:00	COM VÍTIMA	FINALIZADA	PORTO DA MADEIRA	AV BEBERIBE	""	""	EM FRENTE  ARENA SHOW BAR	PORTO DA MADEIRA	""	""	COLISÃO TRANSVERSAL	1,0	1,0	0,0	0,0	0,0	0,0	0,0	0,0	0,0	1,0	0,0	""	""	""	""	""	""	""	""	""	""	""	""	""
718	202307377,0	2023-04-03T00:00:00	03:56:00	COM VÍTIMA	FINALIZADA	TORRÕES	AV ENGENHEIRO ABDIAS DE CARVALHO	""	""	"EM FRENTE AO COMPAZ "" ARIANO SUASSUNA"""	TORRÕES	""	""	CHOQUE	1,0	0,0	0,0	0,0	0,0	0,0	0,0	0,0	0,0	1,0	0,0	""	""	""	""	""	""	""	""	""	""	""	""	""
719	202307383,0	2023-04-03T00:00:00	08:00:00	COM VÍTIMA	FINALIZADA	BAIRRO DO RECIFE	RUA AURORA	""	AV NORTE MIGUEL ARRAES DE ALENCAR	INICIO DA PONTE DO LIMOEIRO	BAIRRO DO RECIFE	""	""	COLISÃO TRASEIRA	1,0	0,0	0,0	1,0	0,0	0,0	0,0	0,0	0,0	1,0	0,0	""	""	""	""	""	""	""	""	""	""	""	""	""
720	202307384,0	2023-04-03T00:00:00	08:04:00	COM VÍTIMA	FINALIZADA	SÃO JOSÉ	AV DANTAS BARRETO	""	RUA SAO JOAO	PRÓX. AO TERMINAL DA LINHA 1002 / PRÓX. À CAIXA	SÃO JOSÉ	54,0	""	COLISÃO LATERAL	0,0	1,0	0,0	0,0	0,0	1,0	0,0	0,0	0,0	2,0	0,0	""	""	""	""	""	""	""	""	""	""	""	""	""
721	202307389,0	2023-04-03T00:00:00	08:28:00	COM VÍTIMA	DUPLICIDADE	SANTO AMARO	RUA DA AURORA	""	""	EM CIMA DA PONTE, PRÓX AO ANTIGO HOSPITAL DA COVID	SANTO AMARO	""	""	COLISÃO COM CICLISTA	1,0	0,0	0,0	1,0	0,0	0,0	0,0	0,0	0,0	1,0	0,0	""	""	""	""	""	""	""	""	""	""	""	""	""
722	202307396,0	2023-04-03T00:00:00	09:07:00	COM VÍTIMA	FINALIZADA	IBURA	AV RECIFE	3050	""	EM FRENTE AO  MAIS VISTORIAS	IBURA	""	""	COLISÃO LATERAL	1,0	1,0	0,0	0,0	0,0	0,0	0,0	0,0	0,0	1,0	0,0	""	""	""	""	""	""	""	""	""	""	""	""	""
723	202307406,0	2023-04-03T00:00:00	10:08:00	COM VÍTIMA	FINALIZADA	IBURA	AV RECIFE	""	RUA ROSA MAGALHAES	LADO OPOSTO AO ARMAZÉM CORAL	IBURA	""	""	ATROPELAMENTO DE PESSOA	1,0	0,0	0,0	0,0	1,0	0,0	0,0	0,0	0,0	1,0	0,0	""	""	""	""	""	""	""	""	""	""	""	""	""
724	202307414,0	2023-04-03T00:00:00	11:02:00	COM VÍTIMA	FINALIZADA	IMBIRIBEIRA	RUA BARAO DE AGUA BRANCA	376	""	PRÓX. AO COLÉGIO COGNITIVO	IMBIRIBEIRA	""	""	COLISÃO FRONTAL	3,0	0,0	0,0	0,0	0,0	0,0	0,0	0,0	0,0	2,0	0,0	""	""	""	""	""	""	""	""	""	""	""	""	""
725	202307424,0	2023-03-30T00:00:00	03:10:00	COM VÍTIMA	FINALIZADA	IBURA	RUA EMILIO MONTEIRO FONSECA	""	RUA VIRGINOPOLIS	""	IBURA	""	SUBURBIO	COLISÃO TRASEIRA	1,0	1,0	0,0	0,0	0,0	0,0	0,0	0,0	0,0	1,0	0,0	""	""	""	""	""	""	""	""	""	""	""	""	""
726	202307430,0	2023-04-03T00:00:00	02:40:00	SEM VÍTIMA	FINALIZADA	SÃO JOSÉ	RUA DA CONCORDIA	""	RUA DO PEIXOTO	""	SÃO JOSÉ	182,0	CIDADE	""	2,0	0,0	0,0	0,0	0,0	0,0	0,0	0,0	0,0	0,0	0,0	""	""	""	""	""	""	""	""	""	""	""	""	""
727	202307436,0	2023-04-03T00:00:00	04:26:00	COM VÍTIMA	FINALIZADA	BOA VISTA	RUA DOM BOSCO	908	RUA HENRIQUE DIAS	EM FRENTE DA CNBB	BOA VISTA	294,0	""	COLISÃO LATERAL	1,0	1,0	0,0	0,0	0,0	0,0	0,0	0,0	0,0	1,0	0,0	""	""	""	""	""	""	""	""	""	""	""	""	""
728	202307445,0	2023-04-03T00:00:00	05:49:00	COM VÍTIMA	CANCELADA	JARDIM SÃO PAULO	RUA GERSON MONTEIRO DE LIMA	764	""	PROX AO ANTIGO COLEGIO BETEL	JARDIM SÃO PAULO	""	""	CHOQUE	1,0	0,0	0,0	0,0	0,0	0,0	0,0	0,0	1,0	1,0	0,0	""	""	""	""	""	""	""	""	""	""	""	""	""
729	202307456,0	2023-04-03T00:00:00	08:47:00	COM VÍTIMA	FINALIZADA	AREIAS	RUA CAPITAO GREGORIO DE ALBUQUERQUE	687	""	PRÓXIMO A RUA DO INSPETOR BOSCO	AREIAS	""	""	ATROPELAMENTO DE PESSOA	1,0	0,0	0,0	0,0	1,0	0,0	0,0	0,0	0,0	1,0	0,0	""	""	""	""	""	""	""	""	""	""	""	""	""
730	202307458,0	2023-04-03T00:00:00	09:02:00	COM VÍTIMA	FINALIZADA	CORDEIRO	AV CAXANGA	3347	""	PRÓXIMO AO COLEGIO PIO XII	CORDEIRO	""	""	COLISÃO TRASEIRA	1,0	1,0	0,0	0,0	0,0	0,0	0,0	0,0	0,0	1,0	0,0	""	""	""	""	""	""	""	""	""	""	""	""	""
731	202307474,0	2023-04-04T00:00:00	07:16:00	SEM VÍTIMA	FINALIZADA	CAXANGÁ	AV JOAQUIM RIBEIRO	""	RUA GASTAO VIDIGAL	LADO OPOSTO AO POSTO SHELL	CAXANGÁ	281,0	CIDADE	""	1,0	0,0	0,0	0,0	0,0	1,0	0,0	0,0	0,0	0,0	0,0	""	""	""	""	""	""	""	""	""	""	""	""	""
732	202307481,0	2023-04-04T00:00:00	07:53:00	COM VÍTIMA	DUPLICIDADE	IMBIRIBEIRA	AV MARECHAL MASCARENHAS DE MORAES	""	""	EM FRENTE À CAOA	IMBIRIBEIRA	""	CIDADE	COLISÃO LATERAL	0,0	0,0	0,0	0,0	0,0	0,0	0,0	0,0	0,0	1,0	0,0	""	""	""	""	""	""	""	""	""	""	""	""	""
733	202307485,0	2023-04-04T00:00:00	08:03:00	COM VÍTIMA	FINALIZADA	IMBIRIBEIRA	AV MARECHAL MASCARENHAS DE MORAES	701	""	Concessionária CAOA Chery	IMBIRIBEIRA	""	""	COLISÃO LATERAL	1,0	1,0	0,0	0,0	0,0	0,0	0,0	0,0	0,0	1,0	0,0	""	""	""	""	""	""	""	""	""	""	""	""	""
734	202307490,0	2023-04-04T00:00:00	08:29:00	COM VÍTIMA	FINALIZADA	ENCRUZILHADA	AV BEBERIBE	""	""	AUTO ESCOLA BELEM	ENCRUZILHADA	""	""	COLISÃO LATERAL	1,0	1,0	0,0	0,0	0,0	0,0	0,0	0,0	0,0	1,0	0,0	""	""	""	""	""	""	""	""	""	""	""	""	""
735	202307492,0	2023-04-04T00:00:00	09:01:00	COM VÍTIMA	FINALIZADA	PAISSANDU	AV GOVERNADOR AGAMENON MAGALHAES	""	""	EM FRENTE AO HOSPITAL PORTUGUÊS	PAISSANDU	69,0	""	COLISÃO FRONTAL	1,0	1,0	0,0	0,0	0,0	0,0	0,0	0,0	0,0	2,0	0,0	""	""	""	""	""	""	""	""	""	""	""	""	""
736	202307497,0	2023-04-04T00:00:00	09:23:00	COM VÍTIMA	FINALIZADA	IPUTINGA	AV MAURICIO DE NASSAU	""	AV CAXANGA	PROXIMO A FUNDAÇÃO ALTINO VENTURA	IPUTINGA	""	""	COLISÃO LATERAL	0,0	0,0	0,0	0,0	0,0	0,0	0,0	0,0	0,0	1,0	0,0	""	""	""	""	""	""	""	""	""	""	""	""	""
737	202307527,0	2023-04-04T00:00:00	01:02:00	COM VÍTIMA	FINALIZADA	MADALENA	RUA BENFICA	1092	""	EM FRENTE AO MARTELINHO DE OURO	MADALENA	""	""	COLISÃO COM CICLISTA	0,0	0,0	0,0	1,0	0,0	1,0	0,0	0,0	0,0	1,0	0,0	""	""	""	""	""	""	""	""	""	""	""	""	""
738	202307528,0	2023-04-04T00:00:00	01:02:00	COM VÍTIMA	FINALIZADA	ÁGUA FRIA	RUA DR EUDES COSTA	21	""	E/F AO MERCADINHO MAIS VOCE TEM	ÁGUA FRIA	""	""	COLISÃO LATERAL	1,0	1,0	0,0	0,0	0,0	0,0	0,0	0,0	0,0	1,0	0,0	""	""	""	""	""	""	""	""	""	""	""	""	""
739	202307531,0	2023-04-04T00:00:00	01:11:00	SEM VÍTIMA	FINALIZADA	SÃO JOSÉ	C SANTA RITA	""	VDO DAS CINCO PONTAS	OPOSTO AO 16º BATALHÃO DA POLÍCIA MILITAR	SÃO JOSÉ	""	CIDADE	""	1,0	0,0	0,0	0,0	0,0	0,0	0,0	1,0	0,0	0,0	0,0	""	""	""	""	""	""	""	""	""	""	""	""	""
740	202307534,0	2023-04-04T00:00:00	01:33:00	COM VÍTIMA	CANCELADA	JORDÃO	RUA DR ALVARO FERRAZ	44	""	PROX AO TERMINAL DE JORDÃO BAIXO	JORDÃO	""	""	COLISÃO LATERAL	1,0	1,0	0,0	0,0	0,0	0,0	0,0	0,0	0,0	1,0	0,0	""	""	""	""	""	""	""	""	""	""	""	""	""
741	202307536,0	2023-04-04T00:00:00	02:59:00	COM VÍTIMA	FINALIZADA	BOA VIAGEM	RUA SA E SOUZA	154	""	PROXIMO A PADARIA SANTA ROSA	BOA VIAGEM	""	""	COLISÃO LATERAL	0,0	1,0	0,0	0,0	0,0	0,0	0,0	0,0	0,0	1,0	0,0	""	""	""	""	""	""	""	""	""	""	""	""	""
742	202307568,0	2023-04-05T00:00:00	01:48:00	COM VÍTIMA	FINALIZADA	BOA VIAGEM	AV BOA VIAGEM	4772	""	PRÓX. À PRACINHA DE BOA VIAGEM	BOA VIAGEM	""	""	COLISÃO TRASEIRA	1,0	1,0	0,0	0,0	0,0	0,0	0,0	0,0	0,0	1,0	0,0	""	""	""	""	""	""	""	""	""	""	""	""	""
743	202307584,0	2023-04-05T00:00:00	08:00:00	COM VÍTIMA	FINALIZADA	DERBY	RUA FELICIANO GOMES	342	""	CERPE	DERBY	""	""	COLISÃO FRONTAL	1,0	1,0	0,0	0,0	0,0	0,0	0,0	0,0	0,0	2,0	0,0	""	""	""	""	""	""	""	""	""	""	""	""	""
744	202307623,0	2023-04-05T00:00:00	01:47:00	COM VÍTIMA	FINALIZADA	ARRUDA	AV BEBERIBE	""	""	EM FRENTE AO BOMPREÇO DO ARRUDA	ARRUDA	""	""	COLISÃO LATERAL	1,0	1,0	0,0	0,0	0,0	0,0	0,0	0,0	0,0	1,0	0,0	""	""	""	""	""	""	""	""	""	""	""	""	""
745	202307625,0	2023-04-05T00:00:00	02:27:00	SEM VÍTIMA	FINALIZADA	ESPINHEIRO	AV GOVERNADOR AGAMENON MAGALHAES	2978	""	CREA - PE	ESPINHEIRO	""	CIDADE	COLISÃO TRANSVERSAL	2,0	0,0	0,0	0,0	0,0	0,0	0,0	0,0	0,0	0,0	0,0	""	""	""	""	""	""	""	""	""	""	""	""	""
746	202307628,0	2023-04-05T00:00:00	03:00:00	COM VÍTIMA	FINALIZADA	DERBY	AV GOVERNADOR AGAMENON MAGALHAES	""	""	E/F AO BRADESCO S, /T OLINDA	DERBY	""	""	COLISÃO TRASEIRA	0,0	2,0	0,0	0,0	0,0	0,0	0,0	0,0	0,0	2,0	0,0	""	""	""	""	""	""	""	""	""	""	""	""	""
747	202307631,0	2023-04-05T00:00:00	03:05:00	COM VÍTIMA	FINALIZADA	ESTÂNCIA	AV RECIFE	""	""	LADO OPOSTO AO ATACADÃO/ SENTIDO CAXANGA	ESTÂNCIA	""	""	COLISÃO LATERAL	0,0	2,0	0,0	0,0	0,0	0,0	0,0	0,0	0,0	1,0	0,0	""	""	""	""	""	""	""	""	""	""	""	""	""
748	202307634,0	2023-04-05T00:00:00	03:24:00	SEM VÍTIMA	FINALIZADA	AREIAS	RUA JOSE NATARIO	""	""	PROX A ESTAÇÃO DO WERNECK	AREIAS	""	""	COLISÃO LATERAL	0,0	1,0	0,0	0,0	0,0	1,0	0,0	0,0	0,0	0,0	0,0	""	""	""	""	""	""	""	""	""	""	""	""	""
749	202307653,0	2023-04-05T00:00:00	05:51:00	COM VÍTIMA	FINALIZADA	AFOGADOS	AV SUL	""	""	POLICLÍNICA AGAMENON MAGALHÃES	AFOGADOS	""	""	COLISÃO LATERAL	0,0	2,0	0,0	0,0	0,0	0,0	0,0	0,0	0,0	2,0	0,0	""	""	""	""	""	""	""	""	""	""	""	""	""
750	202307654,0	2023-04-05T00:00:00	05:53:00	COM VÍTIMA	FINALIZADA	IMBIRIBEIRA	AV ANTONIO TORRES GALVAO	442	RUA ALFREDO MARCONDES	""	IMBIRIBEIRA	""	""	COLISÃO TRANSVERSAL	0,0	1,0	0,0	0,0	0,0	0,0	1,0	0,0	0,0	1,0	0,0	""	""	""	""	""	""	""	""	""	""	""	""	""
751	202307660,0	2023-04-05T00:00:00	07:27:00	COM VÍTIMA	FINALIZADA	BOA VIAGEM	AVENIDA CELSO FURTADO (VIA MANGUE)	""	""	ANTES DO HIBER BOMPREÇO, NO VIADUTO	BOA VIAGEM	""	SUBURBIO	COLISÃO TRASEIRA	1,0	1,0	0,0	0,0	0,0	0,0	0,0	0,0	0,0	1,0	0,0	""	""	""	""	""	""	""	""	""	""	""	""	""
752	202307665,0	2023-04-05T00:00:00	09:19:00	COM VÍTIMA	CANCELADA	CÓRREGO DO JENIPAPO	RUA DAS FLORES	90	""	PRÓXIMO A UPINHA DO CORREGO DO JENIPAPO	CÓRREGO DO JENIPAPO	""	""	COLISÃO FRONTAL	1,0	1,0	0,0	0,0	0,0	0,0	0,0	0,0	0,0	2,0	0,0	""	""	""	""	""	""	""	""	""	""	""	""	""
753	202307667,0	2023-04-05T00:00:00	09:28:00	COM VÍTIMA	CANCELADA	BOA VIAGEM	AV ARMINDO MOURA	""	RUA VISCONDE DE JEQUITINHONHA	""	BOA VIAGEM	""	CIDADE	COLISÃO LATERAL	1,0	1,0	0,0	0,0	0,0	0,0	0,0	0,0	0,0	1,0	0,0	""	""	""	""	""	""	""	""	""	""	""	""	""
754	202307670,0	2023-04-06T00:00:00	01:21:00	SEM VÍTIMA	FINALIZADA	SANTO AMARO	AV GOVERNADOR AGAMENON MAGALHAES	""	""	SOB O VIADUTO  ENGº ROBERTO PEREIRA DE CARVALHO	SANTO AMARO	""	""	CHOQUE	0,0	0,0	0,0	0,0	0,0	0,0	0,0	1,0	0,0	0,0	0,0	""	""	""	""	""	""	""	""	""	""	""	""	""
755	202307676,0	2023-04-06T00:00:00	06:46:00	COM VÍTIMA	FINALIZADA	BAIRRO DO RECIFE	AV RIO BRANCO	""	CAIS DO APOLO	AO LADO DO BANCO DO BRASIL - SENT. SUBÚRBIO	BAIRRO DO RECIFE	19,0	""	COLISÃO TRASEIRA	1,0	1,0	0,0	0,0	0,0	0,0	0,0	0,0	0,0	1,0	0,0	""	""	""	""	""	""	""	""	""	""	""	""	""
756	202307693,0	2023-04-06T00:00:00	10:05:00	COM VÍTIMA	FINALIZADA	AREIAS	AV RECIFE	5008	""	EM FRENTE AO ATACADÃO SENT. BR-101	AREIAS	""	""	COLISÃO FRONTAL	1,0	1,0	0,0	0,0	0,0	0,0	0,0	0,0	0,0	1,0	0,0	""	""	""	""	""	""	""	""	""	""	""	""	""
757	202307695,0	2023-04-06T00:00:00	10:14:00	COM VÍTIMA	FINALIZADA	BOA VIAGEM	AVENIDA CELSO FURTADO (VIA MANGUE)	""	""	POR TRÁS DO ANTIGO EXTRA	BOA VIAGEM	""	CIDADE	COLISÃO LATERAL	0,0	0,0	0,0	0,0	0,0	0,0	0,0	0,0	0,0	1,0	0,0	""	""	""	""	""	""	""	""	""	""	""	""	""
758	202307698,0	2023-04-06T00:00:00	10:55:00	COM VÍTIMA	CANCELADA	CORDEIRO	RUA XAVIER DE BRITO	""	""	""	CORDEIRO	""	""	COLISÃO LATERAL	0,0	0,0	0,0	0,0	0,0	0,0	0,0	0,0	0,0	1,0	0,0	""	""	""	""	""	""	""	""	""	""	""	""	""
759	202307701,0	2023-04-06T00:00:00	11:22:00	COM VÍTIMA	FINALIZADA	AFOGADOS	RUA VINTE E UM DE ABRIL	2090	""	""	AFOGADOS	""	""	ATROPELAMENTO DE PESSOA	1,0	0,0	0,0	0,0	1,0	0,0	0,0	0,0	0,0	1,0	0,0	""	""	""	""	""	""	""	""	""	""	""	""	""
760	202307702,0	2023-04-06T00:00:00	11:48:00	COM VÍTIMA	FINALIZADA	CORDEIRO	RUA DR MIGUEL VIEIRA FERREIRA	721	RUA PROFESSOR JOAQUIM XAVIER DE BRITO	""	CORDEIRO	""	""	COLISÃO COM CICLISTA	0,0	1,0	0,0	1,0	0,0	0,0	0,0	0,0	0,0	2,0	0,0	""	""	""	""	""	""	""	""	""	""	""	""	""
761	202307703,0	2023-04-06T00:00:00	01:18:00	COM VÍTIMA	FINALIZADA	LINHA DO TIRO	RUA ALTO DOS COQUEIROS	105	""	""	LINHA DO TIRO	""	""	TOMBAMENTO	1,0	0,0	0,0	0,0	0,0	0,0	1,0	0,0	0,0	1,0	0,0	""	""	""	""	""	""	""	""	""	""	""	""	""
762	202307738,0	2023-04-07T00:00:00	08:29:00	SEM VÍTIMA	FINALIZADA	AFOGADOS	EST DOS REMEDIOS	1322	""	EM FRENTE À OFICINA CORSEL	AFOGADOS	""	""	COLISÃO FRONTAL	0,0	1,0	0,0	0,0	0,0	0,0	0,0	0,0	0,0	0,0	0,0	""	""	""	""	""	""	""	""	""	""	""	""	""
763	202307743,0	2023-04-08T00:00:00	03:54:00	SEM VÍTIMA	FINALIZADA	ILHA DO RETIRO	AV ENGENHEIRO ABDIAS DE CARVALHO	""	""	EM FRENTE AO SPORT	ILHA DO RETIRO	""	""	COLISÃO LATERAL	0,0	0,0	0,0	0,0	0,0	0,0	0,0	0,0	0,0	0,0	0,0	""	""	""	""	""	""	""	""	""	""	""	""	""
764	202307750,0	2023-04-08T00:00:00	07:02:00	SEM VÍTIMA	FINALIZADA	VÁRZEA	RUA TORRES HOMEM	""	""	""	VÁRZEA	""	""	APOIO CELPE	0,0	0,0	0,0	0,0	0,0	0,0	0,0	0,0	0,0	0,0	0,0	""	""	""	""	""	""	""	""	""	""	""	""	""