_id	Protocolo	data	hora	natureza	situacao	bairro	endereco	numero	detalhe_endereco_acidente	complemento	bairro_cruzamento	num_semaforo	sentido_via	tipo	auto	moto	ciclom	ciclista	pedestre	onibus	caminhao	viatura	outros	vitimas	vitimasfatais	acidente_verificado	tempo_clima	situacao_semaforo	sinalizacao	condicao_via	conservacao_via	ponto_controle	situacao_placa	velocidade_max_via	mao_direcao	divisao_via1	divisao_via2	divisao_via3
765	202307751,0	2023-04-08T00:00:00	09:04:00	SEM VÍTIMA	FINALIZADA	VÁRZEA	RUA TORRES HOMEM	""	""	""	VÁRZEA	""	""	APOIO CELPE	0,0	0,0	0,0	0,0	0,0	0,0	0,0	0,0	0,0	0,0	0,0	""	""	""	""	""	""	""	""	""	""	""	""	""
766	202307759,0	2023-04-08T00:00:00	10:59:00	COM VÍTIMA	FINALIZADA	SANTO ANTÔNIO	PTE BUARQUE DE MACEDO	""	AV MARTINS DE BARROS	""	SANTO ANTÔNIO	""	""	COLISÃO TRASEIRA	1,0	1,0	0,0	0,0	0,0	0,0	0,0	0,0	0,0	2,0	0,0	""	""	""	""	""	""	""	""	""	""	""	""	""
767	202307761,0	2023-04-08T00:00:00	12:42:00	COM VÍTIMA	FINALIZADA	BEBERIBE	AV BEBERIBE	1923	""	""	BEBERIBE	""	""	COLISÃO LATERAL	1,0	1,0	0,0	0,0	0,0	0,0	0,0	0,0	0,0	1,0	0,0	""	""	""	""	""	""	""	""	""	""	""	""	""
768	202307777,0	2023-04-08T00:00:00	09:45:00	COM VÍTIMA	FINALIZADA	AREIAS	AV DR JOSE RUFINO	1637	""	PRÓXIMO À IGREJA PRESBITERIANA	AREIAS	""	""	COLISÃO LATERAL	1,0	1,0	0,0	0,0	0,0	0,0	0,0	0,0	0,0	1,0	0,0	""	""	""	""	""	""	""	""	""	""	""	""	""
769	202307794,0	2023-04-09T00:00:00	09:43:00	SEM VÍTIMA	FINALIZADA	SANTO ANTÔNIO	RUA NOSSA SRA DO CARMO	""	RUA DO RANGEL	SEMÁFORO Nº 017	SANTO ANTÔNIO	17,0	CIDADE	""	1,0	0,0	0,0	0,0	0,0	0,0	0,0	0,0	0,0	0,0	0,0	""	""	""	""	""	""	""	""	""	""	""	""	""
770	202307805,0	2023-04-09T00:00:00	04:40:00	COM VÍTIMA	FINALIZADA	TAMARINEIRA	RUA SEBASTIAO MALTA ARCOVERDE	60	""	EM FRENTE AO FAACA BURGUER	TAMARINEIRA	""	""	COLISÃO LATERAL	1,0	1,0	0,0	0,0	0,0	0,0	0,0	0,0	0,0	1,0	0,0	""	""	""	""	""	""	""	""	""	""	""	""	""
771	202307810,0	2023-04-09T00:00:00	07:30:00	COM VÍTIMA	FINALIZADA	BOA VIAGEM	AV ENGENHEIRO DOMINGOS FERREIRA	""	""	EM FRENTE AO SPETTUS	BOA VIAGEM	""	""	COLISÃO LATERAL	1,0	1,0	0,0	0,0	0,0	0,0	0,0	0,0	0,0	1,0	0,0	""	""	""	""	""	""	""	""	""	""	""	""	""
772	202307811,0	2023-04-09T00:00:00	09:46:00	COM VÍTIMA	FINALIZADA	IBURA	AV DOIS RIOS	""	""	PRÓXIMO A LADEIRA DA COHAB	IBURA	""	""	COLISÃO LATERAL	1,0	1,0	0,0	0,0	0,0	0,0	0,0	0,0	0,0	2,0	0,0	""	""	""	""	""	""	""	""	""	""	""	""	""
773	202307812,0	2023-04-10T00:00:00	12:07:00	COM VÍTIMA	FINALIZADA	""	AV BEBERIBE	""	""	EM FRENTE AO SEST SENAT	""	""	""	COLISÃO TRANSVERSAL	0,0	0,0	0,0	0,0	0,0	0,0	0,0	0,0	0,0	1,0	0,0	""	""	""	""	""	""	""	""	""	""	""	""	""
774	202307813,0	2023-04-10T00:00:00	04:55:00	VÍTIMA FATAL	FINALIZADA	BOA VIAGEM	AV BOA VIAGEM	4558	""	EM FRENTE AO EDF. MARIA LEOPOLDINA	BOA VIAGEM	152,0	""	TOMBAMENTO	1,0	0,0	0,0	0,0	0,0	0,0	0,0	0,0	0,0	1,0	1,0	""	""	""	""	""	""	""	""	""	""	""	""	""
775	202307833,0	2023-04-10T00:00:00	10:02:00	COM VÍTIMA	FINALIZADA	PINA	RUA MANOEL DE BRITO	""	""	INÍCIO DO TÚNEL JOSUÉ DE CASTRO	PINA	""	""	COLISÃO LATERAL	3,0	1,0	0,0	0,0	0,0	0,0	0,0	0,0	0,0	1,0	0,0	""	""	""	""	""	""	""	""	""	""	""	""	""
776	202307837,0	2023-04-10T00:00:00	10:14:00	COM VÍTIMA	FINALIZADA	MADALENA	AV BEIRA RIO	825	""	EM FRENTE AO EDF. RIVER TOWER RESIDENCE	MADALENA	""	""	COLISÃO LATERAL	1,0	1,0	0,0	0,0	0,0	0,0	0,0	0,0	0,0	1,0	0,0	""	""	""	""	""	""	""	""	""	""	""	""	""
777	202307861,0	2023-04-10T00:00:00	02:41:00	COM VÍTIMA	FINALIZADA	TORRE	RUA REAL DA TORRE	1642	""	EM FRENTE A ESCOLA DESPERTAR	TORRE	""	""	COLISÃO LATERAL	1,0	1,0	0,0	0,0	0,0	0,0	0,0	0,0	0,0	2,0	0,0	""	""	""	""	""	""	""	""	""	""	""	""	""
778	202307865,0	2023-04-10T00:00:00	02:56:00	COM VÍTIMA	FINALIZADA	BOA VISTA	AV MANOEL BORBA	251	""	EM FRENTE AO VAREJÃO	BOA VISTA	""	""	COLISÃO LATERAL	1,0	1,0	0,0	0,0	0,0	0,0	0,0	0,0	0,0	1,0	0,0	""	""	""	""	""	""	""	""	""	""	""	""	""
779	202307869,0	2023-04-10T00:00:00	03:47:00	COM VÍTIMA	FINALIZADA	GRAÇAS	AV RUI BARBOSA	""	""	EM FRENTE AO RESTAURANTE PAPA CAPIM E COLEGIO DAMAS	GRAÇAS	""	""	COLISÃO COM CICLISTA	1,0	0,0	0,0	1,0	0,0	0,0	0,0	0,0	0,0	1,0	0,0	""	""	""	""	""	""	""	""	""	""	""	""	""
780	202307874,0	2023-04-10T00:00:00	05:50:00	COM VÍTIMA	FINALIZADA	SANTO AMARO	RUA FRANCISCO JACINTO	195	""	PROX A DELEGACIA DA MULHER	SANTO AMARO	""	""	COLISÃO LATERAL	1,0	1,0	0,0	0,0	0,0	0,0	0,0	0,0	0,0	1,0	0,0	""	""	""	""	""	""	""	""	""	""	""	""	""
781	202307876,0	2023-04-10T00:00:00	06:24:00	SEM VÍTIMA	CANCELADA	SANTO ANTÔNIO	RUA SIQUEIRA CAMPOS	""	AV DANTAS BARRETO	PROX A SICREDE	SANTO ANTÔNIO	""	""	COLISÃO LATERAL	2,0	0,0	0,0	0,0	0,0	0,0	0,0	0,0	0,0	0,0	0,0	""	""	""	""	""	""	""	""	""	""	""	""	""
782	202307877,0	2023-04-10T00:00:00	06:36:00	COM VÍTIMA	FINALIZADA	CAXANGÁ	AV CAXANGA	""	""	EM FRENTE A PRAÇA ESTEVÃO DE SÁ	CAXANGÁ	""	""	COLISÃO TRASEIRA	1,0	1,0	0,0	0,0	0,0	0,0	0,0	0,0	0,0	2,0	0,0	""	""	""	""	""	""	""	""	""	""	""	""	""
783	202307885,0	2023-04-10T00:00:00	07:22:00	COM VÍTIMA	FINALIZADA	GUABIRABA	AV DA RECUPERACAO	""	""	PROXIMO  UPA DE GUABIRABA	GUABIRABA	""	""	COLISÃO FRONTAL	0,0	2,0	0,0	0,0	0,0	0,0	0,0	0,0	0,0	2,0	0,0	""	""	""	""	""	""	""	""	""	""	""	""	""
784	202307886,0	2023-04-10T00:00:00	07:31:00	COM VÍTIMA	FINALIZADA	DERBY	AV GOVERNADOR AGAMENON MAGALHAES	""	""	EM FRENTE AO HOSPITAL MEMORIAL SÃO JOSÉ	DERBY	""	""	COLISÃO LATERAL	0,0	1,0	0,0	1,0	0,0	0,0	0,0	0,0	0,0	1,0	0,0	""	""	""	""	""	""	""	""	""	""	""	""	""
785	202307889,0	2023-04-10T00:00:00	09:19:00	SEM VÍTIMA	FINALIZADA	IPSEP	AV RECIFE	34	""	RODK AUTO	IPSEP	""	""	""	1,0	0,0	0,0	0,0	0,0	0,0	1,0	0,0	0,0	0,0	0,0	""	""	""	""	""	""	""	""	""	""	""	""	""
786	202307919,0	2023-04-11T00:00:00	10:25:00	COM VÍTIMA	FINALIZADA	IMBIRIBEIRA	RUA ARQUITETO LUIZ NUNES	1373	""	PRÓX. AO ATACAREJO NOVO TEMPO	IMBIRIBEIRA	""	""	COLISÃO TRASEIRA	1,0	1,0	0,0	0,0	0,0	0,0	0,0	0,0	0,0	1,0	0,0	""	""	""	""	""	""	""	""	""	""	""	""	""
787	202307936,0	2023-04-11T00:00:00	12:11:00	SEM VÍTIMA	FINALIZADA	IMBIRIBEIRA	AV MARECHAL MASCARENHAS DE MORAES	2252	""	EM FRENTE À FERREIRA COSTA	IMBIRIBEIRA	386,0	CIDADE	""	0,0	1,0	0,0	0,0	0,0	0,0	1,0	0,0	0,0	0,0	0,0	""	""	""	""	""	""	""	""	""	""	""	""	""
788	202307945,0	2023-04-11T00:00:00	02:05:00	COM VÍTIMA	FINALIZADA	APIPUCOS	RUA DE APIPUCOS	685	""	CONDOMINIO RESERVA DE APIPUCOS	APIPUCOS	""	""	COLISÃO FRONTAL	1,0	1,0	0,0	0,0	0,0	0,0	0,0	0,0	0,0	2,0	0,0	""	""	""	""	""	""	""	""	""	""	""	""	""
789	202307953,0	2023-04-11T00:00:00	02:52:00	SEM VÍTIMA	CANCELADA	TORRE	RUA CANTORA CLARA NUNES	1	""	AO LADO DA IGREJA CAPELINHA	TORRE	""	""	COLISÃO TRASEIRA	2,0	0,0	0,0	0,0	0,0	0,0	0,0	0,0	0,0	0,0	0,0	""	""	""	""	""	""	""	""	""	""	""	""	""
790	202307962,0	2023-04-11T00:00:00	06:06:00	COM VÍTIMA	FINALIZADA	MACAXEIRA	AV NORTE MIGUEL ARRAES DE ALENCAR	150	""	EM FRENTE AO HOTEL NEXOS	MACAXEIRA	""	""	COLISÃO LATERAL	0,0	2,0	0,0	0,0	0,0	0,0	0,0	0,0	0,0	2,0	0,0	""	""	""	""	""	""	""	""	""	""	""	""	""
791	202307968,0	2023-04-11T00:00:00	07:19:00	COM VÍTIMA	FINALIZADA	SÃO JOSÉ	RUA DO FORTE	""	""	AO LADO DO FORTE DAS CINCO PONTAS	SÃO JOSÉ	""	""	ATROPELAMENTO DE PESSOA	1,0	0,0	0,0	0,0	0,0	0,0	0,0	0,0	0,0	1,0	0,0	""	""	""	""	""	""	""	""	""	""	""	""	""
792	202307971,0	2023-04-11T00:00:00	08:18:00	COM VÍTIMA	FINALIZADA	ARRUDA	RUA SETE PECADOS	252	""	ARMAZEM CORAL	ARRUDA	""	""	COLISÃO LATERAL	1,0	1,0	0,0	0,0	0,0	0,0	0,0	0,0	0,0	1,0	0,0	""	""	""	""	""	""	""	""	""	""	""	""	""
793	202307974,0	2023-04-11T00:00:00	11:08:00	COM VÍTIMA	FINALIZADA	GRAÇAS	RUA JOAO RAMOS	""	""	PIZZARIA ATLÂNTICO	GRAÇAS	""	""	COLISÃO TRASEIRA	1,0	1,0	0,0	0,0	0,0	0,0	0,0	0,0	0,0	1,0	0,0	""	""	""	""	""	""	""	""	""	""	""	""	""
794	202307978,0	2023-04-12T00:00:00	05:59:00	SEM VÍTIMA	FINALIZADA	BOA VIAGEM	RUA JOSE ADERVAL CHAVES	""	""	""	BOA VIAGEM	""	""	APOIO CELPE	0,0	0,0	0,0	0,0	0,0	0,0	0,0	0,0	0,0	0,0	0,0	""	""	""	""	""	""	""	""	""	""	""	""	""
795	202307987,0	2023-04-12T00:00:00	07:35:00	SEM VÍTIMA	FINALIZADA	TORRÕES	RUA DES CAPISTRANO DE MORAES E SILVA	280	""	AO LADO DA PRAÇA JARDIM DO FORTE DO BOM JESUS	TORRÕES	""	CIDADE	COLISÃO TRANSVERSAL	2,0	0,0	0,0	0,0	0,0	0,0	0,0	0,0	0,0	0,0	0,0	""	""	""	""	""	""	""	""	""	""	""	""	""
796	202307990,0	2023-04-12T00:00:00	08:31:00	COM VÍTIMA	FINALIZADA	SANTO AMARO	AV GOVERNADOR AGAMENON MAGALHAES	1302	""	EM FRENTE AO POSTO BR, SENT. BOA VIAGEM	SANTO AMARO	""	""	COLISÃO LATERAL	1,0	1,0	0,0	0,0	0,0	0,0	0,0	0,0	0,0	1,0	0,0	""	""	""	""	""	""	""	""	""	""	""	""	""
797	202307995,0	2023-04-12T00:00:00	08:51:00	COM VÍTIMA	FINALIZADA	SAN MARTIN	AV JOAO CABRAL DE MELO NETO	""	""	PRÓX. AO LAVA A JATO DO BRUNO	SAN MARTIN	""	""	ATROPELAMENTO DE PESSOA	0,0	1,0	0,0	0,0	1,0	0,0	0,0	0,0	0,0	1,0	0,0	""	""	""	""	""	""	""	""	""	""	""	""	""
798	202308000,0	2023-04-11T00:00:00	12:06:00	COM VÍTIMA	FINALIZADA	CASA AMARELA	AV NORTE MIGUEL ARRAES DE ALENCAR	6591	""	""	CASA AMARELA	""	CIDADE	TOMBAMENTO	0,0	1,0	0,0	0,0	0,0	0,0	0,0	0,0	0,0	1,0	0,0	""	""	""	""	""	""	""	""	""	""	""	""	""
799	202308022,0	2023-04-12T00:00:00	12:11:00	COM VÍTIMA	FINALIZADA	ESPINHEIRO	AV GOVERNADOR AGAMENON MAGALHAES	""	""	EM FRENTE À MEDICAL	ESPINHEIRO	""	""	COLISÃO LATERAL	1,0	1,0	0,0	0,0	0,0	0,0	0,0	0,0	0,0	1,0	0,0	""	""	""	""	""	""	""	""	""	""	""	""	""
800	202308032,0	2023-04-12T00:00:00	01:36:00	COM VÍTIMA	FINALIZADA	IMBIRIBEIRA	AV MARECHAL MASCARENHAS DE MORAES	2716	""	ESQUINA DO GERALDAO S/T AEROPORTO	IMBIRIBEIRA	""	""	ENGAVETAMENTO	3,0	0,0	0,0	0,0	0,0	0,0	0,0	0,0	0,0	1,0	0,0	""	""	""	""	""	""	""	""	""	""	""	""	""
801	202308042,0	2023-04-12T00:00:00	03:37:00	COM VÍTIMA	FINALIZADA	CAMPINA DO BARRETO	RUA CORONEL URBANO RIBEIRO DE SENA	838	""	PROX ACADEMIA DA CIDADE	CAMPINA DO BARRETO	""	""	COLISÃO COM CICLISTA	1,0	0,0	0,0	1,0	0,0	0,0	0,0	0,0	0,0	1,0	0,0	""	""	""	""	""	""	""	""	""	""	""	""	""
802	202308047,0	2023-04-12T00:00:00	05:38:00	COM VÍTIMA	FINALIZADA	SANTO AMARO	AV NORTE MIGUEL ARRAES DE ALENCAR	""	""	PROX AO SENAI	SANTO AMARO	""	""	ATROPELAMENTO DE PESSOA	0,0	1,0	0,0	0,0	1,0	0,0	0,0	0,0	0,0	1,0	0,0	""	""	""	""	""	""	""	""	""	""	""	""	""
803	202308048,0	2023-04-12T00:00:00	06:11:00	SEM VÍTIMA	FINALIZADA	ILHA JOANA BEZERRA	AV MARTIN LUTHER KING	""	""	ACADEMIA DA CIDADE DE JOANA BEZERRA	ILHA JOANA BEZERRA	""	""	ATROPELAMENTO DE ANIMAL	0,0	0,0	0,0	0,0	0,0	0,0	0,0	1,0	0,0	0,0	0,0	""	""	""	""	""	""	""	""	""	""	""	""	""
804	202308082,0	2023-04-13T00:00:00	07:53:00	COM VÍTIMA	FINALIZADA	PRADO	AV ENGENHEIRO ABDIAS DE CARVALHO	""	""	""	PRADO	""	""	COLISÃO TRASEIRA	1,0	1,0	0,0	0,0	0,0	0,0	0,0	0,0	0,0	1,0	0,0	""	""	""	""	""	""	""	""	""	""	""	""	""
805	202308095,0	2023-04-13T00:00:00	10:43:00	COM VÍTIMA	FINALIZADA	AFOGADOS	RUA AUGUSTO CALHEIROS	18	""	EM FRENTE A IMPORT PNEUS	AFOGADOS	""	""	COLISÃO LATERAL	1,0	1,0	0,0	0,0	0,0	0,0	0,0	0,0	0,0	1,0	0,0	""	""	""	""	""	""	""	""	""	""	""	""	""
806	202308099,0	2023-04-13T00:00:00	11:43:00	COM VÍTIMA	FINALIZADA	PINA	RUA NOGUEIRA DE SOUZA	""	""	PRÓX. AO CALDINHO DO NENÊ E DO SHOPPING RIO MAR	PINA	""	""	COLISÃO LATERAL	1,0	1,0	0,0	0,0	0,0	0,0	0,0	0,0	0,0	1,0	0,0	""	""	""	""	""	""	""	""	""	""	""	""	""
807	202308114,0	2023-04-13T00:00:00	02:39:00	SEM VÍTIMA	CANCELADA	GRAÇAS	RUA CARDEAL ARCOVERDE	276	""	LANCHONETE PARADA OBRIGATORIA	GRAÇAS	""	""	COLISÃO LATERAL	1,0	1,0	0,0	0,0	0,0	0,0	0,0	0,0	0,0	0,0	0,0	""	""	""	""	""	""	""	""	""	""	""	""	""
808	202308121,0	2023-04-13T00:00:00	03:28:00	SEM VÍTIMA	CANCELADA	ILHA JOANA BEZERRA	PTE JOSE DE BARROS LIMA	""	""	""	ILHA JOANA BEZERRA	""	""	COLISÃO LATERAL	2,0	0,0	0,0	0,0	0,0	0,0	0,0	0,0	0,0	0,0	0,0	""	""	""	""	""	""	""	""	""	""	""	""	""
809	202308123,0	2023-04-13T00:00:00	03:47:00	SEM VÍTIMA	FINALIZADA	BOA VISTA	RUA DO PRINCIPE	""	""	RUA AFONSO PENA	BOA VISTA	""	CIDADE	""	1,0	0,0	0,0	0,0	0,0	1,0	0,0	0,0	0,0	0,0	0,0	""	""	""	""	""	""	""	""	""	""	""	""	""
810	202308126,0	2023-04-13T00:00:00	04:59:00	COM VÍTIMA	FINALIZADA	ILHA JOANA BEZERRA	PTE JOSE DE BARROS LIMA	""	""	SENTIDO DERBY	ILHA JOANA BEZERRA	""	""	ATROPELAMENTO DE PESSOA	0,0	0,0	0,0	0,0	1,0	0,0	0,0	0,0	0,0	1,0	0,0	""	""	""	""	""	""	""	""	""	""	""	""	""
811	202308143,0	2023-04-13T00:00:00	10:22:00	COM VÍTIMA	FINALIZADA	IMBIRIBEIRA	RUA SARGENTO SILVINO DE MACEDO	""	RUA JOSE DA SILVA LUCENA	PRÓXIMO AO CAMPO	IMBIRIBEIRA	""	""	COLISÃO TRANSVERSAL	1,0	1,0	0,0	0,0	0,0	0,0	0,0	0,0	0,0	1,0	0,0	""	""	""	""	""	""	""	""	""	""	""	""	""
812	202308182,0	2023-04-14T00:00:00	11:21:00	COM VÍTIMA	FINALIZADA	BOA VIAGEM	AVENIDA CELSO FURTADO (VIA MANGUE)	""	""	ACESSO A ANTONIO FALCÃO	BOA VIAGEM	""	""	CHOQUE	1,0	0,0	0,0	0,0	0,0	0,0	0,0	0,0	0,0	1,0	0,0	""	""	""	""	""	""	""	""	""	""	""	""	""
813	202308186,0	2023-04-14T00:00:00	11:38:00	COM VÍTIMA	FINALIZADA	VÁRZEA	RUA PROFESSOR ANTONIO COELHO	""	RUA EMILIANO BRAGA	PRÓX. AO COLÉGIO E CURSO DESAFIO	VÁRZEA	""	""	COLISÃO LATERAL	1,0	1,0	0,0	0,0	0,0	0,0	0,0	0,0	0,0	1,0	0,0	""	""	""	""	""	""	""	""	""	""	""	""	""
814	202308187,0	2023-04-14T00:00:00	11:38:00	SEM VÍTIMA	FINALIZADA	ESTÂNCIA	AV DR JOSE RUFINO	241	""	""	ESTÂNCIA	""	CIDADE	COLISÃO LATERAL	1,0	0,0	0,0	0,0	0,0	0,0	1,0	0,0	0,0	0,0	0,0	""	""	""	""	""	""	""	""	""	""	""	""	""
815	202308188,0	2023-04-14T00:00:00	11:42:00	SEM VÍTIMA	FINALIZADA	PASSARINHO	AV CONCRIS	S/N	""	E/F ESCOLA MUNICIPAL MARLUCE SANTIAGO DA SILVA	PASSARINHO	""	SUBURBIO	COLISÃO TRANSVERSAL	1,0	0,0	0,0	0,0	0,0	0,0	0,0	1,0	0,0	0,0	0,0	""	""	""	""	""	""	""	""	""	""	""	""	""
816	202308195,0	2023-04-14T00:00:00	01:19:00	COM VÍTIMA	FINALIZADA	APIPUCOS	RUA DE APIPUCOS	""	""	EM FRENTE AO PARQUE APIPUCOS	APIPUCOS	""	""	COLISÃO TRASEIRA	1,0	1,0	0,0	0,0	0,0	0,0	0,0	0,0	0,0	1,0	0,0	""	""	""	""	""	""	""	""	""	""	""	""	""
817	202308248,0	2023-04-14T00:00:00	08:23:00	COM VÍTIMA	FINALIZADA	DOIS IRMÃOS	RUA MANUEL DE MEDEIROS	""	""	EM FRENTE AO BAR DA CURVA	DOIS IRMÃOS	""	SUBURBIO	COLISÃO LATERAL	0,0	1,0	0,0	0,0	0,0	0,0	1,0	0,0	0,0	1,0	0,0	""	""	""	""	""	""	""	""	""	""	""	""	""
818	202308305,0	2023-04-15T00:00:00	11:24:00	COM VÍTIMA	FINALIZADA	ROSARINHO	AV SANTOS DUMONT	""	RUA CAIO PEREIRA	PROX. AO EDF. ARTEMIS	ROSARINHO	""	""	COLISÃO LATERAL	1,0	1,0	0,0	0,0	0,0	0,0	0,0	0,0	0,0	1,0	0,0	""	""	""	""	""	""	""	""	""	""	""	""	""
819	202308307,0	2023-04-15T00:00:00	11:46:00	COM VÍTIMA	FINALIZADA	AFOGADOS	RUA SAO MIGUEL	1428	""	PROX AO POSTO DE GASOLINA JOÃO DIAS	AFOGADOS	""	""	COLISÃO LATERAL	1,0	1,0	0,0	0,0	0,0	0,0	0,0	0,0	0,0	1,0	0,0	""	""	""	""	""	""	""	""	""	""	""	""	""
820	202308316,0	2023-04-15T00:00:00	01:52:00	COM VÍTIMA	FINALIZADA	JOANA BEZERRA	AV SUL	""	""	ENFRENTE AO POSTO BR	JOANA BEZERRA	""	""	COLISÃO LATERAL	0,0	1,0	0,0	0,0	0,0	1,0	0,0	0,0	0,0	1,0	0,0	""	""	""	""	""	""	""	""	""	""	""	""	""
821	202308340,0	2023-04-15T00:00:00	07:51:00	COM VÍTIMA	FINALIZADA	PINA	AVENIDA CELSO FURTADO (VIA MANGUE)	""	""	POR TRÁS DO AÇAÍ ATACADISTA	PINA	""	""	COLISÃO TRASEIRA	1,0	1,0	0,0	0,0	0,0	0,0	0,0	0,0	0,0	1,0	0,0	""	""	""	""	""	""	""	""	""	""	""	""	""
822	202308345,0	2023-04-15T00:00:00	10:01:00	COM VÍTIMA	FINALIZADA	BOA VIAGEM	RUA DEZ DE JULHO	481	RUA CAMBOIM	PRÓXIMO A ESTAÇÃO DO AEROPORTO	BOA VIAGEM	""	""	COLISÃO TRANSVERSAL	1,0	1,0	0,0	0,0	0,0	0,0	0,0	0,0	0,0	2,0	0,0	""	""	""	""	""	""	""	""	""	""	""	""	""
823	202308348,0	2023-04-16T00:00:00	01:02:00	SEM VÍTIMA	FINALIZADA	IMBIRIBEIRA	AV MARECHAL MASCARENHAS DE MORAES	945	AV PINHEIROS	GRILLO HOME CENTER	IMBIRIBEIRA	396,0	CIDADE	COLISÃO TRANSVERSAL	1,0	0,0	0,0	0,0	0,0	1,0	0,0	0,0	0,0	0,0	0,0	""	""	""	""	""	""	""	""	""	""	""	""	""
824	202308362,0	2023-04-16T00:00:00	08:31:00	COM VÍTIMA	FINALIZADA	IPUTINGA	AV CAXANGA	3841	""	EM FRENTE A FACULDADE IMACULADA CONCEIÇÃO DO RECIFE	IPUTINGA	""	""	COLISÃO TRASEIRA	1,0	1,0	0,0	0,0	0,0	0,0	0,0	0,0	0,0	2,0	0,0	""	""	""	""	""	""	""	""	""	""	""	""	""
825	202308372,0	2023-04-16T00:00:00	01:36:00	COM VÍTIMA	FINALIZADA	IMBIRIBEIRA	AV MARECHAL MASCARENHAS DE MORAES	440	""	FLOR ARTE	IMBIRIBEIRA	""	""	COLISÃO TRASEIRA	1,0	1,0	0,0	0,0	0,0	0,0	0,0	0,0	0,0	1,0	0,0	""	""	""	""	""	""	""	""	""	""	""	""	""
826	202308375,0	2023-04-16T00:00:00	03:07:00	COM VÍTIMA	FINALIZADA	IBURA	AV JORNALISTA COSTA PORTO	969	""	EM FRENTE A ASSEMBLEIA DE DEUS CAMPOS JORDÃO	IBURA	""	""	COLISÃO FRONTAL	0,0	1,0	0,0	0,0	0,0	1,0	0,0	0,0	0,0	1,0	0,0	""	""	""	""	""	""	""	""	""	""	""	""	""
827	202308377,0	2023-04-16T00:00:00	03:20:00	SEM VÍTIMA	FINALIZADA	DERBY	AV GOVERNADOR AGAMENON MAGALHAES	""	""	ORTODENTE / PRAÇA DO DERBY	DERBY	""	SUBURBIO	COLISÃO TRASEIRA	2,0	0,0	0,0	0,0	0,0	0,0	0,0	0,0	0,0	0,0	0,0	""	""	""	""	""	""	""	""	""	""	""	""	""
828	202308386,0	2023-04-16T00:00:00	05:30:00	SEM VÍTIMA	FINALIZADA	BOA VIAGEM	AV CONSELHEIRO AGUIAR	2878	""	PANIFICADORA DELICATESSEN CARMEM	BOA VIAGEM	""	""	COLISÃO LATERAL	1,0	0,0	0,0	0,0	0,0	1,0	0,0	0,0	0,0	0,0	0,0	""	""	""	""	""	""	""	""	""	""	""	""	""
829	202308388,0	2023-04-16T00:00:00	05:56:00	COM VÍTIMA	FINALIZADA	VÁRZEA	RUA MARIO CAMPELO	338	""	RUA RESIDENCIAL	VÁRZEA	""	""	COLISÃO FRONTAL	1,0	1,0	0,0	0,0	0,0	0,0	0,0	0,0	0,0	2,0	0,0	""	""	""	""	""	""	""	""	""	""	""	""	""
830	202308407,0	2023-04-16T00:00:00	10:55:00	SEM VÍTIMA	CANCELADA	IPUTINGA	RUA LEAL DE BARROS	235	""	PRÓX. À PIZZARIA PAULIYNE	IPUTINGA	""	""	COLISÃO TRASEIRA	2,0	1,0	0,0	0,0	0,0	0,0	0,0	0,0	0,0	0,0	0,0	""	""	""	""	""	""	""	""	""	""	""	""	""
831	202308408,0	2023-04-16T00:00:00	11:38:00	SEM VÍTIMA	CANCELADA	BOA VIAGEM	AV ANTONIO DE GOES	""	""	EM CIMA DA PONTE	BOA VIAGEM	""	""	COLISÃO LATERAL	2,0	0,0	0,0	0,0	0,0	0,0	0,0	0,0	0,0	0,0	0,0	""	""	""	""	""	""	""	""	""	""	""	""	""
832	202308413,0	2023-04-17T00:00:00	06:55:00	COM VÍTIMA	FINALIZADA	IPSEP	RUA JEAN EMILE FAVRE	""	""	EM FRENTE A UNIFBV	IPSEP	""	""	COLISÃO LATERAL	1,0	1,0	0,0	0,0	0,0	0,0	0,0	0,0	0,0	1,0	0,0	""	""	""	""	""	""	""	""	""	""	""	""	""
833	202308418,0	2023-04-17T00:00:00	07:32:00	COM VÍTIMA	FINALIZADA	IPSEP	AV RECIFE	""	""	EM CIMA DO VIADUTO, APOS O ARMAZEM CORAL, SENT. AEROPORTO	IPSEP	""	""	COLISÃO TRASEIRA	1,0	1,0	0,0	0,0	0,0	0,0	0,0	0,0	0,0	1,0	0,0	""	""	""	""	""	""	""	""	""	""	""	""	""
834	202308425,0	2023-04-17T00:00:00	08:02:00	COM VÍTIMA	FINALIZADA	ESTÂNCIA	AV DR JOSE RUFINO	""	VIADUTO ULYSSES GUIMARAES	LOCAL DO SINISTRO VIADUTO ULYSSES GUIMARAES - REF. AO LADO DO ARMAZEM CORAL	ESTÂNCIA	""	""	COLISÃO TRASEIRA	1,0	1,0	0,0	0,0	0,0	0,0	0,0	0,0	0,0	1,0	0,0	""	""	""	""	""	""	""	""	""	""	""	""	""
835	202308433,0	2023-04-17T00:00:00	08:26:00	SEM VÍTIMA	CANCELADA	BOA VIAGEM	AV CONSELHEIRO AGUIAR	2878	""	EM FRENTE  A PADARIA	BOA VIAGEM	""	""	COLISÃO LATERAL	2,0	0,0	0,0	0,0	0,0	0,0	0,0	0,0	0,0	0,0	0,0	""	""	""	""	""	""	""	""	""	""	""	""	""