_id	Protocolo	data	hora	natureza	situacao	bairro	endereco	numero	detalhe_endereco_acidente	complemento	bairro_cruzamento	num_semaforo	sentido_via	tipo	auto	moto	ciclom	ciclista	pedestre	onibus	caminhao	viatura	outros	vitimas	vitimasfatais	acidente_verificado	tempo_clima	situacao_semaforo	sinalizacao	condicao_via	conservacao_via	ponto_controle	situacao_placa	velocidade_max_via	mao_direcao	divisao_via1	divisao_via2	divisao_via3
836	202308451,0	2023-04-17T00:00:00	11:11:00	COM VÍTIMA	FINALIZADA	ENCRUZILHADA	EST DE BELEM	""	""	EM FRENTE À QUITANDARIA	ENCRUZILHADA	""	""	COLISÃO LATERAL	1,0	1,0	0,0	0,0	0,0	0,0	0,0	0,0	0,0	1,0	0,0	""	""	""	""	""	""	""	""	""	""	""	""	""
837	202308459,0	2023-04-17T00:00:00	12:14:00	COM VÍTIMA	FINALIZADA	SANTO AMARO	AV GOVERNADOR AGAMENON MAGALHAES	""	VDO INDEPENDENCIA	VIADUTO SOBRE À AV. JOÃO DE BARROS	SANTO AMARO	""	""	COLISÃO TRASEIRA	1,0	1,0	0,0	0,0	0,0	0,0	0,0	0,0	0,0	2,0	0,0	""	""	""	""	""	""	""	""	""	""	""	""	""
838	202308468,0	2023-04-17T00:00:00	01:18:00	COM VÍTIMA	FINALIZADA	IMBIRIBEIRA	VIADUTO TANCREDO NEVES	""	""	SOBRE O VIADUTO: SENTIDO BOA VIAGEM	IMBIRIBEIRA	""	""	QUEDA	1,0	1,0	0,0	0,0	0,0	0,0	0,0	0,0	0,0	1,0	0,0	""	""	""	""	""	""	""	""	""	""	""	""	""
839	202308483,0	2023-04-17T00:00:00	04:35:00	SEM VÍTIMA	FINALIZADA	SÃO JOSÉ	RUA CORACAO DE MARIA	""	""	16º BPM	SÃO JOSÉ	""	SUBURBIO	""	1,0	0,0	0,0	0,0	0,0	0,0	0,0	1,0	0,0	0,0	0,0	""	""	""	""	""	""	""	""	""	""	""	""	""
840	202308496,0	2023-04-17T00:00:00	06:43:00	COM VÍTIMA	FINALIZADA	BOA VISTA	AV MANOEL BORBA	410	""	POSTO BR MANIA	BOA VISTA	""	""	COLISÃO TRASEIRA	1,0	1,0	0,0	0,0	0,0	0,0	0,0	0,0	0,0	1,0	0,0	""	""	""	""	""	""	""	""	""	""	""	""	""
841	202308500,0	2023-04-17T00:00:00	07:31:00	COM VÍTIMA	FINALIZADA	IPSEP	RUA HELIO BRANDAO	""	RUA ARISTIDES LOBO	COLÉGIO JOSÉ VICENTE	IPSEP	""	""	COLISÃO LATERAL	1,0	1,0	0,0	0,0	0,0	0,0	0,0	0,0	0,0	1,0	0,0	""	""	""	""	""	""	""	""	""	""	""	""	""
842	202308515,0	2023-04-18T00:00:00	07:12:00	COM VÍTIMA	FINALIZADA	ENCRUZILHADA	AV BEBERIBE	433	""	PROX AO BANCO DO BRAZIL	ENCRUZILHADA	""	""	QUEDA	0,0	1,0	0,0	0,0	0,0	0,0	0,0	0,0	0,0	1,0	0,0	""	""	""	""	""	""	""	""	""	""	""	""	""
843	202308526,0	2023-04-18T00:00:00	09:16:00	COM VÍTIMA	FINALIZADA	CORDEIRO	EST DO FORTE DO ARRAIAL N. DO B. JESUS	620	""	PROX. AO COLEGIO ANGLO	CORDEIRO	""	""	COLISÃO LATERAL	1,0	1,0	0,0	0,0	0,0	0,0	0,0	0,0	0,0	1,0	0,0	""	""	""	""	""	""	""	""	""	""	""	""	""
844	202308559,0	2023-04-18T00:00:00	04:30:00	COM VÍTIMA	FINALIZADA	BOA VISTA	AV CONDE DA BOA VISTA	""	RUA DA SOLEDADE	NO SEMAFORO 025	BOA VISTA	""	""	COLISÃO FRONTAL	1,0	1,0	0,0	0,0	0,0	0,0	0,0	0,0	0,0	1,0	0,0	""	""	""	""	""	""	""	""	""	""	""	""	""
845	202308588,0	2023-04-19T00:00:00	07:05:00	COM VÍTIMA	FINALIZADA	BOA VIAGEM	RUA DES JOAO PAES	""	RUA CORONEL ANIZIO RODRIGUES COELHO	POR TRAS DO RESTAURANTE ESCRITORIO ZONA SUL	BOA VIAGEM	""	""	COLISÃO FRONTAL	1,0	1,0	0,0	0,0	0,0	0,0	0,0	0,0	0,0	2,0	0,0	""	""	""	""	""	""	""	""	""	""	""	""	""
846	202308621,0	2023-04-19T00:00:00	10:57:00	COM VÍTIMA	FINALIZADA	IMBIRIBEIRA	AV PRESIDENTE DUTRA	""	""	SOBRE O VD TANCREDO NEVES	IMBIRIBEIRA	""	""	QUEDA	0,0	1,0	0,0	0,0	0,0	0,0	0,0	0,0	0,0	1,0	0,0	""	""	""	""	""	""	""	""	""	""	""	""	""
847	202308625,0	2023-04-19T00:00:00	11:10:00	COM VÍTIMA	FINALIZADA	IPSEP	AV RECIFE	1407	""	EM FRENTE A CALOS EQUIPADORA	IPSEP	319,0	""	COLISÃO TRASEIRA	1,0	1,0	0,0	0,0	0,0	0,0	0,0	0,0	0,0	1,0	0,0	""	""	""	""	""	""	""	""	""	""	""	""	""
848	202308635,0	2023-04-19T00:00:00	12:37:00	COM VÍTIMA	FINALIZADA	MONTEIRO	AV DEZESSETE DE AGOSTO	""	""	EM FRENTE AO HOSPITAL HERMINIO DE MORAES Q	MONTEIRO	""	""	COLISÃO LATERAL	1,0	1,0	0,0	0,0	0,0	0,0	0,0	0,0	0,0	1,0	0,0	""	""	""	""	""	""	""	""	""	""	""	""	""
849	202308648,0	2023-04-19T00:00:00	02:36:00	COM VÍTIMA	FINALIZADA	DERBY	AV GOVERNADOR AGAMENON MAGALHAES	""	""	E/F AO INSTITUTO JOSE ROCHA DE SÁ  S/T  BOA VIAGEM	DERBY	""	""	COLISÃO LATERAL	2,0	1,0	0,0	0,0	0,0	0,0	0,0	0,0	0,0	1,0	0,0	""	""	""	""	""	""	""	""	""	""	""	""	""
850	202308649,0	2023-04-19T00:00:00	02:36:00	COM VÍTIMA	FINALIZADA	IMBIRIBEIRA	AV MARECHAL MASCARENHAS DE MORAES	""	""	LADO OPOSTO A FERREIRA COSTA E PROXIMO AO BANCO DO BRASIL/ SENTIDO AEROPORTO	IMBIRIBEIRA	""	""	COLISÃO TRASEIRA	1,0	0,0	0,0	0,0	0,0	0,0	0,0	1,0	0,0	1,0	0,0	""	""	""	""	""	""	""	""	""	""	""	""	""
851	202308660,0	2023-04-19T00:00:00	05:05:00	COM VÍTIMA	FINALIZADA	DERBY	AV GOVERNADOR AGAMENON MAGALHAES	""	RUA HENRIQUE DIAS	O VEÍCULO SE EVADIU DO LOCAL	DERBY	""	""	COLISÃO TRASEIRA	1,0	1,0	0,0	0,0	0,0	0,0	0,0	0,0	0,0	1,0	0,0	""	""	""	""	""	""	""	""	""	""	""	""	""
852	202308661,0	2023-04-19T00:00:00	05:28:00	COM VÍTIMA	FINALIZADA	IMBIRIBEIRA	AV MARECHAL MASCARENHAS DE MORAES	""	""	LADO OPOSTO AO GERALDÃO	IMBIRIBEIRA	""	""	QUEDA	0,0	0,0	0,0	0,0	0,0	0,0	0,0	0,0	0,0	1,0	0,0	""	""	""	""	""	""	""	""	""	""	""	""	""
853	202308664,0	2023-04-19T00:00:00	05:43:00	SEM VÍTIMA	FINALIZADA	ILHA JOANA BEZERRA	AV BEIRA RIO	""	""	ACADEMIA DA CIDADE	ILHA JOANA BEZERRA	""	SUBURBIO	""	1,0	1,0	0,0	0,0	0,0	0,0	0,0	0,0	0,0	0,0	0,0	""	""	""	""	""	""	""	""	""	""	""	""	""
854	202308665,0	2023-04-19T00:00:00	05:48:00	COM VÍTIMA	FINALIZADA	PINA	AV ENGENHEIRO DOMINGOS FERREIRA	170	""	EM FRENTE A GLOBAL ASSINTENCIA TECNICA	PINA	""	""	COLISÃO LATERAL	1,0	1,0	0,0	0,0	0,0	0,0	0,0	0,0	0,0	1,0	0,0	""	""	""	""	""	""	""	""	""	""	""	""	""
855	202308677,0	2023-04-19T00:00:00	08:06:00	COM VÍTIMA	CANCELADA	VASCO DA GAMA	RUA ALTO DO EUCALIPTO	375	""	""	VASCO DA GAMA	""	""	COLISÃO LATERAL	1,0	1,0	0,0	0,0	0,0	0,0	0,0	0,0	0,0	2,0	0,0	""	""	""	""	""	""	""	""	""	""	""	""	""
856	202308693,0	2023-04-20T00:00:00	06:45:00	COM VÍTIMA	FINALIZADA	SANTO AMARO	AV GOVERNADOR AGAMENON MAGALHAES	""	""	AO LADO DO TACARUNA APOS A CURVA	SANTO AMARO	""	""	COLISÃO LATERAL	0,0	1,0	0,0	0,0	0,0	1,0	0,0	0,0	0,0	2,0	0,0	""	""	""	""	""	""	""	""	""	""	""	""	""
857	202308695,0	2023-04-20T00:00:00	07:19:00	COM VÍTIMA	FINALIZADA	BONGI	AV ENGENHEIRO ABDIAS DE CARVALHO	1420	""	EM FRENTE A AUTO PEÇAS FR	BONGI	""	CIDADE	CHOQUE	1,0	0,0	0,0	0,0	0,0	1,0	0,0	0,0	0,0	1,0	0,0	""	""	""	""	""	""	""	""	""	""	""	""	""
858	202308700,0	2023-04-20T00:00:00	07:57:00	COM VÍTIMA	FINALIZADA	TAMARINEIRA	AV CONS ROSA E SILVA	2000	""	EM FRENTE AO POSTO DE GASOLINA SHELL	TAMARINEIRA	""	""	COLISÃO FRONTAL	1,0	1,0	0,0	0,0	0,0	0,0	0,0	0,0	0,0	1,0	0,0	""	""	""	""	""	""	""	""	""	""	""	""	""
859	202308712,0	2023-04-20T00:00:00	09:32:00	SEM VÍTIMA	FINALIZADA	TOTÓ	RUA APRIGIO GUIMARAES	474	""	HOSPITAL OTÁVIO DE FREITAS	TOTÓ	""	""	COLISÃO FRONTAL	0,0	1,0	0,0	0,0	0,0	0,0	0,0	1,0	0,0	0,0	0,0	""	""	""	""	""	""	""	""	""	""	""	""	""
860	202308726,0	2023-04-20T00:00:00	11:59:00	COM VÍTIMA	FINALIZADA	SAN MARTIN	AV ENGENHEIRO ABDIAS DE CARVALHO	""	AV GENERAL SAN MARTIN	AO LADO DO COMPAZ	SAN MARTIN	""	""	COLISÃO LATERAL	1,0	1,0	0,0	0,0	0,0	0,0	0,0	0,0	0,0	1,0	0,0	""	""	""	""	""	""	""	""	""	""	""	""	""
861	202308739,0	2023-04-20T00:00:00	02:30:00	SEM VÍTIMA	FINALIZADA	TAMARINEIRA	RUA CONEGO BARATA	""	""	EM FRENTE PARA A ANTIGA PADARIA MANAR, SENTIDO ÁGUA FRIA	TAMARINEIRA	""	""	COLISÃO TRASEIRA	1,0	0,0	0,0	0,0	0,0	0,0	0,0	1,0	0,0	0,0	0,0	""	""	""	""	""	""	""	""	""	""	""	""	""
862	202308746,0	2023-04-20T00:00:00	04:33:00	COM VÍTIMA	FINALIZADA	JARDIM SÃO PAULO	AV RECIFE	""	""	DE FRENTE AO AÇAI ATACADISTA	JARDIM SÃO PAULO	""	""	COLISÃO LATERAL	1,0	1,0	0,0	0,0	0,0	0,0	0,0	0,0	0,0	1,0	0,0	""	""	""	""	""	""	""	""	""	""	""	""	""
863	202308747,0	2023-04-20T00:00:00	04:45:00	COM VÍTIMA	FINALIZADA	CORDEIRO	AV CAXANGA	1934	""	EM FRENTE A  PAJEÚ VEICULOS, SEMAFORO 267.	CORDEIRO	""	SUBURBIO	COLISÃO TRASEIRA	0,0	2,0	0,0	0,0	0,0	0,0	0,0	0,0	0,0	2,0	0,0	""	""	""	""	""	""	""	""	""	""	""	""	""
864	202308752,0	2023-04-20T00:00:00	05:29:00	COM VÍTIMA	FINALIZADA	BOA VIAGEM	AV DES JOSE NEVES	""	RUA DES JOAO PAES	PROXIMO AO SEMÁFORO 567 E A FERREIRA PINTO	BOA VIAGEM	567,0	""	ATROPELAMENTO DE PESSOA	1,0	0,0	0,0	0,0	1,0	0,0	0,0	0,0	0,0	1,0	0,0	""	""	""	""	""	""	""	""	""	""	""	""	""
865	202308753,0	2023-04-20T00:00:00	06:16:00	SEM VÍTIMA	CANCELADA	DERBY	PRC DO DERBY	""	""	AO LADO DO QUARTEL DA POLICIA MILITAR	DERBY	""	""	COLISÃO LATERAL	0,0	0,0	0,0	0,0	0,0	0,0	0,0	0,0	0,0	0,0	0,0	""	""	""	""	""	""	""	""	""	""	""	""	""
866	202308754,0	2023-04-20T00:00:00	06:18:00	COM VÍTIMA	CANCELADA	AREIAS	AV DR JOSE RUFINO	879	""	ESCOLA JOSÉ MARIANO	AREIAS	""	""	COLISÃO LATERAL	0,0	2,0	0,0	0,0	0,0	0,0	0,0	0,0	0,0	2,0	0,0	""	""	""	""	""	""	""	""	""	""	""	""	""
867	202308767,0	2023-04-21T00:00:00	01:47:00	COM VÍTIMA	FINALIZADA	CAMPO GRANDE	RUA JERONIMO VILELA	409	RUA FRANKLIN TAVORA	COM A RUA FRANKLIN TÁVORA	CAMPO GRANDE	""	""	COLISÃO FRONTAL	0,0	1,0	0,0	0,0	0,0	1,0	0,0	0,0	0,0	1,0	0,0	""	""	""	""	""	""	""	""	""	""	""	""	""
868	202308790,0	2023-04-21T00:00:00	12:54:00	COM VÍTIMA	FINALIZADA	MADALENA	RUA ARLINDO GOUVEIA	39	""	EDF SANTA MARIA	MADALENA	""	""	COLISÃO FRONTAL	1,0	1,0	0,0	0,0	0,0	0,0	0,0	0,0	0,0	1,0	0,0	""	""	""	""	""	""	""	""	""	""	""	""	""
869	202308792,0	2023-04-21T00:00:00	02:06:00	COM VÍTIMA	FINALIZADA	CAXANGÁ	AV CAXANGA	1752	""	EM FRENTE AO CITRO CAR	CAXANGÁ	""	""	COLISÃO LATERAL	1,0	1,0	0,0	0,0	0,0	0,0	0,0	0,0	0,0	1,0	0,0	""	""	""	""	""	""	""	""	""	""	""	""	""
870	202308794,0	2023-04-21T00:00:00	02:49:00	COM VÍTIMA	FINALIZADA	CAXANGÁ	AV CAXANGA	""	""	EM FRENTE AO BANCO ITAU	CAXANGÁ	""	""	COLISÃO LATERAL	0,0	2,0	0,0	0,0	0,0	0,0	0,0	0,0	0,0	1,0	0,0	""	""	""	""	""	""	""	""	""	""	""	""	""
871	202308808,0	2023-04-21T00:00:00	08:23:00	COM VÍTIMA	FINALIZADA	CORDEIRO	AV GENERAL SAN MARTIN	458	""	PRÓXIMO AO HOSPITAL GETÚLIO VARGAS	CORDEIRO	""	""	COLISÃO LATERAL	1,0	2,0	0,0	0,0	0,0	0,0	0,0	0,0	0,0	3,0	0,0	""	""	""	""	""	""	""	""	""	""	""	""	""
872	202308822,0	2023-04-22T00:00:00	09:39:00	COM VÍTIMA	FINALIZADA	SANTO ANTÔNIO	AV GUARARAPES	""	AV DANTAS BARRETO	PROX A PRAÇA DO DIARIO	SANTO ANTÔNIO	""	""	COLISÃO FRONTAL	1,0	1,0	0,0	0,0	0,0	0,0	0,0	0,0	0,0	1,0	0,0	""	""	""	""	""	""	""	""	""	""	""	""	""
873	202308825,0	2023-04-22T00:00:00	10:43:00	COM VÍTIMA	FINALIZADA	ILHA DO LEITE	RUA GENERAL JOAQUIM INACIO	""	""	ENTRE O BANCO SAFRA E ITAU	ILHA DO LEITE	""	""	COLISÃO LATERAL	1,0	1,0	0,0	0,0	0,0	0,0	0,0	0,0	0,0	1,0	0,0	""	""	""	""	""	""	""	""	""	""	""	""	""
874	202308842,0	2023-04-22T00:00:00	04:03:00	COM VÍTIMA	CANCELADA	ÁGUA FRIA	EST VELHA DE AGUA FRIA	""	""	DENOCS / FIAT	ÁGUA FRIA	""	""	COLISÃO LATERAL	1,0	0,0	0,0	0,0	0,0	0,0	0,0	0,0	0,0	1,0	0,0	""	""	""	""	""	""	""	""	""	""	""	""	""
875	202308843,0	2023-04-22T00:00:00	04:20:00	COM VÍTIMA	FINALIZADA	ESPINHEIRO	RUA QUARENTA E OITO	""	""	POSTO BR	ESPINHEIRO	""	""	COLISÃO LATERAL	1,0	2,0	0,0	0,0	0,0	0,0	0,0	0,0	0,0	1,0	0,0	""	""	""	""	""	""	""	""	""	""	""	""	""
876	202308846,0	2023-04-22T00:00:00	04:51:00	SEM VÍTIMA	FINALIZADA	MADALENA	AV ENGENHEIRO ABDIAS DE CARVALHO	155	""	""	MADALENA	""	CIDADE	""	0,0	1,0	0,0	0,0	0,0	0,0	0,0	1,0	0,0	0,0	0,0	""	""	""	""	""	""	""	""	""	""	""	""	""
877	202308851,0	2023-04-22T00:00:00	05:18:00	COM VÍTIMA	CANCELADA	IMBIRIBEIRA	RUA JOSE DA SILVA LUCENA	""	RUA SARGENTO SILVINO DE MACEDO	LITIGIO / 1 TELECOM	IMBIRIBEIRA	""	""	COLISÃO FRONTAL	2,0	0,0	0,0	0,0	0,0	0,0	0,0	0,0	0,0	1,0	0,0	""	""	""	""	""	""	""	""	""	""	""	""	""
878	202308852,0	2023-04-22T00:00:00	05:21:00	COM VÍTIMA	FINALIZADA	PINA	RUA MANOEL DE BRITO	""	""	NA ENTRADA DO TUNEL E SAIDA DO RIO MAR	PINA	""	""	QUEDA	0,0	1,0	0,0	0,0	0,0	0,0	0,0	0,0	0,0	1,0	0,0	""	""	""	""	""	""	""	""	""	""	""	""	""
879	202308862,0	2023-04-22T00:00:00	08:42:00	SEM VÍTIMA	FINALIZADA	MANGUEIRA	AV CENTRAL	498	""	ESTAÇÃO MANGUEIRA	MANGUEIRA	""	CIDADE	CHOQUE	0,0	0,0	0,0	0,0	0,0	0,0	0,0	1,0	0,0	0,0	0,0	""	""	""	""	""	""	""	""	""	""	""	""	""
880	202308864,0	2023-04-22T00:00:00	10:50:00	COM VÍTIMA	FINALIZADA	IPSEP	RUA JEAN EMILE FAVRE	""	""	EM FRENTE A DELEGACIA	IPSEP	70,0	""	COLISÃO TRASEIRA	1,0	0,0	0,0	1,0	0,0	1,0	0,0	0,0	0,0	1,0	0,0	""	""	""	""	""	""	""	""	""	""	""	""	""
881	202308865,0	2023-04-23T00:00:00	12:07:00	COM VÍTIMA	CANCELADA	AREIAS	AV TAPAJOS	""	AV RECIFE	PRÓXIMO AO POSTO BR	AREIAS	620,0	""	COLISÃO FRONTAL	0,0	2,0	0,0	0,0	0,0	0,0	0,0	0,0	0,0	3,0	0,0	""	""	""	""	""	""	""	""	""	""	""	""	""
882	202308896,0	2023-04-23T00:00:00	01:33:00	COM VÍTIMA	FINALIZADA	JARDIM SÃO PAULO	AV RECIFE	""	""	EM FRENTE AO BARATÃO DAS EMBALAGEM	JARDIM SÃO PAULO	""	""	COLISÃO LATERAL	1,0	1,0	0,0	0,0	0,0	0,0	0,0	0,0	0,0	1,0	0,0	""	""	""	""	""	""	""	""	""	""	""	""	""
883	202308900,0	2023-04-23T00:00:00	02:05:00	COM VÍTIMA	FINALIZADA	IBURA	RUA VALE DO ITAJAI	281	""	NO TERMINAL DO UR5	IBURA	""	""	COLISÃO LATERAL	1,0	1,0	0,0	0,0	0,0	0,0	0,0	0,0	0,0	1,0	0,0	""	""	""	""	""	""	""	""	""	""	""	""	""
884	202308901,0	2023-04-23T00:00:00	03:03:00	COM VÍTIMA	FINALIZADA	DOIS IRMÃOS	RUA DOIS IRMAOS	371	""	EM FRENTE AO SEMAFORO	DOIS IRMÃOS	535,0	""	COLISÃO COM CICLISTA	1,0	0,0	0,0	1,0	0,0	0,0	0,0	0,0	0,0	1,0	0,0	""	""	""	""	""	""	""	""	""	""	""	""	""
885	202308928,0	2023-04-24T00:00:00	05:31:00	COM VÍTIMA	FINALIZADA	AFOGADOS	PTE DO MOTOCOLOMBO	""	""	""	AFOGADOS	""	CIDADE	COLISÃO FRONTAL	0,0	0,0	0,0	0,0	0,0	0,0	0,0	0,0	0,0	1,0	0,0	""	""	""	""	""	""	""	""	""	""	""	""	""
886	202308931,0	2023-04-24T00:00:00	05:44:00	SEM VÍTIMA	FINALIZADA	AREIAS	RUA DOS PRAZERES	785	""	""	AREIAS	""	""	APOIO CELPE	0,0	0,0	0,0	0,0	0,0	0,0	0,0	0,0	0,0	0,0	0,0	""	""	""	""	""	""	""	""	""	""	""	""	""
887	202308935,0	2023-04-24T00:00:00	06:22:00	SEM VÍTIMA	FINALIZADA	DERBY	RUA JENER DE SOUZA	""	PRC DO DERBY	""	DERBY	""	""	""	1,0	0,0	0,0	0,0	0,0	1,0	0,0	0,0	0,0	0,0	0,0	""	""	""	""	""	""	""	""	""	""	""	""	""
888	202308944,0	2023-04-24T00:00:00	07:55:00	COM VÍTIMA	FINALIZADA	PINA	RUA MANOEL DE BRITO	""	""	TÚNEL JOSUE DE CASTRO	PINA	""	""	QUEDA	0,0	1,0	0,0	0,0	0,0	0,0	0,0	0,0	0,0	1,0	0,0	""	""	""	""	""	""	""	""	""	""	""	""	""
889	202308948,0	2023-04-24T00:00:00	09:08:00	COM VÍTIMA	FINALIZADA	TORRÕES	AV ENGENHEIRO ABDIAS DE CARVALHO	962	""	PROXIMO A DLP BEDIDAS	TORRÕES	""	""	COLISÃO FRONTAL	2,0	1,0	0,0	0,0	0,0	0,0	0,0	0,0	0,0	2,0	0,0	""	""	""	""	""	""	""	""	""	""	""	""	""
890	202308964,0	2023-04-24T00:00:00	12:48:00	COM VÍTIMA	FINALIZADA	IMBIRIBEIRA	RUA ARQUITETO LUIZ NUNES	219	""	ESCOLA DE ENFERMAGEM SÃO CAETANO	IMBIRIBEIRA	""	""	COLISÃO LATERAL	0,0	1,0	0,0	0,0	0,0	0,0	1,0	0,0	0,0	1,0	0,0	""	""	""	""	""	""	""	""	""	""	""	""	""
891	202308971,0	2023-04-24T00:00:00	02:02:00	COM VÍTIMA	FINALIZADA	ILHA DO LEITE	RUA MARQUES AMORIM	""	RUA ESPERANTO	POR TRAS DA UNIMED 3	ILHA DO LEITE	""	""	COLISÃO FRONTAL	1,0	1,0	0,0	0,0	0,0	0,0	0,0	0,0	0,0	2,0	0,0	""	""	""	""	""	""	""	""	""	""	""	""	""
892	202308976,0	2023-04-24T00:00:00	02:58:00	COM VÍTIMA	FINALIZADA	IMBIRIBEIRA	AV MARECHAL MASCARENHAS DE MORAES	""	""	E/F AO GERALDÃO S/T CID	IMBIRIBEIRA	290,0	""	CHOQUE	0,0	0,0	0,0	0,0	0,0	0,0	0,0	0,0	0,0	1,0	0,0	""	""	""	""	""	""	""	""	""	""	""	""	""
893	202308982,0	2023-04-24T00:00:00	04:05:00	COM VÍTIMA	FINALIZADA	JOANA BEZERRA	AV GOVERNADOR AGAMENON MAGALHAES	""	""	EM FRENTE AO FORUM JOANA BEZERRA	JOANA BEZERRA	""	OLINDA	QUEDA	0,0	1,0	0,0	0,0	0,0	0,0	0,0	0,0	0,0	2,0	0,0	""	""	""	""	""	""	""	""	""	""	""	""	""
894	202308986,0	2023-04-24T00:00:00	04:46:00	COM VÍTIMA	FINALIZADA	AREIAS	AV RECIFE	""	""	EM FRENTE AO HOPSITAL DO IDOSO/ SENTIDO AEROPORTO	AREIAS	""	""	COLISÃO TRASEIRA	0,0	1,0	0,0	0,0	0,0	1,0	0,0	0,0	0,0	1,0	0,0	""	""	""	""	""	""	""	""	""	""	""	""	""
895	202308988,0	2023-04-24T00:00:00	04:53:00	COM VÍTIMA	FINALIZADA	IMBIRIBEIRA	AV MARECHAL MASCARENHAS DE MORAES	""	""	EM FRENTE A FLOR ARTE	IMBIRIBEIRA	""	""	COLISÃO LATERAL	1,0	1,0	0,0	0,0	0,0	0,0	0,0	0,0	0,0	1,0	0,0	""	""	""	""	""	""	""	""	""	""	""	""	""
896	202308991,0	2023-04-24T00:00:00	05:32:00	COM VÍTIMA	FINALIZADA	BOA VIAGEM	AV BOA VIAGEM	5450	""	PROX AO HOTEL PLAZA  E/F AO EDF PRINCIPE DE MARSALA	BOA VIAGEM	""	""	COLISÃO TRASEIRA	1,0	1,0	0,0	0,0	0,0	0,0	0,0	0,0	0,0	1,0	0,0	""	""	""	""	""	""	""	""	""	""	""	""	""
897	202308992,0	2023-04-24T00:00:00	05:40:00	COM VÍTIMA	FINALIZADA	DERBY	RUA FELICIANO GOMES	229	RUA DA BAIXA VERDE	ESQUINA DA CLINICA ORAL SIN E O BORIS BERENSTEIN	DERBY	""	""	COLISÃO LATERAL	1,0	1,0	0,0	0,0	0,0	0,0	0,0	0,0	0,0	1,0	0,0	""	""	""	""	""	""	""	""	""	""	""	""	""
898	202308993,0	2023-04-24T00:00:00	05:52:00	COM VÍTIMA	CANCELADA	DOIS IRMÃOS	RUA DOIS IRMAOS	""	""	AO LADO DO MOTEL SENZALA	DOIS IRMÃOS	""	""	COLISÃO LATERAL	0,0	1,0	0,0	0,0	0,0	0,0	1,0	0,0	0,0	1,0	0,0	""	""	""	""	""	""	""	""	""	""	""	""	""
899	202309002,0	2023-04-24T00:00:00	06:37:00	COM VÍTIMA	FINALIZADA	TAMARINEIRA	RUA CONEGO BARATA	436	RUA SILVEIRA LIRA	PROX AO RESTAURANTE AROMAS	TAMARINEIRA	""	SUBURBIO	ATROPELAMENTO DE PESSOA	0,0	0,0	0,0	0,0	1,0	1,0	0,0	0,0	0,0	1,0	0,0	""	""	""	""	""	""	""	""	""	""	""	""	""
900	202309010,0	2023-04-25T00:00:00	06:33:00	COM VÍTIMA	FINALIZADA	JARDIM SÃO PAULO	AV CENTRAL	6010	""	EM FRENTE A ESTAÇÃO WERNECK	JARDIM SÃO PAULO	""	""	COLISÃO COM CICLISTA	0,0	0,0	0,0	1,0	0,0	1,0	0,0	0,0	0,0	1,0	0,0	""	""	""	""	""	""	""	""	""	""	""	""	""
901	202309014,0	2023-04-25T00:00:00	07:29:00	SEM VÍTIMA	FINALIZADA	BOMBA DO HEMETÉRIO	RUA PROFESSOR JOSE AMARINO DOS REIS	530	""	PROX AO CORREGO DO TIRO	BOMBA DO HEMETÉRIO	""	""	CAPOTAMENTO	1,0	0,0	0,0	0,0	0,0	0,0	0,0	0,0	0,0	0,0	0,0	""	""	""	""	""	""	""	""	""	""	""	""	""
902	202309017,0	2023-04-25T00:00:00	07:20:00	COM VÍTIMA	FINALIZADA	ILHA JOANA BEZERRA	RUA IBIPORA	""	""	DENTRO DO TERMINAL DE JOANA BEZERRA	ILHA JOANA BEZERRA	""	""	ATROPELAMENTO DE PESSOA	0,0	0,0	0,0	0,0	1,0	1,0	0,0	0,0	0,0	1,0	0,0	""	""	""	""	""	""	""	""	""	""	""	""	""
903	202309027,0	2023-04-25T00:00:00	08:33:00	COM VÍTIMA	FINALIZADA	ESTÂNCIA	AV DR JOSE RUFINO	539	""	PROX A GALARIA MARGARIDA	ESTÂNCIA	""	""	COLISÃO LATERAL	1,0	1,0	0,0	0,0	0,0	0,0	0,0	0,0	0,0	1,0	0,0	""	""	""	""	""	""	""	""	""	""	""	""	""
904	202309030,0	2023-04-25T00:00:00	08:59:00	SEM VÍTIMA	FINALIZADA	GRAÇAS	AV RUI BARBOSA	1229	""	PROX AO COLEGIO DAMAS	GRAÇAS	""	""	""	1,0	0,0	0,0	0,0	0,0	0,0	0,0	1,0	0,0	0,0	0,0	""	""	""	""	""	""	""	""	""	""	""	""	""
905	202309038,0	2023-04-25T00:00:00	09:42:00	SEM VÍTIMA	FINALIZADA	SANTO AMARO	RUA VINTE E QUATRO DE AGOSTO	""	AV CRUZ CABUGA	""	SANTO AMARO	""	""	""	2,0	0,0	0,0	0,0	0,0	0,0	0,0	0,0	0,0	0,0	0,0	""	""	""	""	""	""	""	""	""	""	""	""	""
906	202309039,0	2023-04-25T00:00:00	09:44:00	COM VÍTIMA	FINALIZADA	TORRÕES	AV ENGENHEIRO ABDIAS DE CARVALHO	""	""	UPA	TORRÕES	""	""	COLISÃO TRASEIRA	1,0	1,0	0,0	0,0	0,0	0,0	0,0	0,0	0,0	1,0	0,0	""	""	""	""	""	""	""	""	""	""	""	""	""