_id	Protocolo	data	hora	natureza	situacao	bairro	endereco	numero	detalhe_endereco_acidente	complemento	bairro_cruzamento	num_semaforo	sentido_via	tipo	auto	moto	ciclom	ciclista	pedestre	onibus	caminhao	viatura	outros	vitimas	vitimasfatais	acidente_verificado	tempo_clima	situacao_semaforo	sinalizacao	condicao_via	conservacao_via	ponto_controle	situacao_placa	velocidade_max_via	mao_direcao	divisao_via1	divisao_via2	divisao_via3
907	202309053,0	2023-04-25T00:00:00	11:03:00	COM VÍTIMA	FINALIZADA	CASA AMARELA	AV NORTE MIGUEL ARRAES DE ALENCAR	5956	""	IRMÃO FERRAGENS	CASA AMARELA	""	""	ATROPELAMENTO DE PESSOA	1,0	0,0	0,0	0,0	1,0	0,0	0,0	0,0	0,0	1,0	0,0	""	""	""	""	""	""	""	""	""	""	""	""	""
908	202309067,0	2023-04-25T00:00:00	03:56:00	COM VÍTIMA	FINALIZADA	SANTO AMARO	AV NORTE MIGUEL ARRAES DE ALENCAR	""	AV CRUZ CABUGA	NA FRENTE DO CEMITERIO DOS INGLESES	SANTO AMARO	""	""	COLISÃO COM CICLISTA	1,0	0,0	0,0	1,0	0,0	0,0	0,0	0,0	0,0	1,0	0,0	""	""	""	""	""	""	""	""	""	""	""	""	""
909	202309069,0	2023-04-25T00:00:00	04:12:00	SEM VÍTIMA	FINALIZADA	SANTO AMARO	AV JOAO DE BARROS	765	""	CLÍNICA ALERGOLOGIA	SANTO AMARO	""	CIDADE	""	0,0	1,0	0,0	0,0	0,0	0,0	0,0	1,0	0,0	0,0	0,0	""	""	""	""	""	""	""	""	""	""	""	""	""
910	202309079,0	2023-04-25T00:00:00	05:18:00	COM VÍTIMA	FINALIZADA	BONGI	AV ENGENHEIRO ABDIAS DE CARVALHO	3080	""	DE FRENTE A CHESF	BONGI	""	""	COLISÃO LATERAL	1,0	1,0	0,0	0,0	0,0	0,0	0,0	0,0	0,0	2,0	0,0	""	""	""	""	""	""	""	""	""	""	""	""	""
911	202309088,0	2023-04-25T00:00:00	07:32:00	COM VÍTIMA	FINALIZADA	APIPUCOS	RUA DE APIPUCOS	317	""	EM FRENTE A MORADA APIPUCOS	APIPUCOS	""	""	COLISÃO LATERAL	1,0	1,0	0,0	0,0	0,0	0,0	0,0	0,0	0,0	1,0	0,0	""	""	""	""	""	""	""	""	""	""	""	""	""
912	202309100,0	2023-04-26T00:00:00	05:42:00	SEM VÍTIMA	FINALIZADA	AREIAS	RUA DOS PRAZERES	785	""	""	AREIAS	""	""	APOIO CELPE	0,0	0,0	0,0	0,0	0,0	0,0	0,0	0,0	0,0	0,0	0,0	""	""	""	""	""	""	""	""	""	""	""	""	""
913	202309108,0	2023-04-26T00:00:00	07:37:00	COM VÍTIMA	FINALIZADA	SÃO JOSÉ	AV SUL	514 B	""	PROX. A PRAÇA DO GALO E HIDRAUPEÇAS	SÃO JOSÉ	""	""	COLISÃO TRASEIRA	1,0	1,0	0,0	0,0	0,0	0,0	0,0	0,0	0,0	1,0	0,0	""	""	""	""	""	""	""	""	""	""	""	""	""
914	202309113,0	2023-04-26T00:00:00	08:31:00	SEM VÍTIMA	FINALIZADA	VÁRZEA	RUA DONA MARIA LACERDA	166	RUA MENDES MARTINS	PRÓXIMO AO 12º BATALHÃO PMPE	VÁRZEA	""	SUBURBIO	COLISÃO TRANSVERSAL	2,0	0,0	0,0	0,0	0,0	0,0	0,0	0,0	0,0	0,0	0,0	""	""	""	""	""	""	""	""	""	""	""	""	""
915	202309123,0	2023-04-26T00:00:00	09:20:00	COM VÍTIMA	FINALIZADA	IMBIRIBEIRA	AV MARECHAL MASCARENHAS DE MORAES	""	RUA OLIVIA MENELAU	EM FRENTE À LOJA GRILO FLORES	IMBIRIBEIRA	396,0	""	COLISÃO LATERAL	1,0	1,0	0,0	0,0	0,0	0,0	0,0	0,0	0,0	1,0	0,0	""	""	""	""	""	""	""	""	""	""	""	""	""
916	202309132,0	2023-04-26T00:00:00	09:50:00	COM VÍTIMA	CANCELADA	AFOGADOS	RUA SAO MIGUEL	469	""	MATERNIDADE BANDEIRA FILHO	AFOGADOS	""	""	COLISÃO LATERAL	1,0	1,0	0,0	0,0	0,0	0,0	0,0	0,0	0,0	1,0	0,0	""	""	""	""	""	""	""	""	""	""	""	""	""
917	202309148,0	2023-04-26T00:00:00	12:57:00	COM VÍTIMA	FINALIZADA	TORRE	RUA EMILIANO BRAGA	133	""	ENTRADA DO CDU, AO LADO DO VIADUTO  / INTEGRAÇÃO CDU	TORRE	""	""	COLISÃO LATERAL	0,0	1,0	0,0	0,0	0,0	1,0	0,0	0,0	0,0	1,0	0,0	""	""	""	""	""	""	""	""	""	""	""	""	""
918	202309157,0	2023-04-26T00:00:00	12:57:00	COM VÍTIMA	FINALIZADA	TORRE	RUA SOUZA BANDEIRA	""	""	PROX AO BAR DO LORENZO	TORRE	448,0	""	COLISÃO LATERAL	1,0	1,0	0,0	0,0	0,0	0,0	0,0	0,0	0,0	2,0	0,0	""	""	""	""	""	""	""	""	""	""	""	""	""
919	202309160,0	2023-04-26T00:00:00	01:04:00	COM VÍTIMA	FINALIZADA	TORRE	RUA SOUZA BANDEIRA	348	""	AO LADO DA ESCOLA LUBIESCKA	TORRE	""	""	COLISÃO LATERAL	1,0	1,0	0,0	0,0	0,0	0,0	0,0	0,0	0,0	1,0	0,0	""	""	""	""	""	""	""	""	""	""	""	""	""
920	202309166,0	2023-04-26T00:00:00	02:53:00	COM VÍTIMA	FINALIZADA	BOA VIAGEM	RUA CAMBOIM	210	RUA DEZ DE JULHO	E/F A MAISON CHRISTAL RECEPÇOES	BOA VIAGEM	""	""	COLISÃO FRONTAL	2,0	0,0	0,0	0,0	0,0	0,0	0,0	0,0	0,0	1,0	0,0	""	""	""	""	""	""	""	""	""	""	""	""	""
921	202309171,0	2023-04-26T00:00:00	03:44:00	SEM VÍTIMA	FINALIZADA	SANTO AMARO	RUA TREZE DE MAIO	""	RUA PEDRO AFONSO	PRÓXIMO AO ESTABELECIMENTO SOCIEDADE BÍBLICA DO BRASIL	SANTO AMARO	427,0	SUBURBIO	COLISÃO TRANSVERSAL	1,0	0,0	0,0	0,0	0,0	0,0	0,0	1,0	0,0	0,0	0,0	""	""	""	""	""	""	""	""	""	""	""	""	""
922	202309172,0	2023-04-26T00:00:00	04:10:00	SEM VÍTIMA	FINALIZADA	BOA VIAGEM	AV VINTE E TRES DE OUTUBRO	""	""	""	BOA VIAGEM	""	CIDADE	COLISÃO TRANSVERSAL	2,0	0,0	0,0	0,0	0,0	0,0	0,0	0,0	0,0	0,0	0,0	""	""	""	""	""	""	""	""	""	""	""	""	""
923	202309193,0	2023-04-26T00:00:00	07:38:00	SEM VÍTIMA	FINALIZADA	MADALENA	EST DOS REMEDIOS	2360	AV JOSE GONCALVES DE MEDEIROS	AV JOSE GONCALVES DE MEDEIROS	MADALENA	353,0	CIDADE	COLISÃO TRASEIRA	0,0	0,0	0,0	0,0	0,0	1,0	0,0	1,0	0,0	0,0	0,0	""	""	""	""	""	""	""	""	""	""	""	""	""
924	202309196,0	2023-04-26T00:00:00	09:43:00	COM VÍTIMA	CANCELADA	BOA VISTA	RUA DOM BOSCO	1000	""	PRÓX. À PRAÇA CHORA MENINO	BOA VISTA	""	""	COLISÃO FRONTAL	1,0	1,0	0,0	0,0	0,0	0,0	0,0	0,0	0,0	1,0	0,0	""	""	""	""	""	""	""	""	""	""	""	""	""
925	202309218,0	2023-04-27T00:00:00	07:48:00	COM VÍTIMA	FINALIZADA	JOANA BEZERRA	AV BEIRA RIO	""	""	APOS A ACADEMIA DA CIDADE NA SUBIDA PONTE GREGORIO BEZERRA	JOANA BEZERRA	""	""	COLISÃO LATERAL	1,0	1,0	0,0	0,0	0,0	0,0	0,0	0,0	0,0	1,0	0,0	""	""	""	""	""	""	""	""	""	""	""	""	""
926	202309233,0	2023-04-27T00:00:00	09:59:00	COM VÍTIMA	FINALIZADA	VÁRZEA	RUA TAMBIA	""	""	COLÉGIO ERMINIO DE MORAIS	VÁRZEA	""	""	CHOQUE	0,0	0,0	0,0	0,0	1,0	0,0	1,0	0,0	0,0	1,0	0,0	""	""	""	""	""	""	""	""	""	""	""	""	""
927	202309234,0	2023-04-27T00:00:00	10:13:00	COM VÍTIMA	FINALIZADA	BAIRRO DO RECIFE	RUA MADRE DEUS	""	RUA ALVARES CABRAL	PROX AO EDIFICIO CORREIO CULTURAL / PONTO DIGITAL	BAIRRO DO RECIFE	""	""	COLISÃO LATERAL	1,0	2,0	0,0	0,0	0,0	0,0	0,0	0,0	0,0	2,0	0,0	""	""	""	""	""	""	""	""	""	""	""	""	""
928	202309238,0	2023-04-27T00:00:00	10:49:00	COM VÍTIMA	FINALIZADA	PARNAMIRIM	RUA PADRE ROMA	413	RUA SEBASTIAO MALTA ARCOVERDE	SEMÁFORO 695	PARNAMIRIM	""	""	COLISÃO LATERAL	1,0	1,0	0,0	0,0	0,0	0,0	0,0	0,0	0,0	1,0	0,0	""	""	""	""	""	""	""	""	""	""	""	""	""
929	202309260,0	2023-04-27T00:00:00	01:55:00	COM VÍTIMA	CANCELADA	CAMPO GRANDE	RUA JERONIMO VILELA	429	RUA FRANKLIN TAVORA	PROXIMO PADARIA SANTO ANTONIO	CAMPO GRANDE	282,0	""	COLISÃO COM CICLISTA	0,0	1,0	0,0	1,0	0,0	0,0	0,0	0,0	0,0	1,0	0,0	""	""	""	""	""	""	""	""	""	""	""	""	""
930	202309278,0	2023-04-27T00:00:00	04:57:00	COM VÍTIMA	FINALIZADA	ENCRUZILHADA	AV BEBERIBE	404	""	PROX AO BANCO DO BRASIL	ENCRUZILHADA	""	""	COLISÃO TRASEIRA	1,0	1,0	0,0	0,0	0,0	0,0	0,0	0,0	0,0	1,0	0,0	""	""	""	""	""	""	""	""	""	""	""	""	""
931	202309281,0	2023-04-27T00:00:00	05:35:00	COM VÍTIMA	FINALIZADA	VASCO DA GAMA	RUA VASCO DA GAMA	630	RUA DOIS DE FEVEREIRO	PROX FARMA SAULO	VASCO DA GAMA	""	""	COLISÃO FRONTAL	1,0	2,0	0,0	0,0	0,0	0,0	0,0	0,0	0,0	2,0	0,0	""	""	""	""	""	""	""	""	""	""	""	""	""
932	202309295,0	2023-04-27T00:00:00	10:19:00	COM VÍTIMA	FINALIZADA	IBURA	RUA EXP FRANCISCO VITORIANO	78	""	PRÓXIMO AO MERCADO TREVO	IBURA	""	""	COLISÃO LATERAL	1,0	1,0	0,0	1,0	0,0	0,0	0,0	0,0	0,0	1,0	0,0	""	""	""	""	""	""	""	""	""	""	""	""	""
933	202309315,0	2023-04-28T00:00:00	08:51:00	COM VÍTIMA	CANCELADA	TORREÃO	AV GOVERNADOR AGAMENON MAGALHAES	536	""	ANTES DO VIADUTO DA JOÃO DE BARROS	TORREÃO	""	BOA VIAGEM	COLISÃO LATERAL	2,0	1,0	0,0	0,0	0,0	0,0	0,0	0,0	0,0	1,0	0,0	""	""	""	""	""	""	""	""	""	""	""	""	""
934	202309316,0	2023-04-28T00:00:00	08:53:00	COM VÍTIMA	FINALIZADA	APIPUCOS	AV DEZESSETE DE AGOSTO	""	""	EM FRENTE A POLICLINICA CENTRO MEDICO JOSÉ EMIRIO DE MORAES	APIPUCOS	251,0	""	COLISÃO COM CICLISTA	1,0	0,0	0,0	1,0	0,0	0,0	0,0	0,0	0,0	1,0	0,0	""	""	""	""	""	""	""	""	""	""	""	""	""
935	202309317,0	2023-04-28T00:00:00	09:26:00	COM VÍTIMA	CANCELADA	TAMARINEIRA	EST DO ARRAIAL	502	""	""	TAMARINEIRA	""	""	""	0,0	1,0	0,0	0,0	0,0	0,0	0,0	0,0	0,0	1,0	0,0	""	""	""	""	""	""	""	""	""	""	""	""	""
936	202309318,0	2023-04-28T00:00:00	09:27:00	COM VÍTIMA	FINALIZADA	SAN MARTIN	AV GENERAL SAN MARTIN	""	AV ENGENHEIRO ABDIAS DE CARVALHO	""	SAN MARTIN	85,0	""	COLISÃO TRANSVERSAL	1,0	1,0	0,0	0,0	0,0	0,0	0,0	0,0	1,0	1,0	0,0	""	""	""	""	""	""	""	""	""	""	""	""	""
937	202309331,0	2023-04-28T00:00:00	11:02:00	COM VÍTIMA	FINALIZADA	AREIAS	AV RECIFE	4874	""	""	AREIAS	""	""	COLISÃO LATERAL	1,0	1,0	0,0	0,0	0,0	0,0	0,0	0,0	0,0	1,0	0,0	""	""	""	""	""	""	""	""	""	""	""	""	""
938	202309333,0	2023-04-28T00:00:00	11:11:00	COM VÍTIMA	CANCELADA	IPUTINGA	AV CAXANGA	4507	""	APÓS O VIADUTO DA CAXANGÁ, SENTIDO CAMARAGIBE EM FRENTE AO POSTO SHELL. LADO OPOSTO AO Nº 4507	IPUTINGA	""	SUBURBIO	""	0,0	1,0	0,0	0,0	0,0	0,0	0,0	0,0	0,0	1,0	0,0	""	""	""	""	""	""	""	""	""	""	""	""	""
939	202309350,0	2023-04-28T00:00:00	02:32:00	COM VÍTIMA	FINALIZADA	BOA VIAGEM	RUA PADRE BERNADINO PESSOA	""	RUA MINISTRO NELSON HUNGRIA	COLEGIO SANTA MARIA E ESTETICA BUCAL	BOA VIAGEM	""	""	COLISÃO FRONTAL	1,0	1,0	0,0	0,0	0,0	0,0	0,0	0,0	0,0	1,0	0,0	""	""	""	""	""	""	""	""	""	""	""	""	""
940	202309353,0	2023-04-28T00:00:00	02:54:00	COM VÍTIMA	FINALIZADA	IMBIRIBEIRA	AV MARECHAL MASCARENHAS DE MORAES	""	""	EM FRENTE A NISSAN	IMBIRIBEIRA	""	""	COLISÃO LATERAL	1,0	1,0	0,0	0,0	0,0	0,0	0,0	0,0	0,0	1,0	0,0	""	""	""	""	""	""	""	""	""	""	""	""	""
941	202309354,0	2023-04-28T00:00:00	03:06:00	COM VÍTIMA	CANCELADA	BOA VISTA	RUA PADRE INGLES	231	""	""	BOA VISTA	""	""	""	0,0	1,0	0,0	0,0	0,0	0,0	0,0	0,0	0,0	1,0	0,0	""	""	""	""	""	""	""	""	""	""	""	""	""
942	202309360,0	2023-04-19T00:00:00	01:30:00	COM VÍTIMA	FINALIZADA	DERBY	AV GOVERNADOR AGAMENON MAGALHAES	""	""	""	DERBY	""	SUBURBIO	COLISÃO LATERAL	0,0	1,0	0,0	0,0	0,0	0,0	0,0	0,0	0,0	1,0	0,0	""	""	""	""	""	""	""	""	""	""	""	""	""
943	202309363,0	2023-04-28T00:00:00	04:31:00	COM VÍTIMA	FINALIZADA	CAJUEIRO	AV SEBASTIAO SALAZAR	""	""	PROX AO BAR DA FAVA / PASTEL DA TIA, SENTIDO AV BEBERIBE	CAJUEIRO	""	""	""	0,0	1,0	0,0	0,0	0,0	0,0	0,0	0,0	0,0	2,0	0,0	""	""	""	""	""	""	""	""	""	""	""	""	""
944	202309369,0	2023-04-28T00:00:00	05:57:00	COM VÍTIMA	FINALIZADA	TAMARINEIRA	RUA VISCONDE DE ABAETE	""	RUA CANAPOLIS	EM FRENTE AO BAR LANTERNA VERDE	TAMARINEIRA	""	""	COLISÃO FRONTAL	2,0	0,0	0,0	0,0	0,0	0,0	0,0	0,0	0,0	1,0	0,0	""	""	""	""	""	""	""	""	""	""	""	""	""
945	202309371,0	2023-04-28T00:00:00	06:09:00	COM VÍTIMA	FINALIZADA	IBURA	AV DOIS RIOS	""	RUA RIO XINGU	""	IBURA	""	""	COLISÃO LATERAL	1,0	1,0	0,0	0,0	0,0	0,0	0,0	0,0	0,0	1,0	0,0	""	""	""	""	""	""	""	""	""	""	""	""	""
946	202309381,0	2023-04-28T00:00:00	06:56:00	COM VÍTIMA	FINALIZADA	BOA VISTA	RUA DA AURORA	""	""	EM  FRENTE AO HOTEL PLAZA	BOA VISTA	""	""	COLISÃO TRASEIRA	1,0	1,0	0,0	0,0	0,0	0,0	0,0	0,0	0,0	1,0	0,0	""	""	""	""	""	""	""	""	""	""	""	""	""
947	202309385,0	2023-04-28T00:00:00	10:58:00	COM VÍTIMA	FINALIZADA	PORTO DA MADEIRA	AV BEBERIBE	3359	""	EM FRENTE A GALERIA TERRAÇO	PORTO DA MADEIRA	""	""	CHOQUE	0,0	0,0	0,0	0,0	0,0	0,0	0,0	0,0	0,0	1,0	0,0	""	""	""	""	""	""	""	""	""	""	""	""	""
948	202309386,0	2023-04-28T00:00:00	11:23:00	COM VÍTIMA	FINALIZADA	SANCHO	AV LIBERDADE	1060	""	AO LADO DO CEMITERIO PARQUE DAS FLORES	SANCHO	""	""	COLISÃO FRONTAL	1,0	1,0	0,0	0,0	0,0	0,0	0,0	0,0	0,0	1,0	0,0	""	""	""	""	""	""	""	""	""	""	""	""	""
949	202309392,0	2023-04-29T00:00:00	06:35:00	SEM VÍTIMA	FINALIZADA	PRADO	AV ENGENHEIRO ABDIAS DE CARVALHO	""	RUA JOAO IVO DA SILVA	LOJAS DE CARROS KATAN	PRADO	132,0	CIDADE	COLISÃO TRANSVERSAL	3,0	0,0	0,0	0,0	0,0	0,0	0,0	0,0	0,0	0,0	0,0	""	""	""	""	""	""	""	""	""	""	""	""	""
950	202309402,0	2023-04-29T00:00:00	07:56:00	COM VÍTIMA	FINALIZADA	JAQUEIRA	AV CONS ROSA E SILVA	1847	""	NA ESQUINA DA SMAT FIT	JAQUEIRA	""	""	CHOQUE	2,0	0,0	0,0	0,0	0,0	0,0	0,0	0,0	0,0	1,0	0,0	""	""	""	""	""	""	""	""	""	""	""	""	""
951	202309403,0	2023-04-29T00:00:00	07:58:00	COM VÍTIMA	FINALIZADA	ILHA DO LEITE	AV FREI MATIAS TEVES	""	RUA SENADOR JOSE HENRIQUE	PROX. A CLINICA DE ESTETICA HILANA	ILHA DO LEITE	""	""	COLISÃO LATERAL	1,0	1,0	0,0	0,0	0,0	0,0	0,0	0,0	0,0	2,0	0,0	""	""	""	""	""	""	""	""	""	""	""	""	""
952	202309422,0	2023-04-29T00:00:00	11:43:00	COM VÍTIMA	FINALIZADA	CORDEIRO	RUA AMBROSIO MACHADO	165	""	EM FRENTE AO EDF. LORENA NUNES	CORDEIRO	""	""	COLISÃO LATERAL	1,0	1,0	0,0	0,0	0,0	0,0	0,0	0,0	0,0	2,0	0,0	""	""	""	""	""	""	""	""	""	""	""	""	""
953	202309426,0	2023-04-29T00:00:00	01:05:00	COM VÍTIMA	FINALIZADA	BOA VIAGEM	RUA GENERAL EDSON AMANCIO RAMALHO	""	RUA FAUSTINO PORTO	AO LADO DO BIG BOMPREÇO	BOA VIAGEM	""	""	COLISÃO TRASEIRA	1,0	1,0	0,0	0,0	0,0	0,0	0,0	0,0	0,0	1,0	0,0	""	""	""	""	""	""	""	""	""	""	""	""	""
954	202309438,0	2023-04-29T00:00:00	02:54:00	COM VÍTIMA	FINALIZADA	ARRUDA	AV PROFESSOR JOSE DOS ANJOS	""	""	AO LADO DO BOMPREÇO	ARRUDA	""	""	COLISÃO LATERAL	1,0	1,0	0,0	0,0	0,0	0,0	0,0	0,0	0,0	1,0	0,0	""	""	""	""	""	""	""	""	""	""	""	""	""
955	202309440,0	2023-04-29T00:00:00	04:35:00	SEM VÍTIMA	CANCELADA	TORREÃO	RUA DOM JOAO COSTA	42	""	DE FRENTE A PRAÇA DO TORREÃO	TORREÃO	""	""	COLISÃO LATERAL	1,0	1,0	0,0	0,0	0,0	0,0	0,0	0,0	0,0	0,0	0,0	""	""	""	""	""	""	""	""	""	""	""	""	""
956	202309462,0	2023-04-30T00:00:00	06:53:00	COM VÍTIMA	FINALIZADA	CASA AMARELA	EST DO ARRAIAL	""	""	PROXIMO A  ESCOLA MUNICIPAL	CASA AMARELA	""	""	CHOQUE	0,0	1,0	0,0	0,0	0,0	0,0	0,0	0,0	0,0	2,0	0,0	""	""	""	""	""	""	""	""	""	""	""	""	""
957	202309469,0	2023-04-30T00:00:00	10:07:00	COM VÍTIMA	FINALIZADA	BOA VIAGEM	AV ENGENHEIRO DOMINGOS FERREIRA	""	RUA CORONEL BENEDITO CHAVES	""	BOA VIAGEM	""	""	COLISÃO TRANSVERSAL	1,0	1,0	0,0	0,0	0,0	0,0	0,0	0,0	0,0	1,0	0,0	""	""	""	""	""	""	""	""	""	""	""	""	""
958	202309472,0	2023-04-30T00:00:00	11:25:00	COM VÍTIMA	FINALIZADA	SAN MARTIN	AV GENERAL SAN MARTIN	""	""	EM FRENTE O CORREIOS	SAN MARTIN	""	""	COLISÃO TRASEIRA	1,0	1,0	0,0	0,0	0,0	0,0	0,0	0,0	0,0	1,0	0,0	""	""	""	""	""	""	""	""	""	""	""	""	""
959	202309473,0	2023-04-30T00:00:00	11:42:00	COM VÍTIMA	FINALIZADA	BOA VIAGEM	AVENIDA CELSO FURTADO (VIA MANGUE)	""	""	PROX AO MERCADO AÇAI	BOA VIAGEM	""	""	COLISÃO LATERAL	2,0	0,0	0,0	0,0	0,0	0,0	0,0	0,0	0,0	1,0	0,0	""	""	""	""	""	""	""	""	""	""	""	""	""
960	202309509,0	2023-05-01T00:00:00	11:21:00	SEM VÍTIMA	FINALIZADA	DOIS UNIDOS	AV HILDEBRANDO DE VASCONCELOS	29	""	PROX AO TERMINAL DE ONIBUS EM FRENTE A RESIDENCIA 29	DOIS UNIDOS	""	""	COLISÃO FRONTAL	1,0	1,0	0,0	0,0	0,0	0,0	0,0	0,0	0,0	0,0	0,0	""	""	""	""	""	""	""	""	""	""	""	""	""
961	202309513,0	2023-05-01T00:00:00	12:51:00	COM VÍTIMA	FINALIZADA	TORRE	RUA CONDE DE IRAJA	""	AV BEIRA RIO	""	TORRE	""	""	CHOQUE	2,0	0,0	0,0	0,0	0,0	0,0	0,0	0,0	0,0	1,0	0,0	""	""	""	""	""	""	""	""	""	""	""	""	""
962	202309530,0	2023-05-01T00:00:00	05:07:00	COM VÍTIMA	FINALIZADA	IBURA	RUA VALE DO ITAJAI	""	""	UPA DA LAGOA ENCANTADA	IBURA	""	""	ATROPELAMENTO DE PESSOA	1,0	0,0	0,0	0,0	1,0	0,0	0,0	0,0	0,0	2,0	0,0	""	""	""	""	""	""	""	""	""	""	""	""	""
963	202309531,0	2023-05-01T00:00:00	05:32:00	COM VÍTIMA	FINALIZADA	IMBIRIBEIRA	AV MARECHAL MASCARENHAS DE MORAES	""	""	EM FRENTE AO AEROPORTO	IMBIRIBEIRA	""	""	ATROPELAMENTO DE PESSOA	1,0	0,0	0,0	0,0	1,0	0,0	0,0	0,0	0,0	1,0	0,0	""	""	""	""	""	""	""	""	""	""	""	""	""
964	202309535,0	2023-05-01T00:00:00	06:01:00	COM VÍTIMA	FINALIZADA	IPUTINGA	AV MAURICIO DE NASSAU	""	RUA SAO MATEUS	EM FRENTE COXINHA DO NOBRE	IPUTINGA	""	""	COLISÃO LATERAL	1,0	1,0	0,0	0,0	0,0	0,0	0,0	0,0	0,0	2,0	0,0	""	""	""	""	""	""	""	""	""	""	""	""	""
965	202309544,0	2023-05-01T00:00:00	11:07:00	COM VÍTIMA	CANCELADA	MADALENA	AV VISCONDE DE ALBUQUERQUE	""	RUA JOSE OSORIO	EM FRENTE A FARMACIA DO TRABALHADOR	MADALENA	""	""	COLISÃO TRANSVERSAL	1,0	1,0	0,0	0,0	0,0	0,0	0,0	0,0	0,0	2,0	0,0	""	""	""	""	""	""	""	""	""	""	""	""	""
966	202309565,0	2023-05-02T00:00:00	08:24:00	COM VÍTIMA	FINALIZADA	IMBIRIBEIRA	AV GENERAL MAC ARTHUR	""	""	EM FRENTE AO LE PARC	IMBIRIBEIRA	""	""	QUEDA	0,0	1,0	0,0	0,0	0,0	0,0	0,0	0,0	0,0	1,0	0,0	""	""	""	""	""	""	""	""	""	""	""	""	""
967	202309568,0	2023-05-02T00:00:00	08:58:00	COM VÍTIMA	FINALIZADA	DOIS IRMÃOS	RUA PROF CLAUDIO SELVA	179	""	ANTES DO VALE DO AMANHECER EM FRENTE AO N179	DOIS IRMÃOS	""	""	COLISÃO LATERAL	1,0	1,0	0,0	0,0	0,0	0,0	0,0	0,0	0,0	1,0	0,0	""	""	""	""	""	""	""	""	""	""	""	""	""
968	202309575,0	2023-05-02T00:00:00	10:19:00	SEM VÍTIMA	FINALIZADA	DOIS IRMÃOS	RUA DOIS IRMAOS	""	""	SEMÁFORO 416	DOIS IRMÃOS	""	""	APOIO CELPE	0,0	0,0	0,0	0,0	0,0	0,0	0,0	0,0	0,0	0,0	0,0	""	""	""	""	""	""	""	""	""	""	""	""	""
969	202309577,0	2023-05-02T00:00:00	10:23:00	COM VÍTIMA	FINALIZADA	GRAÇAS	RUA ALBERTO PAIVA	""	""	A OCORRÊNCIA FICA NA RUA Senador Alberto Paiva / SEMÁFORO 360	GRAÇAS	""	""	COLISÃO TRASEIRA	1,0	1,0	0,0	0,0	0,0	0,0	0,0	0,0	0,0	1,0	0,0	""	""	""	""	""	""	""	""	""	""	""	""	""
970	202309597,0	2023-05-02T00:00:00	04:31:00	COM VÍTIMA	FINALIZADA	AFOGADOS	RUA DA PAZ	21	""	PROX A ESTAÇAO DO LARGO DA PAZ	AFOGADOS	""	""	COLISÃO LATERAL	0,0	1,0	0,0	0,0	0,0	0,0	1,0	0,0	0,0	1,0	0,0	""	""	""	""	""	""	""	""	""	""	""	""	""
971	202309598,0	2023-05-02T00:00:00	05:01:00	COM VÍTIMA	FINALIZADA	BOA VIAGEM	AV CONSELHEIRO AGUIAR	""	""	E/F AO BANCO SAFRA	BOA VIAGEM	""	""	COLISÃO LATERAL	1,0	1,0	0,0	0,0	0,0	0,0	0,0	0,0	0,0	2,0	0,0	""	""	""	""	""	""	""	""	""	""	""	""	""
972	202309599,0	2023-05-02T00:00:00	05:11:00	COM VÍTIMA	CANCELADA	BOA VIAGEM	AV DES JOSE NEVES	""	TUNEL AUGUSTO LUCENA	""	BOA VIAGEM	""	SUBURBIO	COLISÃO LATERAL	0,0	2,0	0,0	0,0	0,0	0,0	0,0	0,0	0,0	1,0	0,0	""	""	""	""	""	""	""	""	""	""	""	""	""
973	202309603,0	2023-05-02T00:00:00	06:18:00	COM VÍTIMA	FINALIZADA	SANTO AMARO	RUA TREZE DE MAIO	""	""	PRÓXIMO À AVENIDA NORTE	SANTO AMARO	""	""	COLISÃO LATERAL	0,0	0,0	0,0	0,0	0,0	0,0	0,0	0,0	0,0	1,0	0,0	""	""	""	""	""	""	""	""	""	""	""	""	""
974	202309604,0	2023-05-02T00:00:00	06:19:00	COM VÍTIMA	FINALIZADA	IBURA	AV DOIS RIOS	""	RUA RIO XINGU	""	IBURA	""	""	ATROPELAMENTO DE PESSOA	1,0	0,0	0,0	0,0	1,0	0,0	0,0	0,0	0,0	1,0	0,0	""	""	""	""	""	""	""	""	""	""	""	""	""
975	202309613,0	2023-05-02T00:00:00	07:31:00	COM VÍTIMA	FINALIZADA	CAXANGÁ	AV CAXANGA	""	""	APÓS O VIADUTO DA CAXANGÁ SENTIDO  CAMARAGIBE	CAXANGÁ	""	""	COLISÃO COM CICLISTA	1,0	0,0	0,0	1,0	0,0	0,0	0,0	0,0	0,0	1,0	0,0	""	""	""	""	""	""	""	""	""	""	""	""	""
976	202309614,0	2023-05-02T00:00:00	07:47:00	COM VÍTIMA	FINALIZADA	CAMPO GRANDE	EST DE BELEM	1177	""	PRÓX. À FARMÁCIA DROGASIL	CAMPO GRANDE	""	""	COLISÃO TRASEIRA	0,0	1,0	0,0	0,0	0,0	0,0	0,0	0,0	1,0	1,0	0,0	""	""	""	""	""	""	""	""	""	""	""	""	""
977	202309618,0	2023-05-02T00:00:00	09:05:00	SEM VÍTIMA	FINALIZADA	PAISSANDU	AV GOVERNADOR AGAMENON MAGALHAES	""	RUA PAISSANDU	PRÓXIMO AO BURG KING PAISSANDU	PAISSANDU	""	SUBURBIO	""	1,0	0,0	0,0	0,0	0,0	0,0	1,0	0,0	0,0	0,0	0,0	""	""	""	""	""	""	""	""	""	""	""	""	""