_id	Protocolo	data	hora	natureza	situacao	bairro	endereco	numero	detalhe_endereco_acidente	complemento	bairro_cruzamento	num_semaforo	sentido_via	tipo	auto	moto	ciclom	ciclista	pedestre	onibus	caminhao	viatura	outros	vitimas	vitimasfatais	acidente_verificado	tempo_clima	situacao_semaforo	sinalizacao	condicao_via	conservacao_via	ponto_controle	situacao_placa	velocidade_max_via	mao_direcao	divisao_via1	divisao_via2	divisao_via3
978	202309632,0	2023-05-03T00:00:00	08:23:00	COM VÍTIMA	FINALIZADA	ENCRUZILHADA	EST DE BELEM	516	""	EM FRENTE AO EDF. AQUILES E PROX AO SEFAZ	ENCRUZILHADA	""	""	COLISÃO TRASEIRA	1,0	1,0	0,0	0,0	0,0	0,0	0,0	0,0	0,0	1,0	0,0	""	""	""	""	""	""	""	""	""	""	""	""	""
979	202309638,0	2023-05-03T00:00:00	09:26:00	COM VÍTIMA	FINALIZADA	SANTO AMARO	AV NORTE MIGUEL ARRAES DE ALENCAR	""	""	APOS A PRAÇA DA PICANHA, EM CIMA DO VIADUTO SENT. CIDADE	SANTO AMARO	""	""	COLISÃO FRONTAL	1,0	1,0	0,0	0,0	0,0	0,0	0,0	0,0	0,0	1,0	0,0	""	""	""	""	""	""	""	""	""	""	""	""	""
980	202309639,0	2023-05-03T00:00:00	09:29:00	COM VÍTIMA	FINALIZADA	MADALENA	EST DOS REMEDIOS	229	AV ENGENHEIRO ABDIAS DE CARVALHO	EM FRENTE A FARMACIA INDEPENDENTE	MADALENA	""	""	COLISÃO LATERAL	0,0	2,0	0,0	0,0	0,0	0,0	0,0	0,0	0,0	2,0	0,0	""	""	""	""	""	""	""	""	""	""	""	""	""
981	202309663,0	2023-05-03T00:00:00	11:40:00	SEM VÍTIMA	FINALIZADA	IMBIRIBEIRA	AV MARECHAL MASCARENHAS DE MORAES	""	""	EM FRENTE AO NÚMERO 1043	IMBIRIBEIRA	""	CIDADE	""	2,0	0,0	0,0	0,0	0,0	0,0	0,0	0,0	0,0	0,0	0,0	""	""	""	""	""	""	""	""	""	""	""	""	""
982	202309667,0	2023-05-03T00:00:00	12:10:00	COM VÍTIMA	FINALIZADA	BONGI	AV ENGENHEIRO ABDIAS DE CARVALHO	1835	""	CENTRO DE TREINAMENTO DOS CORREIOS	BONGI	""	""	COLISÃO TRASEIRA	1,0	1,0	0,0	0,0	0,0	0,0	0,0	0,0	0,0	1,0	0,0	""	""	""	""	""	""	""	""	""	""	""	""	""
983	202309675,0	2023-05-03T00:00:00	01:12:00	COM VÍTIMA	FINALIZADA	IPSEP	AV RECIFE	2305	""	E/F A CHURRASCARIA E PETISCARIA PAJUÇARA  S/T BOA VIAGEM	IPSEP	""	""	COLISÃO TRASEIRA	1,0	1,0	0,0	0,0	0,0	0,0	0,0	0,0	0,0	1,0	0,0	""	""	""	""	""	""	""	""	""	""	""	""	""
984	202309686,0	2023-05-03T00:00:00	03:03:00	COM VÍTIMA	FINALIZADA	TEJIPIÓ	AV DR JOSE RUFINO	""	""	EM FRENTE À ESTAÇÃO TEJIPIÓ	TEJIPIÓ	""	SUB0	COLISÃO TRASEIRA	0,0	0,0	0,0	0,0	0,0	0,0	0,0	0,0	0,0	1,0	0,0	""	""	""	""	""	""	""	""	""	""	""	""	""
985	202309691,0	2023-05-03T00:00:00	03:58:00	COM VÍTIMA	CANCELADA	TEJIPIÓ	RUA PAPA JOAO VINTE E TRES	489	RUA FALCAO DE LACERDA	E/F A FABRICA DE PADARIA	TEJIPIÓ	""	""	COLISÃO LATERAL	1,0	1,0	0,0	0,0	0,0	0,0	0,0	0,0	0,0	1,0	0,0	""	""	""	""	""	""	""	""	""	""	""	""	""
986	202309695,0	2023-05-03T00:00:00	04:16:00	COM VÍTIMA	FINALIZADA	NOVA DESCOBERTA	AV VEREADOR OTACILIO AZEVEDO	2730	""	""	NOVA DESCOBERTA	""	""	COLISÃO FRONTAL	0,0	0,0	0,0	0,0	0,0	0,0	0,0	0,0	0,0	1,0	0,0	""	""	""	""	""	""	""	""	""	""	""	""	""
987	202309722,0	2023-05-03T00:00:00	10:02:00	COM VÍTIMA	FINALIZADA	AREIAS	AV DR JOSE RUFINO	1807	""	EM FRENTE AO CONDOMÍNIO MORADA DO BARRO	AREIAS	""	""	COLISÃO FRONTAL	1,0	1,0	0,0	0,0	0,0	0,0	0,0	0,0	0,0	1,0	0,0	""	""	""	""	""	""	""	""	""	""	""	""	""
988	202309734,0	2023-05-04T00:00:00	06:26:00	SEM VÍTIMA	FINALIZADA	BOA VIAGEM	RUA WALDEMAR NERY CARNEIRO MONTEIRO	265	""	PROX A GALERIA CLARK E EM FRENTE AO EDF TANGARA N265	BOA VIAGEM	""	""	COLISÃO LATERAL	2,0	0,0	0,0	0,0	0,0	0,0	0,0	0,0	0,0	0,0	0,0	""	""	""	""	""	""	""	""	""	""	""	""	""
989	202309736,0	2023-05-04T00:00:00	07:08:00	COM VÍTIMA	FINALIZADA	SANTO AMARO	AV CRUZ CABUGA	""	""	DE FRENTE AO HOSP. SANTA CASA	SANTO AMARO	""	""	COLISÃO LATERAL	1,0	1,0	0,0	0,0	0,0	0,0	0,0	0,0	0,0	1,0	0,0	""	""	""	""	""	""	""	""	""	""	""	""	""
990	202309743,0	2023-05-04T00:00:00	08:05:00	COM VÍTIMA	FINALIZADA	CAMPO GRANDE	RUA ESBERARD	""	RUA ODORICO MENDES	PRÓXIMO A CLUBE DAS PAZ	CAMPO GRANDE	""	CIDADE	COLISÃO LATERAL	2,0	0,0	0,0	0,0	0,0	0,0	0,0	0,0	0,0	2,0	0,0	""	""	""	""	""	""	""	""	""	""	""	""	""
991	202309747,0	2023-05-04T00:00:00	08:55:00	COM VÍTIMA	FINALIZADA	MACAXEIRA	AV NORTE MIGUEL ARRAES DE ALENCAR	""	""	PROX AO TERMINAL DA MACAXEIRA	MACAXEIRA	""	""	COLISÃO TRASEIRA	0,0	1,0	0,0	0,0	0,0	1,0	0,0	0,0	0,0	2,0	0,0	""	""	""	""	""	""	""	""	""	""	""	""	""
992	202309755,0	2023-05-04T00:00:00	10:07:00	SEM VÍTIMA	FINALIZADA	SÃO JOSÉ	RUA DA CONCORDIA	686	RUA SAO JOAO	EM FRENTE BAZAR CARAMURU	SÃO JOSÉ	180,0	CIDADE	COLISÃO TRASEIRA	2,0	1,0	0,0	0,0	0,0	0,0	0,0	0,0	0,0	0,0	0,0	""	""	""	""	""	""	""	""	""	""	""	""	""
993	202309760,0	2023-05-04T00:00:00	10:56:00	COM VÍTIMA	FINALIZADA	CAMPO GRANDE	RUA ODORICO MENDES	""	""	AO LADO CENTRAL DE FLAGRANTES	CAMPO GRANDE	""	""	COLISÃO FRONTAL	1,0	1,0	0,0	0,0	0,0	0,0	0,0	0,0	0,0	1,0	0,0	""	""	""	""	""	""	""	""	""	""	""	""	""
994	202309777,0	2023-05-04T00:00:00	12:36:00	COM VÍTIMA	FINALIZADA	MADALENA	RUA JOSE OSORIO	""	""	APÓS O MERCADO DA MADALENA	MADALENA	""	""	COLISÃO LATERAL	0,0	0,0	0,0	0,0	0,0	0,0	0,0	0,0	0,0	1,0	0,0	""	""	""	""	""	""	""	""	""	""	""	""	""
995	202309795,0	2023-05-04T00:00:00	04:51:00	SEM VÍTIMA	FINALIZADA	IBURA	AV MARECHAL MASCARENHAS DE MORAES	""	""	EM FRENTE AO AEROPORTO/ SENTIDO PRAZERES	IBURA	""	SUBURBIO	COLISÃO LATERAL	1,0	0,0	0,0	0,0	0,0	0,0	0,0	1,0	0,0	0,0	0,0	""	""	""	""	""	""	""	""	""	""	""	""	""
996	202309796,0	2023-05-04T00:00:00	05:02:00	SEM VÍTIMA	FINALIZADA	BOA VIAGEM	RUA BRUNO VELOSO	""	""	AO LADO DO POSTO PETROBRAS	BOA VIAGEM	""	CIDADE	""	2,0	1,0	0,0	0,0	0,0	0,0	0,0	0,0	0,0	0,0	0,0	""	""	""	""	""	""	""	""	""	""	""	""	""
997	202309797,0	2023-05-04T00:00:00	05:11:00	COM VÍTIMA	FINALIZADA	BOA VIAGEM	AV ENGENHEIRO DOMINGOS FERREIRA	4395	""	PROXIMO AO HOTEL VELA BRANCA	BOA VIAGEM	""	""	COLISÃO TRASEIRA	2,0	1,0	0,0	0,0	0,0	0,0	0,0	0,0	0,0	1,0	0,0	""	""	""	""	""	""	""	""	""	""	""	""	""
998	202309798,0	2023-05-04T00:00:00	05:16:00	COM VÍTIMA	FINALIZADA	VARZEA	RUA RIBEIRO PESSOA	957	""	PROXIMO AO CONDOMINIO FICCOS BENJAMIN	VARZEA	""	""	COLISÃO FRONTAL	1,0	1,0	0,0	0,0	0,0	0,0	0,0	0,0	0,0	1,0	0,0	""	""	""	""	""	""	""	""	""	""	""	""	""
999	202309799,0	2023-05-04T00:00:00	05:17:00	SEM VÍTIMA	FINALIZADA	JARDIM SAO PAULO	RUA LEANDRO BARRETO	""	""	ENCIMA DO VIADUTO DE JARDIM SÃO PAULO / PROX AO POSTO DE GASOLINA DE  IPIRANGA	JARDIM SAO PAULO	""	""	COLISÃO TRASEIRA	2,0	0,0	0,0	0,0	0,0	0,0	1,0	0,0	0,0	0,0	0,0	""	""	""	""	""	""	""	""	""	""	""	""	""
1000	202309801,0	2023-05-04T00:00:00	05:46:00	COM VÍTIMA	FINALIZADA	AGUA FRIA	EST VELHA DE AGUA FRIA	1807	""	E/F  AO MERCADO  DE AGUA FRIA  S/T BOMBA DO HEMETERIO	AGUA FRIA	""	""	COLISÃO LATERAL	0,0	1,0	0,0	0,0	0,0	1,0	0,0	0,0	0,0	1,0	0,0	""	""	""	""	""	""	""	""	""	""	""	""	""
1001	202309811,0	2023-05-04T00:00:00	06:30:00	COM VÍTIMA	FINALIZADA	PORTO DA MADEIRA	RUA DALVA DE OLIVEIRA	99	""	RUA AO LADO DA SEST SENAC	PORTO DA MADEIRA	""	""	COLISÃO LATERAL	1,0	1,0	0,0	0,0	0,0	0,0	0,0	0,0	0,0	2,0	0,0	""	""	""	""	""	""	""	""	""	""	""	""	""
1002	202309826,0	2023-05-05T00:00:00	07:21:00	COM VÍTIMA	FINALIZADA	CAMPO GRANDE	RUA JERONIMO VILELA	""	AV PROFESSOR JOSE DOS ANJOS	SOB O SEMÁFORO	CAMPO GRANDE	642,0	""	COLISÃO FRONTAL	0,0	1,0	0,0	0,0	0,0	0,0	1,0	0,0	0,0	1,0	0,0	""	""	""	""	""	""	""	""	""	""	""	""	""
1003	202309828,0	2023-05-05T00:00:00	07:31:00	SEM VÍTIMA	FINALIZADA	CORDEIRO	AV CAXANGA	1753	""	EM FRENTE A CENTROCAR	CORDEIRO	""	CIDADE	COLISÃO TRASEIRA	1,0	0,0	0,0	0,0	0,0	0,0	0,0	1,0	0,0	0,0	0,0	""	""	""	""	""	""	""	""	""	""	""	""	""
1004	202309839,0	2023-05-05T00:00:00	08:21:00	COM VÍTIMA	FINALIZADA	BEBERIBE	AV BEBERIBE	4217	""	EM FRENTE A BORRACHARIA SÃO LUIZ	BEBERIBE	""	""	COLISÃO TRASEIRA	0,0	1,0	0,0	0,0	0,0	1,0	0,0	0,0	0,0	1,0	0,0	""	""	""	""	""	""	""	""	""	""	""	""	""
1005	202309842,0	2023-05-05T00:00:00	08:25:00	COM VÍTIMA	FINALIZADA	SANTO AMARO	AV GOVERNADOR AGAMENON MAGALHAES	""	""	SENT. BOA VIAGEM APOS A FABRICA TACARUNA	SANTO AMARO	""	""	COLISÃO TRASEIRA	1,0	1,0	0,0	0,0	0,0	0,0	0,0	0,0	0,0	1,0	0,0	""	""	""	""	""	""	""	""	""	""	""	""	""
1006	202309850,0	2023-05-05T00:00:00	09:35:00	SEM VÍTIMA	FINALIZADA	TORROES	AV ENGENHEIRO ABDIAS DE CARVALHO	96	""	LADO OPOSTO A CIA DA PEÇA	TORROES	""	CIDADE	COLISÃO TRASEIRA	2,0	0,0	0,0	0,0	0,0	0,0	0,0	0,0	0,0	0,0	0,0	""	""	""	""	""	""	""	""	""	""	""	""	""
1007	202309860,0	2023-05-05T00:00:00	01:40:00	COM VÍTIMA	FINALIZADA	TAMARINEIRA	AV CONS ROSA E SILVA	""	AV DR MALAQUIAS	DEPOIS DO SHOPPING ETC	TAMARINEIRA	214,0	""	COLISÃO LATERAL	1,0	1,0	0,0	0,0	0,0	0,0	0,0	0,0	0,0	1,0	0,0	""	""	""	""	""	""	""	""	""	""	""	""	""
1008	202309876,0	2023-05-05T00:00:00	01:33:00	COM VÍTIMA	FINALIZADA	CAXANGA	AV CAXANGA	5709	""	LADO OPSOTO AO TERMINAL DA CAXANGA	CAXANGA	""	""	COLISÃO TRASEIRA	1,0	1,0	0,0	0,0	0,0	0,0	0,0	0,0	0,0	1,0	0,0	""	""	""	""	""	""	""	""	""	""	""	""	""
1009	202309885,0	2023-05-05T00:00:00	03:47:00	SEM VÍTIMA	FINALIZADA	COQUEIRAL	RUA TUTOIA	690	""	FARMACIA PREÇO BOM	COQUEIRAL	""	CIDADE	""	1,0	0,0	0,0	0,0	0,0	0,0	0,0	1,0	0,0	0,0	0,0	""	""	""	""	""	""	""	""	""	""	""	""	""
1010	202309892,0	2023-05-05T00:00:00	05:57:00	COM VÍTIMA	FINALIZADA	TORRE	RUA JOAO TUDE DE MELO	""	""	LADO OPOSTO AO GUAIAMUM GIGANTE	TORRE	""	""	COLISÃO LATERAL	1,0	1,0	0,0	0,0	0,0	0,0	0,0	0,0	0,0	1,0	0,0	""	""	""	""	""	""	""	""	""	""	""	""	""
1011	202309894,0	2023-05-05T00:00:00	06:15:00	COM VÍTIMA	FINALIZADA	SAN MARTIN	RUA DELMIRO GOUVEIA	""	""	PROX A PRAÇA DA CHESF	SAN MARTIN	""	""	COLISÃO COM CICLISTA	1,0	0,0	0,0	1,0	0,0	0,0	0,0	0,0	0,0	1,0	0,0	""	""	""	""	""	""	""	""	""	""	""	""	""
1012	202309897,0	2023-05-05T00:00:00	06:47:00	COM VÍTIMA	FINALIZADA	BOA VIAGEM	AV ENGENHEIRO DOMINGOS FERREIRA	""	""	CLINICAL CENTER	BOA VIAGEM	""	""	COLISÃO LATERAL	0,0	0,0	0,0	0,0	0,0	0,0	0,0	2,0	0,0	1,0	0,0	""	""	""	""	""	""	""	""	""	""	""	""	""
1013	202309924,0	2023-05-06T00:00:00	09:26:00	COM VÍTIMA	FINALIZADA	AFOGADOS	EST DOS REMEDIOS	""	""	EM FRENTE AO  TERMINAL DE ONIBUS AFOGADOS	AFOGADOS	""	""	COLISÃO COM CICLISTA	1,0	0,0	0,0	1,0	0,0	0,0	0,0	0,0	0,0	1,0	0,0	""	""	""	""	""	""	""	""	""	""	""	""	""
1014	202309956,0	2023-05-06T00:00:00	05:24:00	COM VÍTIMA	FINALIZADA	AFOGADOS	RUA SAO MIGUEL	""	""	PROXIMO AO BODE DO NO	AFOGADOS	""	""	COLISÃO FRONTAL	1,0	1,0	0,0	0,0	0,0	0,0	0,0	0,0	0,0	1,0	0,0	""	""	""	""	""	""	""	""	""	""	""	""	""
1015	202309967,0	2023-05-06T00:00:00	06:37:00	COM VÍTIMA	FINALIZADA	CASA AMARELA	AV NORTE MIGUEL ARRAES DE ALENCAR	6717	""	POSTO BR / ESPAÇO CAR / MATERNIDADE BARROS LIMA	CASA AMARELA	""	""	COLISÃO FRONTAL	1,0	1,0	0,0	0,0	0,0	0,0	0,0	0,0	0,0	1,0	0,0	""	""	""	""	""	""	""	""	""	""	""	""	""
1016	202309971,0	2023-05-06T00:00:00	08:51:00	COM VÍTIMA	FINALIZADA	JARDIM SAO PAULO	RUA LEANDRO BARRETO	512	""	PRÓX. À PADARIA LA ROQUE	JARDIM SAO PAULO	""	""	COLISÃO FRONTAL	0,0	1,0	0,0	0,0	0,0	0,0	0,0	0,0	0,0	1,0	0,0	""	""	""	""	""	""	""	""	""	""	""	""	""
1017	202309989,0	2023-05-07T00:00:00	06:55:00	VÍTIMA FATAL	FINALIZADA	DERBY	AV GOVERNADOR AGAMENON MAGALHAES	""	PRC DO DERBY	PISTA LOCAL - SENTIDO BOA VIAGEM - E/F À ESTAÇÃO BRT	DERBY	""	""	ATROPELAMENTO DE PESSOA	1,0	0,0	0,0	0,0	1,0	0,0	0,0	0,0	0,0	0,0	1,0	""	""	""	""	""	""	""	""	""	""	""	""	""
1018	202309991,0	2023-05-07T00:00:00	07:00:00	COM VÍTIMA	FINALIZADA	BOA VIAGEM	RUA DES JOAO PAES	""	RUA TENENTE DOMINGOS DE BRITO	PROX. A PADARIA ALEM DO PÃO	BOA VIAGEM	""	""	COLISÃO FRONTAL	1,0	1,0	0,0	0,0	0,0	0,0	0,0	0,0	0,0	1,0	0,0	""	""	""	""	""	""	""	""	""	""	""	""	""
1019	202309999,0	2023-05-07T00:00:00	07:47:00	SEM VÍTIMA	FINALIZADA	BOA VIAGEM	RUA PADRE CARAPUCEIRO	""	AVENIDA CELSO FURTADO (VIA MANGUE)	PROX AO SHOPPING RECIFE E PROX AO SEMÁFORO 321	BOA VIAGEM	""	CIDADE	COLISÃO LATERAL	3,0	0,0	0,0	0,0	0,0	0,0	0,0	0,0	0,0	0,0	0,0	""	""	""	""	""	""	""	""	""	""	""	""	""
1020	202310005,0	2023-05-07T00:00:00	08:45:00	SEM VÍTIMA	FINALIZADA	ILHA DO LEITE	PTE JOSE DE BARROS LIMA	""	""	""	ILHA DO LEITE	""	JOANA BEZERRA/DERBY	CAPOTAMENTO	0,0	0,0	0,0	0,0	0,0	0,0	0,0	0,0	0,0	0,0	0,0	""	""	""	""	""	""	""	""	""	""	""	""	""
1021	202310019,0	2023-05-07T00:00:00	10:21:00	COM VÍTIMA	FINALIZADA	VARZEA	RUA TORRES HOMEM	625	""	AO LADO DO RESIDENCIAL ATELIE LIFE	VARZEA	""	""	COLISÃO LATERAL	1,0	1,0	0,0	0,0	0,0	0,0	0,0	0,0	0,0	1,0	0,0	""	""	""	""	""	""	""	""	""	""	""	""	""
1022	202310027,0	2023-05-07T00:00:00	12:11:00	COM VÍTIMA	FINALIZADA	IMBIRIBEIRA	AV MARECHAL MASCARENHAS DE MORAES	1967	RUA MIS JOEL CARLSON	LOGO APÓS A CAFESÓLIS	IMBIRIBEIRA	287,0	CIDADE	TOMBAMENTO	0,0	1,0	0,0	0,0	0,0	0,0	0,0	0,0	0,0	1,0	0,0	""	""	""	""	""	""	""	""	""	""	""	""	""
1023	202310049,0	2023-05-07T00:00:00	05:05:00	COM VÍTIMA	FINALIZADA	CASA AMARELA	RUA PADRE LEMOS	723	""	E/F AO RESIDENCIAL  ROBERTO  ROSA BORGES	CASA AMARELA	""	""	COLISÃO LATERAL	1,0	1,0	0,0	0,0	0,0	0,0	0,0	0,0	0,0	1,0	0,0	""	""	""	""	""	""	""	""	""	""	""	""	""
1024	202310058,0	2023-05-07T00:00:00	07:28:00	COM VÍTIMA	CANCELADA	BOA VIAGEM	RUA SETUBAL	914	""	APÓS O PARQUE DONA LINDU	BOA VIAGEM	""	CIDADE	COLISÃO FRONTAL	1,0	1,0	0,0	0,0	0,0	0,0	0,0	0,0	0,0	1,0	0,0	""	""	""	""	""	""	""	""	""	""	""	""	""
1025	202310059,0	2023-05-07T00:00:00	07:36:00	COM VÍTIMA	FINALIZADA	CASA FORTE	AV DEZESSETE DE AGOSTO	1893	RUA MARQUES DE TAMANDARE	""	CASA FORTE	""	""	COLISÃO TRANSVERSAL	1,0	1,0	0,0	0,0	0,0	0,0	0,0	0,0	0,0	1,0	0,0	""	""	""	""	""	""	""	""	""	""	""	""	""
1026	202310066,0	2023-05-08T00:00:00	05:27:00	SEM VÍTIMA	FINALIZADA	ARRUDA	AV BEBERIBE	""	""	EM FRENTE AO CAMPO DO ARRUDA	ARRUDA	""	""	COLISÃO LATERAL	2,0	0,0	0,0	0,0	0,0	0,0	0,0	0,0	0,0	0,0	0,0	""	""	""	""	""	""	""	""	""	""	""	""	""
1027	202310078,0	2023-05-08T00:00:00	07:53:00	COM VÍTIMA	FINALIZADA	AREIAS	AV RECIFE	""	""	NA DESCIDA DO VIADUTO, PROX. AO ATACADÃO	AREIAS	""	""	COLISÃO TRASEIRA	1,0	1,0	0,0	0,0	0,0	0,0	0,0	0,0	0,0	2,0	0,0	""	""	""	""	""	""	""	""	""	""	""	""	""
1028	202310089,0	2023-05-08T00:00:00	09:53:00	COM VÍTIMA	FINALIZADA	CASA AMARELA	RUA JORGE DE ALBUQUERQUE	""	""	PROXIMO CENTRO MEDICO SENADOR ERMILIO DE MORAIS	CASA AMARELA	""	""	COLISÃO LATERAL	1,0	1,0	0,0	0,0	0,0	0,0	0,0	0,0	0,0	1,0	0,0	""	""	""	""	""	""	""	""	""	""	""	""	""
1029	202310101,0	2023-05-08T00:00:00	11:19:00	COM VÍTIMA	FINALIZADA	JORDAO	AV JULIO CESAR	""	""	PROXIMO TERMINAL DA VAN	JORDAO	""	""	COLISÃO FRONTAL	0,0	1,0	0,0	0,0	1,0	0,0	0,0	0,0	0,0	1,0	0,0	""	""	""	""	""	""	""	""	""	""	""	""	""
1030	202310103,0	2023-05-08T00:00:00	11:40:00	COM VÍTIMA	FINALIZADA	IPUTINGA	AV MAURICIO DE NASSAU	314	""	PROXIMO AO CAPELA SANTO ANTONIO	IPUTINGA	""	""	COLISÃO FRONTAL	1,0	0,0	0,0	0,0	1,0	0,0	0,0	0,0	0,0	1,0	0,0	""	""	""	""	""	""	""	""	""	""	""	""	""
1031	202310122,0	2023-05-08T00:00:00	03:23:00	COM VÍTIMA	FINALIZADA	SANTO AMARO	VDO ENG ROBERTO PEREIRA DE CARVALHO	""	""	AO LADO DO SHOPPING TACARUNA	SANTO AMARO	""	""	COLISÃO TRASEIRA	3,0	0,0	0,0	0,0	0,0	1,0	0,0	0,0	0,0	1,0	0,0	""	""	""	""	""	""	""	""	""	""	""	""	""
1032	202310147,0	2023-05-08T00:00:00	11:24:00	SEM VÍTIMA	FINALIZADA	CASA FORTE	AV DEZESSETE DE AGOSTO	""	EST DAS UBAIAS	""	CASA FORTE	469,0	SUBURBIO	""	1,0	1,0	0,0	0,0	0,0	0,0	0,0	0,0	0,0	0,0	0,0	""	""	""	""	""	""	""	""	""	""	""	""	""
1033	202310150,0	2023-05-09T00:00:00	04:56:00	COM VÍTIMA	FINALIZADA	PRADO	AV ENGENHEIRO ABDIAS DE CARVALHO	""	""	COM A RUA CARLOS GOMES	PRADO	""	""	COLISÃO TRANSVERSAL	3,0	1,0	0,0	0,0	0,0	0,0	0,0	0,0	0,0	1,0	0,0	""	""	""	""	""	""	""	""	""	""	""	""	""
1034	202310184,0	2023-05-09T00:00:00	08:55:00	COM VÍTIMA	FINALIZADA	DOIS IRMAOS	RUA MANUEL DE MEDEIROS	441	""	PROX. A UPA	DOIS IRMAOS	""	""	COLISÃO TRASEIRA	1,0	1,0	0,0	0,0	0,0	0,0	0,0	0,0	0,0	1,0	0,0	""	""	""	""	""	""	""	""	""	""	""	""	""
1035	202310223,0	2023-05-09T00:00:00	04:19:00	COM VÍTIMA	FINALIZADA	DOIS UNIDOS	RUA VILA FLOR	""	""	NO ALTO DO MARACANA NA RUA DA IGREJA ASSEMBLEIA DE DEUS	DOIS UNIDOS	""	""	ATROPELAMENTO DE PESSOA	0,0	0,0	0,0	0,0	1,0	0,0	1,0	0,0	0,0	1,0	0,0	""	""	""	""	""	""	""	""	""	""	""	""	""
1036	202310224,0	2023-05-09T00:00:00	04:29:00	COM VÍTIMA	FINALIZADA	TAMARINEIRA	RUA VISCONDE DE ABAETE	""	""	PROX GALARIA NORTE CENTER	TAMARINEIRA	""	""	COLISÃO LATERAL	1,0	1,0	0,0	0,0	0,0	0,0	0,0	0,0	0,0	1,0	0,0	""	""	""	""	""	""	""	""	""	""	""	""	""
1037	202310226,0	2023-05-09T00:00:00	04:52:00	SEM VÍTIMA	FINALIZADA	SANTO AMARO	AV VISCONDE DE SUASSUNA	775	""	APÓS A ESCOLA DE ENFERMAGEM	SANTO AMARO	""	""	COLISÃO LATERAL	1,0	1,0	0,0	0,0	0,0	0,0	0,0	0,0	0,0	0,0	0,0	""	""	""	""	""	""	""	""	""	""	""	""	""
1038	202310234,0	2023-05-09T00:00:00	11:08:00	COM VÍTIMA	FINALIZADA	CAXANGA	AV CAXANGA	""	""	EM FRENTE AO TI GETÚLIO VARGAS. SENTIDO SUBURBIO.	CAXANGA	""	SUBURBIO	COLISÃO TRASEIRA	0,0	1,0	0,0	0,0	0,0	0,0	0,0	0,0	0,0	2,0	0,0	""	""	""	""	""	""	""	""	""	""	""	""	""
1039	202310249,0	2023-05-10T00:00:00	07:32:00	COM VÍTIMA	FINALIZADA	SANTO AMARO	RUA DOS PALMARES	""	RUA AFONSO PENA	EM FRENTE AO RM	SANTO AMARO	""	""	COLISÃO LATERAL	1,0	2,0	0,0	0,0	0,0	0,0	0,0	0,0	0,0	2,0	0,0	""	""	""	""	""	""	""	""	""	""	""	""	""
1040	202310251,0	2023-05-10T00:00:00	07:53:00	COM VÍTIMA	FINALIZADA	DERBY	AV GOVERNADOR AGAMENON MAGALHAES	""	RUA AMAURI DE MEDEIROS	""	DERBY	""	""	QUEDA	0,0	1,0	0,0	0,0	0,0	0,0	0,0	0,0	0,0	1,0	0,0	""	""	""	""	""	""	""	""	""	""	""	""	""
1041	202310253,0	2023-05-10T00:00:00	07:58:00	COM VÍTIMA	FINALIZADA	IPSEP	RUA DO CANAL	1518	""	DE ESQUINA COM MERCADINHO CONVENÇÃO	IPSEP	518,0	""	COLISÃO FRONTAL	2,0	1,0	0,0	0,0	0,0	0,0	0,0	0,0	0,0	1,0	0,0	""	""	""	""	""	""	""	""	""	""	""	""	""
1042	202310257,0	2023-05-10T00:00:00	08:18:00	SEM VÍTIMA	FINALIZADA	TORRE	RUA JOSE BONIFACIO	1315	RUA MARCOS ANDRE	CARREFOUR HIPERMERCADO TORRE	TORRE	487,0	""	""	1,0	0,0	0,0	0,0	0,0	0,0	1,0	0,0	0,0	0,0	0,0	""	""	""	""	""	""	""	""	""	""	""	""	""
1043	202310270,0	2023-05-10T00:00:00	10:23:00	COM VÍTIMA	FINALIZADA	TEJIPIO	AV DR JOSE RUFINO	3514	""	PROX. AO ARMAZEM CORAL	TEJIPIO	""	""	COLISÃO TRANSVERSAL	0,0	2,0	0,0	0,0	0,0	0,0	0,0	0,0	0,0	1,0	0,0	""	""	""	""	""	""	""	""	""	""	""	""	""
1044	202310271,0	2023-05-10T00:00:00	10:35:00	COM VÍTIMA	FINALIZADA	SAO JOSE	C SANTA RITA	""	""	ENTRADA DO CAIS DE SANTA RITA	SAO JOSE	76,0	""	QUEDA	0,0	1,0	0,0	0,0	0,0	0,0	0,0	0,0	0,0	1,0	0,0	""	""	""	""	""	""	""	""	""	""	""	""	""
1045	202310278,0	2023-05-10T00:00:00	11:11:00	COM VÍTIMA	FINALIZADA	TAMARINEIRA	AV NORTE MIGUEL ARRAES DE ALENCAR	571	EST VELHA DE AGUA FRIA	CRUZAMENTO DAS VIAS	TAMARINEIRA	62,0	TORRE	COLISÃO LATERAL	0,0	2,0	0,0	0,0	0,0	0,0	0,0	0,0	0,0	1,0	0,0	""	""	""	""	""	""	""	""	""	""	""	""	""