_id	Protocolo	data	hora	natureza	situacao	bairro	endereco	numero	detalhe_endereco_acidente	complemento	bairro_cruzamento	num_semaforo	sentido_via	tipo	auto	moto	ciclom	ciclista	pedestre	onibus	caminhao	viatura	outros	vitimas	vitimasfatais	acidente_verificado	tempo_clima	situacao_semaforo	sinalizacao	condicao_via	conservacao_via	ponto_controle	situacao_placa	velocidade_max_via	mao_direcao	divisao_via1	divisao_via2	divisao_via3
1046	202310279,0	2023-05-10T00:00:00	11:16:00	SEM VÍTIMA	FINALIZADA	AFOGADOS	RUA SAO MIGUEL	""	""	EM FRENTE A FARMACIA DO TRABALHADOR  NA PRAÇA DE AFOGADOS	AFOGADOS	53,0	""	COLISÃO LATERAL	2,0	0,0	0,0	0,0	0,0	0,0	1,0	0,0	0,0	0,0	0,0	""	""	""	""	""	""	""	""	""	""	""	""	""
1047	202310293,0	2023-05-10T00:00:00	03:01:00	SEM VÍTIMA	FINALIZADA	""	AV GOVERNADOR AGAMENON MAGALHAES	""	""	EM FRENTE AO Nº 1114	""	""	""	""	1,0	0,0	0,0	0,0	0,0	0,0	0,0	1,0	0,0	0,0	0,0	""	""	""	""	""	""	""	""	""	""	""	""	""
1048	202310296,0	2023-05-10T00:00:00	04:06:00	COM VÍTIMA	FINALIZADA	ARRUDA	AV BEBERIBE	""	""	PROX AO ARMAZEM CANAL DA CONSTRUÇÃO	ARRUDA	64,0	""	COLISÃO LATERAL	0,0	1,0	0,0	0,0	0,0	1,0	0,0	0,0	0,0	1,0	0,0	""	""	""	""	""	""	""	""	""	""	""	""	""
1049	202310301,0	2023-05-10T00:00:00	04:56:00	SEM VÍTIMA	CANCELADA	ENGENHO DO MEIO	AV VISCONDE DE SAO LEOPOLDO	143	""	EM FRENTE A IGREJA CRISTÃ GRAÇA E FÉ	ENGENHO DO MEIO	""	""	COLISÃO TRASEIRA	1,0	0,0	0,0	0,0	0,0	0,0	1,0	0,0	0,0	0,0	0,0	""	""	""	""	""	""	""	""	""	""	""	""	""
1050	202310312,0	2023-05-10T00:00:00	06:33:00	COM VÍTIMA	FINALIZADA	MADALENA	RUA BENFICA	""	""	AV VISCONDE DE ALBUQUERQUE	MADALENA	""	""	COLISÃO LATERAL	0,0	2,0	0,0	0,0	0,0	0,0	0,0	0,0	0,0	1,0	0,0	""	""	""	""	""	""	""	""	""	""	""	""	""
1051	202310324,0	2023-05-10T00:00:00	08:20:00	COM VÍTIMA	FINALIZADA	AFOGADOS	RUA SAO MIGUEL	""	""	EM FRENTE AO DEPATRI	AFOGADOS	""	""	COLISÃO LATERAL	1,0	1,0	0,0	0,0	0,0	0,0	0,0	0,0	0,0	1,0	0,0	""	""	""	""	""	""	""	""	""	""	""	""	""
1052	202310344,0	2023-05-11T00:00:00	07:59:00	COM VÍTIMA	FINALIZADA	MADALENA	AV ENGENHEIRO ABDIAS DE CARVALHO	""	RUA JOAO IVO DA SILVA	PROXIMO A ANTIGA HABBIS	MADALENA	""	""	COLISÃO LATERAL	1,0	1,0	0,0	0,0	0,0	0,0	0,0	0,0	0,0	1,0	0,0	""	""	""	""	""	""	""	""	""	""	""	""	""
1053	202310347,0	2023-05-11T00:00:00	08:25:00	COM VÍTIMA	FINALIZADA	SAN MARTIN	AV GENERAL SAN MARTIN	1371	""	EM FRENTE A CHESF E PROXIMO AO HIPER	SAN MARTIN	""	""	COLISÃO FRONTAL	1,0	1,0	0,0	0,0	0,0	0,0	0,0	0,0	0,0	1,0	0,0	""	""	""	""	""	""	""	""	""	""	""	""	""
1054	202310358,0	2023-05-11T00:00:00	09:35:00	COM VÍTIMA	FINALIZADA	AFOGADOS	LARGO DA PAZ	""	""	IGREJA LARGO DA PAZ	AFOGADOS	""	""	ATROPELAMENTO DE PESSOA	0,0	0,0	0,0	0,0	1,0	1,0	0,0	0,0	0,0	1,0	0,0	""	""	""	""	""	""	""	""	""	""	""	""	""
1055	202310359,0	2023-05-11T00:00:00	09:45:00	COM VÍTIMA	FINALIZADA	ILHA DO RETIRO	AV ENGENHEIRO ABDIAS DE CARVALHO	333	""	""	ILHA DO RETIRO	""	""	ATROPELAMENTO DE PESSOA	0,0	1,0	0,0	0,0	0,0	0,0	0,0	0,0	0,0	1,0	0,0	""	""	""	""	""	""	""	""	""	""	""	""	""
1056	202310361,0	2023-05-11T00:00:00	10:21:00	SEM VÍTIMA	FINALIZADA	AFOGADOS	RUA DA PAZ	36	""	EM FRENTE A IGREJA DA PAZ	AFOGADOS	""	SUBURBIO	""	2,0	0,0	0,0	0,0	0,0	0,0	1,0	0,0	0,0	0,0	0,0	""	""	""	""	""	""	""	""	""	""	""	""	""
1057	202310374,0	2023-05-11T00:00:00	11:25:00	SEM VÍTIMA	FINALIZADA	PAISSANDU	AV GOVERNADOR AGAMENON MAGALHAES	""	""	REAL HOSPITAL PORTUGUÊS	PAISSANDU	69,0	SUBURBIO	""	0,0	1,0	0,0	0,0	0,0	0,0	0,0	1,0	0,0	0,0	0,0	""	""	""	""	""	""	""	""	""	""	""	""	""
1058	202310377,0	2023-05-11T00:00:00	11:34:00	COM VÍTIMA	FINALIZADA	BARRO	AV DR JOSE RUFINO	""	""	EM FRENTE AO COLEGIO EMACULADA DA CONCEIÇÃO	BARRO	""	""	ATROPELAMENTO DE PESSOA	0,0	1,0	0,0	0,0	1,0	0,0	0,0	0,0	0,0	1,0	0,0	""	""	""	""	""	""	""	""	""	""	""	""	""
1059	202310418,0	2023-05-11T00:00:00	06:11:00	COM VÍTIMA	FINALIZADA	ESPINHEIRO	RUA DR VICENTE MEIRA	82	RUA VIGARIO BARRETO	NA FRENTE DO EDIFICIO FIQUEIRAS	ESPINHEIRO	""	""	COLISÃO LATERAL	1,0	1,0	0,0	0,0	0,0	0,0	0,0	0,0	0,0	1,0	0,0	""	""	""	""	""	""	""	""	""	""	""	""	""
1060	202310419,0	2023-05-11T00:00:00	06:27:00	COM VÍTIMA	FINALIZADA	CASA FORTE	AV DEZESSETE DE AGOSTO	2388	RUA PIAUI	Centro Médico Sen. José Ermírio de Moraes	CASA FORTE	""	""	ATROPELAMENTO DE PESSOA	1,0	0,0	0,0	0,0	1,0	0,0	0,0	0,0	0,0	1,0	0,0	""	""	""	""	""	""	""	""	""	""	""	""	""
1061	202310432,0	2023-05-11T00:00:00	08:14:00	COM VÍTIMA	FINALIZADA	ESTANCIA	AV RECIFE	""	""	NO VIADUTO PRÓXIMO AO AINTIGO MAKRO	ESTANCIA	""	""	COLISÃO FRONTAL	0,0	2,0	0,0	0,0	0,0	0,0	0,0	0,0	0,0	1,0	0,0	""	""	""	""	""	""	""	""	""	""	""	""	""
1062	202310437,0	2023-05-11T00:00:00	10:00:00	SEM VÍTIMA	CANCELADA	IMBIRIBEIRA	AV SUL	""	""	AO LADO DO RESIDENCIAL BOA VIAGEM	IMBIRIBEIRA	""	""	COLISÃO FRONTAL	3,0	0,0	0,0	0,0	0,0	0,0	0,0	0,0	0,0	0,0	0,0	""	""	""	""	""	""	""	""	""	""	""	""	""
1063	202310438,0	2023-05-11T00:00:00	10:40:00	COM VÍTIMA	FINALIZADA	IPUTINGA	AV MAURICIO DE NASSAU	276	""	EM FRENTE AO MERCADO RENDE MAIS	IPUTINGA	""	""	COLISÃO FRONTAL	1,0	1,0	0,0	0,0	0,0	0,0	0,0	0,0	0,0	1,0	0,0	""	""	""	""	""	""	""	""	""	""	""	""	""
1064	202310453,0	2023-05-12T00:00:00	07:23:00	COM VÍTIMA	FINALIZADA	BOA VIAGEM	AVENIDA CELSO FURTADO (VIA MANGUE)	""	""	PROX ULTIMO FOTOSENSOR DO PINA SENTIDO BOA VIAGEM	BOA VIAGEM	""	""	COLISÃO TRASEIRA	1,0	1,0	0,0	0,0	0,0	0,0	0,0	0,0	0,0	1,0	0,0	""	""	""	""	""	""	""	""	""	""	""	""	""
1065	202310455,0	2023-05-12T00:00:00	07:38:00	COM VÍTIMA	CANCELADA	BOA VIAGEM	RUA PROFESSOR JOAO MEDEIROS	4430	""	POR TRAS DA DELEGACIA DE BOA VIAGEM	BOA VIAGEM	""	""	COLISÃO LATERAL	2,0	1,0	0,0	0,0	0,0	0,0	0,0	0,0	0,0	1,0	0,0	""	""	""	""	""	""	""	""	""	""	""	""	""
1066	202310458,0	2023-05-12T00:00:00	08:17:00	COM VÍTIMA	FINALIZADA	MADALENA	AV ENGENHEIRO ABDIAS DE CARVALHO	125	""	PROX AO SPORT CLUBE DO RECIFE	MADALENA	""	""	COLISÃO TRASEIRA	2,0	2,0	0,0	0,0	0,0	0,0	0,0	0,0	0,0	3,0	0,0	""	""	""	""	""	""	""	""	""	""	""	""	""
1067	202310459,0	2023-05-12T00:00:00	08:29:00	COM VÍTIMA	FINALIZADA	CASA FORTE	AV DEZESSETE DE AGOSTO	1893	RUA MARQUES DE TAMANDARE	PROXIMO AO BARCHET NUMERO 1893	CASA FORTE	""	""	COLISÃO LATERAL	1,0	1,0	0,0	0,0	0,0	0,0	0,0	0,0	0,0	1,0	0,0	""	""	""	""	""	""	""	""	""	""	""	""	""
1068	202310506,0	2023-05-12T00:00:00	05:37:00	COM VÍTIMA	FINALIZADA	TORRE	RUA JOSE DE HOLANDA	1313	""	EM FRENTE AO MAMUTE BEER	TORRE	""	""	COLISÃO TRASEIRA	1,0	1,0	0,0	0,0	0,0	0,0	0,0	0,0	0,0	1,0	0,0	""	""	""	""	""	""	""	""	""	""	""	""	""
1069	202310507,0	2023-05-12T00:00:00	05:46:00	COM VÍTIMA	FINALIZADA	MADALENA	RUA BARTOLOMEU DE GUSMAO	17	""	EM FRENTE A BARBEARIA BELEZA CAFÉ E MODA	MADALENA	""	""	ATROPELAMENTO DE PESSOA	1,0	0,0	0,0	0,0	1,0	0,0	0,0	0,0	0,0	1,0	0,0	""	""	""	""	""	""	""	""	""	""	""	""	""
1070	202310519,0	2023-05-12T00:00:00	06:44:00	COM VÍTIMA	FINALIZADA	DERBY	RUA JENER DE SOUZA	""	""	EM FRENTE AO QUARTEL DO DERBY	DERBY	""	CIDADE	COLISÃO LATERAL	1,0	1,0	0,0	0,0	0,0	0,0	0,0	0,0	0,0	1,0	0,0	""	""	""	""	""	""	""	""	""	""	""	""	""
1071	202310528,0	2023-05-12T00:00:00	07:32:00	COM VÍTIMA	FINALIZADA	IPSEP	RUA JEAN EMILE FAVRE	""	1 TRV DOUTOR SABINO PINHO	PROX. A DELEGACIA	IPSEP	""	""	COLISÃO TRANSVERSAL	1,0	1,0	0,0	0,0	0,0	0,0	0,0	0,0	0,0	1,0	0,0	""	""	""	""	""	""	""	""	""	""	""	""	""
1072	202310532,0	2023-05-12T00:00:00	08:46:00	COM VÍTIMA	FINALIZADA	IBURA	AV DOIS RIOS	430	""	EM FRENTE A IGREJA PRESBITERIANA	IBURA	443,0	""	COLISÃO TRANSVERSAL	0,0	1,0	0,0	0,0	0,0	0,0	0,0	1,0	0,0	1,0	0,0	""	""	""	""	""	""	""	""	""	""	""	""	""
1073	202310534,0	2023-05-13T00:00:00	02:31:00	VÍTIMA FATAL	FINALIZADA	SAN MARTIN	AV ENGENHEIRO ABDIAS DE CARVALHO	""	""	PROX. COMPAZ	SAN MARTIN	687,0	CIDADE	COLISÃO TRANSVERSAL	1,0	1,0	0,0	0,0	0,0	0,0	0,0	0,0	0,0	1,0	1,0	""	""	""	""	""	""	""	""	""	""	""	""	""
1074	202310557,0	2023-05-13T00:00:00	08:45:00	COM VÍTIMA	FINALIZADA	IMBIRIBEIRA	AV MARECHAL MASCARENHAS DE MORAES	2028	""	SENT. AEROPORTO, PROX. A ITALIANA	IMBIRIBEIRA	""	""	COLISÃO TRASEIRA	1,0	1,0	0,0	0,0	0,0	0,0	0,0	0,0	0,0	1,0	0,0	""	""	""	""	""	""	""	""	""	""	""	""	""
1075	202310580,0	2023-05-13T00:00:00	10:07:00	COM VÍTIMA	FINALIZADA	CASA FORTE	AV DEZESSETE DE AGOSTO	""	""	NA FRENTE CLUBE 17	CASA FORTE	""	""	COLISÃO FRONTAL	1,0	1,0	0,0	0,0	0,0	0,0	0,0	0,0	0,0	1,0	0,0	""	""	""	""	""	""	""	""	""	""	""	""	""
1076	202310594,0	2023-05-13T00:00:00	12:44:00	COM VÍTIMA	FINALIZADA	ARRUDA	AV NORTE MIGUEL ARRAES DE ALENCAR	""	""	SOB O SEMAFORO	ARRUDA	364,0	""	COLISÃO FRONTAL	0,0	1,0	0,0	0,0	1,0	0,0	0,0	0,0	0,0	2,0	0,0	""	""	""	""	""	""	""	""	""	""	""	""	""
1077	202310599,0	2023-05-13T00:00:00	01:08:00	COM VÍTIMA	DUPLICIDADE	CASA AMARELA	AV NORTE MIGUEL ARRAES DE ALENCAR	""	""	E/F AO SESC DE CASA AMARELA  S/T SUB	CASA AMARELA	""	""	COLISÃO COM CICLISTA	0,0	1,0	0,0	1,0	0,0	0,0	0,0	0,0	0,0	2,0	0,0	""	""	""	""	""	""	""	""	""	""	""	""	""
1078	202310638,0	2023-05-13T00:00:00	11:02:00	SEM VÍTIMA	FINALIZADA	SANTO ANTONIO	TRV DO ARSENAL DE GUERRA	11	""	""	SANTO ANTONIO	""	""	CHOQUE	1,0	0,0	0,0	0,0	0,0	0,0	0,0	0,0	0,0	0,0	0,0	""	""	""	""	""	""	""	""	""	""	""	""	""
1079	202310642,0	2023-05-14T00:00:00	01:51:00	VÍTIMA FATAL	FINALIZADA	IBURA	RUA DO CAMPO	""	""	TERMINAL DE ONIBUS DO UR-02	IBURA	""	""	ATROPELAMENTO DE PESSOA	0,0	0,0	0,0	0,0	1,0	0,0	0,0	0,0	0,0	0,0	1,0	""	""	""	""	""	""	""	""	""	""	""	""	""
1080	202310645,0	2023-05-14T00:00:00	04:41:00	SEM VÍTIMA	FINALIZADA	TAMARINEIRA	RUA SAO VICENTE	295	""	EDF MANOEL JOAQUIM MEIRELES	TAMARINEIRA	""	""	CAPOTAMENTO	2,0	0,0	0,0	0,0	0,0	0,0	0,0	0,0	0,0	0,0	0,0	""	""	""	""	""	""	""	""	""	""	""	""	""
1081	202310672,0	2023-05-14T00:00:00	04:12:00	COM VÍTIMA	FINALIZADA	SANTO AMARO	AV GOVERNADOR AGAMENON MAGALHAES	""	""	EM FRENTE AO MINISTÉRIO DO TRABALHA	SANTO AMARO	""	BOA VIAGEM	CHOQUE	1,0	1,0	0,0	0,0	0,0	0,0	0,0	0,0	0,0	1,0	0,0	""	""	""	""	""	""	""	""	""	""	""	""	""
1082	202310676,0	2023-05-14T00:00:00	04:44:00	COM VÍTIMA	FINALIZADA	VARZEA	AV CAXANGA	""	RUA GENERAL POLIDORO	EM FRENTE A FIAT ITALIANA	VARZEA	231,0	CIDADE	COLISÃO TRASEIRA	1,0	2,0	0,0	0,0	0,0	0,0	0,0	0,0	0,0	1,0	0,0	""	""	""	""	""	""	""	""	""	""	""	""	""
1083	202310679,0	2023-05-14T00:00:00	06:10:00	COM VÍTIMA	CANCELADA	ESTANCIA	AV TAPAJOS	101	""	PROX A O POSTO DE GASOLINA PETROBRAS	ESTANCIA	""	""	COLISÃO FRONTAL	1,0	1,0	0,0	0,0	0,0	0,0	0,0	0,0	0,0	1,0	0,0	""	""	""	""	""	""	""	""	""	""	""	""	""
1084	202310693,0	2023-05-14T00:00:00	07:48:00	SEM VÍTIMA	CANCELADA	BEBERIBE	AV BEBERIBE	5	""	EM FRENTE DA ACADEMIA DA CIDADE	BEBERIBE	388,0	SUBURBIO	COLISÃO TRANSVERSAL	2,0	0,0	0,0	0,0	0,0	0,0	0,0	0,0	0,0	0,0	0,0	""	""	""	""	""	""	""	""	""	""	""	""	""
1085	202310711,0	2023-05-15T00:00:00	09:45:00	SEM VÍTIMA	FINALIZADA	BOA VISTA	RUA DA AURORA	127	RUA DR SEBASTIAO LINS	AO LADO DO CINEMA SÃO LUIZ	BOA VISTA	""	SUBURBIO	""	1,0	1,0	0,0	0,0	0,0	0,0	0,0	0,0	0,0	0,0	0,0	""	""	""	""	""	""	""	""	""	""	""	""	""
1086	202310713,0	2023-05-15T00:00:00	09:59:00	COM VÍTIMA	FINALIZADA	IPSEP	AV RECIFE	1407	""	EM FRENTE A CARLOS EQUIPADORA	IPSEP	""	""	COLISÃO FRONTAL	1,0	1,0	0,0	0,0	0,0	0,0	0,0	0,0	0,0	1,0	0,0	""	""	""	""	""	""	""	""	""	""	""	""	""
1087	202310717,0	2023-05-15T00:00:00	11:56:00	SEM VÍTIMA	FINALIZADA	AFOGADOS	RUA COSME VIANA	168	""	EM FRENTE AO JP BIKE	AFOGADOS	""	SUBURBIO	COLISÃO TRASEIRA	2,0	0,0	0,0	0,0	0,0	0,0	0,0	0,0	0,0	0,0	0,0	""	""	""	""	""	""	""	""	""	""	""	""	""
1088	202310718,0	2023-05-15T00:00:00	12:06:00	SEM VÍTIMA	FINALIZADA	SANTO AMARO	RUA AURORA	""	RUA DOIS DE JULHO	""	SANTO AMARO	""	CIDADE	""	1,0	0,0	0,0	0,0	0,0	0,0	1,0	0,0	0,0	0,0	0,0	""	""	""	""	""	""	""	""	""	""	""	""	""
1089	202310765,0	2023-05-16T00:00:00	09:28:00	COM VÍTIMA	FINALIZADA	ROSARINHO	AV NORTE MIGUEL ARRAES DE ALENCAR	""	""	EM FRENTE A PRAÇA DO ROSARINHO, SENT. MACAXEIRA	ROSARINHO	""	""	QUEDA	0,0	1,0	0,0	0,0	0,0	0,0	0,0	0,0	0,0	1,0	0,0	""	""	""	""	""	""	""	""	""	""	""	""	""
1090	202310771,0	2023-05-16T00:00:00	09:58:00	COM VÍTIMA	FINALIZADA	PINA	AV HERCULANO BANDEIRA	""	""	AO LADO A IGREJA DO PINA	PINA	""	""	COLISÃO LATERAL	1,0	1,0	0,0	0,0	0,0	0,0	0,0	0,0	0,0	1,0	0,0	""	""	""	""	""	""	""	""	""	""	""	""	""
1091	202310789,0	2023-05-16T00:00:00	01:54:00	COM VÍTIMA	FINALIZADA	CASA FORTE	RUA IRMA MARIA DAVID	""	EST DAS UBAIAS	""	CASA FORTE	""	""	COLISÃO TRANSVERSAL	1,0	1,0	0,0	0,0	0,0	0,0	0,0	0,0	0,0	1,0	0,0	""	""	""	""	""	""	""	""	""	""	""	""	""
1092	202310790,0	2023-05-16T00:00:00	02:04:00	SEM VÍTIMA	FINALIZADA	BOA VISTA	RUA HENRIQUE DIAS	""	AV GOVERNADOR AGAMENON MAGALHAES	SOB O SEMÁFORO	BOA VISTA	68,0	""	""	1,0	0,0	0,0	0,0	0,0	1,0	0,0	0,0	0,0	0,0	0,0	""	""	""	""	""	""	""	""	""	""	""	""	""
1093	202310796,0	2023-05-16T00:00:00	02:45:00	SEM VÍTIMA	FINALIZADA	SAO JOSE	AV SUL	""	""	PRÓXIMO A PRAÇA FREI CANECA	SAO JOSE	""	CIDADE	COLISÃO TRASEIRA	2,0	0,0	0,0	0,0	0,0	0,0	0,0	0,0	0,0	0,0	0,0	""	""	""	""	""	""	""	""	""	""	""	""	""
1094	202310809,0	2023-05-16T00:00:00	05:13:00	COM VÍTIMA	FINALIZADA	BOA VIAGEM	RUA DEZ DE JULHO	481	""	ALUGUEL BRASIL	BOA VIAGEM	""	""	COLISÃO FRONTAL	1,0	1,0	0,0	0,0	0,0	0,0	0,0	0,0	0,0	1,0	0,0	""	""	""	""	""	""	""	""	""	""	""	""	""
1095	202310811,0	2023-05-16T00:00:00	05:26:00	COM VÍTIMA	CANCELADA	IPSEP	AV RECIFE	""	""	PROX AO ARMAZEM CORAL / NA ENTRADA DO IBURA	IPSEP	""	""	COLISÃO LATERAL	1,0	1,0	0,0	0,0	0,0	0,0	0,0	0,0	0,0	1,0	0,0	""	""	""	""	""	""	""	""	""	""	""	""	""
1096	202310837,0	2023-05-16T00:00:00	11:25:00	COM VÍTIMA	FINALIZADA	TORRE	RUA REAL DA TORRE	""	""	EM CIMA DO VIADUTO DA TORRE	TORRE	""	""	ATROPELAMENTO DE PESSOA	1,0	0,0	0,0	0,0	1,0	0,0	0,0	0,0	0,0	1,0	0,0	""	""	""	""	""	""	""	""	""	""	""	""	""
1097	202310874,0	2023-05-17T00:00:00	10:19:00	COM VÍTIMA	FINALIZADA	PINA	AVENIDA CELSO FURTADO (VIA MANGUE)	""	RUA TOME GIBSON	""	PINA	""	""	COLISÃO TRASEIRA	1,0	1,0	0,0	0,0	0,0	0,0	0,0	0,0	0,0	1,0	0,0	""	""	""	""	""	""	""	""	""	""	""	""	""
1098	202310899,0	2023-05-17T00:00:00	01:24:00	COM VÍTIMA	CANCELADA	AFOGADOS	RUA SAO MIGUEL	""	""	E/F AO DEPATRI	AFOGADOS	""	""	COLISÃO FRONTAL	1,0	1,0	0,0	0,0	0,0	0,0	0,0	0,0	0,0	1,0	0,0	""	""	""	""	""	""	""	""	""	""	""	""	""
1099	202310904,0	2023-05-17T00:00:00	02:15:00	SEM VÍTIMA	CANCELADA	DOIS IRMAOS	RUA DOIS IRMAOS	""	""	REF: SEMÁFORO	DOIS IRMAOS	416,0	""	COLISÃO TRANSVERSAL	1,0	0,0	0,0	0,0	0,0	0,0	1,0	0,0	0,0	0,0	0,0	""	""	""	""	""	""	""	""	""	""	""	""	""
1100	202310907,0	2023-05-17T00:00:00	03:36:00	COM VÍTIMA	FINALIZADA	IPSEP	AV RECIFE	2447	""	ENFRENTE AO ARMAZEM	IPSEP	""	""	COLISÃO LATERAL	1,0	1,0	0,0	0,0	0,0	0,0	0,0	0,0	0,0	1,0	0,0	""	""	""	""	""	""	""	""	""	""	""	""	""
1101	202310921,0	2023-05-17T00:00:00	05:48:00	COM VÍTIMA	FINALIZADA	IPSEP	AV PRESIDENTE DUTRA	""	""	LADO OPOSTO AO RESTAURANTE SAL E BRASA	IPSEP	""	""	COLISÃO COM CICLISTA	0,0	1,0	0,0	1,0	0,0	0,0	0,0	0,0	0,0	2,0	0,0	""	""	""	""	""	""	""	""	""	""	""	""	""
1102	202310944,0	2023-05-17T00:00:00	09:41:00	COM VÍTIMA	FINALIZADA	CASA FORTE	AV DEZESSETE DE AGOSTO	""	""	EM FRENTE AO CENTRO MEDICO JOSÉ HERLIO DE MORAES	CASA FORTE	""	""	COLISÃO LATERAL	1,0	1,0	0,0	0,0	0,0	0,0	0,0	0,0	0,0	1,0	0,0	""	""	""	""	""	""	""	""	""	""	""	""	""
1103	202310960,0	2023-05-18T00:00:00	06:54:00	COM VÍTIMA	FINALIZADA	PINA	AV HERCULANO BANDEIRA	""	RUA NOGUEIRA DE SOUZA	APOS O ATACADÃO DA CONSTRUÇÃO	PINA	""	""	COLISÃO LATERAL	0,0	0,0	0,0	0,0	0,0	0,0	0,0	0,0	0,0	1,0	0,0	""	""	""	""	""	""	""	""	""	""	""	""	""
1104	202310977,0	2023-05-18T00:00:00	08:43:00	COM VÍTIMA	FINALIZADA	BONGI	RUA ISAAC MARKMAN	406	""	PROX. A CELPE	BONGI	""	""	COLISÃO COM CICLISTA	1,0	0,0	0,0	1,0	0,0	0,0	0,0	0,0	0,0	1,0	0,0	""	""	""	""	""	""	""	""	""	""	""	""	""
1105	202310987,0	2023-05-18T00:00:00	09:40:00	COM VÍTIMA	FINALIZADA	BOA VIAGEM	AV ENGENHEIRO DOMINGOS FERREIRA	""	RUA PADRE BERNADINO PESSOA	PROX A TORRE MADRI RESIDENCIAL	BOA VIAGEM	""	""	COLISÃO FRONTAL	2,0	0,0	0,0	0,0	0,0	0,0	0,0	0,0	0,0	1,0	0,0	""	""	""	""	""	""	""	""	""	""	""	""	""
1106	202311004,0	2023-05-18T00:00:00	11:34:00	SEM VÍTIMA	FINALIZADA	IPSEP	RUA BLUMENAU	164	""	PROXIMO LOJA DONA ENI	IPSEP	""	""	COLISÃO TRASEIRA	1,0	1,0	0,0	0,0	0,0	0,0	0,0	0,0	0,0	0,0	0,0	""	""	""	""	""	""	""	""	""	""	""	""	""
1107	202311006,0	2023-05-18T00:00:00	12:39:00	COM VÍTIMA	CANCELADA	VARZEA	RUA MARECHAL MANOEL LUIS OSORIO	""	""	DE FRENTE AO HAPVIDA DA BR	VARZEA	""	""	COLISÃO LATERAL	1,0	1,0	0,0	0,0	0,0	0,0	0,0	0,0	0,0	2,0	0,0	""	""	""	""	""	""	""	""	""	""	""	""	""
1108	202311012,0	2023-05-18T00:00:00	02:09:00	COM VÍTIMA	FINALIZADA	IBURA	AV QUEIXARAMOBIM	64	""	EM FRENTE A IGREJA BATISTA REMIDO DO SENHOR	IBURA	""	""	ATROPELAMENTO DE PESSOA	1,0	0,0	0,0	0,0	1,0	0,0	0,0	0,0	0,0	1,0	0,0	""	""	""	""	""	""	""	""	""	""	""	""	""
1109	202311014,0	2023-05-18T00:00:00	02:17:00	SEM VÍTIMA	FINALIZADA	ENCRUZILHADA	RUA DR JOSE MARIA	2200	""	EM FRENTE AO MERCADO DA ENCRUZILHADA	ENCRUZILHADA	""	CIDADE	""	1,0	0,0	0,0	0,0	0,0	0,0	0,0	1,0	0,0	0,0	0,0	""	""	""	""	""	""	""	""	""	""	""	""	""
1110	202311043,0	2023-05-18T00:00:00	08:00:00	COM VÍTIMA	FINALIZADA	CASA AMARELA	RUA DA HARMONIA	""	""	AO LADO DA IGREJA DA HARMONIA	CASA AMARELA	""	""	COLISÃO LATERAL	1,0	1,0	0,0	0,0	0,0	0,0	0,0	0,0	0,0	1,0	0,0	""	""	""	""	""	""	""	""	""	""	""	""	""
1111	202311045,0	2023-05-18T00:00:00	08:04:00	COM VÍTIMA	FINALIZADA	MANGUEIRA	RUA VINTE E UM DE ABRIL	1578	""	PROX A CENTRO MUNICIPAL DE EDUCAÇÃO INFANTIL DA MANGUEIRA	MANGUEIRA	""	""	COLISÃO FRONTAL	1,0	1,0	0,0	0,0	0,0	0,0	0,0	0,0	0,0	1,0	0,0	""	""	""	""	""	""	""	""	""	""	""	""	""
1112	202311055,0	2023-05-19T00:00:00	06:12:00	COM VÍTIMA	FINALIZADA	AFOGADOS	RUA SAO MIGUEL	116	""	EM FRENTE AO CARTORIO	AFOGADOS	""	""	COLISÃO LATERAL	0,0	1,0	0,0	0,0	0,0	1,0	0,0	0,0	0,0	2,0	0,0	""	""	""	""	""	""	""	""	""	""	""	""	""
1113	202311056,0	2023-05-19T00:00:00	06:43:00	VÍTIMA FATAL	FINALIZADA	CAXANGA	AV AFONSO OLINDENSE	""	""	APOS A INTEGRAÇÃO DA CAXANGA, SENT. CAMARAGIBE	CAXANGA	""	""	ATROPELAMENTO DE PESSOA	0,0	0,0	0,0	0,0	1,0	1,0	0,0	0,0	0,0	0,0	1,0	""	""	""	""	""	""	""	""	""	""	""	""	""
1114	202311075,0	2023-05-19T00:00:00	08:58:00	SEM VÍTIMA	FINALIZADA	DERBY	AV GOVERNADOR AGAMENON MAGALHAES	""	""	SOB O SEMÁFORO Nº  075	DERBY	""	SUBURBIO	CHOQUE	0,0	0,0	0,0	0,0	0,0	0,0	1,0	0,0	0,0	0,0	0,0	""	""	""	""	""	""	""	""	""	""	""	""	""
1115	202311088,0	2023-05-19T00:00:00	10:49:00	COM VÍTIMA	FINALIZADA	IMBIRIBEIRA	RUA ARQUITETO LUIZ NUNES	""	""	EM FRENTE ESCOLA ANITA GARIBALDA	IMBIRIBEIRA	""	""	COLISÃO LATERAL	1,0	1,0	0,0	0,0	0,0	0,0	0,0	0,0	0,0	1,0	0,0	""	""	""	""	""	""	""	""	""	""	""	""	""
1116	202311091,0	2023-05-19T00:00:00	11:34:00	COM VÍTIMA	FINALIZADA	MADALENA	RUA JOSE OSORIO	124	""	PONTE DA CAPUMGA	MADALENA	""	""	COLISÃO LATERAL	1,0	1,0	0,0	0,0	0,0	0,0	0,0	0,0	0,0	2,0	0,0	""	""	""	""	""	""	""	""	""	""	""	""	""