_id	Protocolo	data	hora	natureza	situacao	bairro	endereco	numero	detalhe_endereco_acidente	complemento	bairro_cruzamento	num_semaforo	sentido_via	tipo	auto	moto	ciclom	ciclista	pedestre	onibus	caminhao	viatura	outros	vitimas	vitimasfatais	acidente_verificado	tempo_clima	situacao_semaforo	sinalizacao	condicao_via	conservacao_via	ponto_controle	situacao_placa	velocidade_max_via	mao_direcao	divisao_via1	divisao_via2	divisao_via3
1399	202313545,0	2023-06-14T00:00:00	11:32:00	COM VÍTIMA	FINALIZADA	BOA VISTA	AV JOAO DE BARROS	""	RUA MONTE CASTELO	NO SEMAFORO 356	BOA VISTA	""	""	COLISÃO LATERAL	0,0	2,0	0,0	0,0	0,0	0,0	0,0	0,0	0,0	1,0	0,0	""	""	""	""	""	""	""	""	""	""	""	""	""
1400	202313560,0	2023-06-14T00:00:00	01:22:00	COM VÍTIMA	FINALIZADA	PRADO	AV ENGENHEIRO ABDIAS DE CARVALHO	""	""	EM FRENTE A ENGEFRIO/ SENTIDO BR	PRADO	""	""	ATROPELAMENTO DE PESSOA	1,0	1,0	0,0	0,0	1,0	0,0	0,0	0,0	0,0	1,0	0,0	""	""	""	""	""	""	""	""	""	""	""	""	""
1401	202313565,0	2023-06-14T00:00:00	02:29:00	COM VÍTIMA	FINALIZADA	CORDEIRO	AV CAXANGA	""	""	PROX AO HOSPITAL DO GETULIO  VARGAS E/F A DROGASIL  S/T SUB	CORDEIRO	""	""	COLISÃO COM CICLISTA	0,0	0,0	0,0	1,0	0,0	0,0	0,0	0,0	0,0	1,0	0,0	""	""	""	""	""	""	""	""	""	""	""	""	""
1402	202313571,0	2023-06-14T00:00:00	03:46:00	SEM VÍTIMA	FINALIZADA	PRADO	RUA RODRIGUES DE MENDONCA	31	RUA PANDIA CALOGERAS	EDF. CONDE DE SAUDIA	PRADO	""	""	COLISÃO TRANSVERSAL	1,0	0,0	0,0	0,0	0,0	0,0	0,0	1,0	0,0	0,0	0,0	""	""	""	""	""	""	""	""	""	""	""	""	""
1403	202313584,0	2023-06-14T00:00:00	06:33:00	COM VÍTIMA	CANCELADA	BOA VIAGEM	AV CONSELHEIRO AGUIAR	""	RUA PROFESSOR JOSE BRANDAO	EM FRENTE A EXTRAFARMA	BOA VIAGEM	""	""	COLISÃO TRASEIRA	1,0	1,0	0,0	0,0	0,0	0,0	0,0	0,0	0,0	1,0	0,0	""	""	""	""	""	""	""	""	""	""	""	""	""
1404	202313589,0	2023-06-14T00:00:00	09:23:00	SEM VÍTIMA	FINALIZADA	VARZEA	RUA JOSE EDUARDO MOURA	70	""	""	VARZEA	""	SUBURBIO	CHOQUE	1,0	0,0	0,0	0,0	0,0	0,0	1,0	0,0	0,0	0,0	0,0	""	""	""	""	""	""	""	""	""	""	""	""	""
1405	202313607,0	2023-06-15T00:00:00	07:24:00	COM VÍTIMA	FINALIZADA	CAMPO GRANDE	RUA MARQUES DE ABRANTES	""	RUA JERONIMO VILELA	EM FRENTE A CONFEITARIA SABOR DOCE	CAMPO GRANDE	""	""	COLISÃO LATERAL	1,0	1,0	0,0	0,0	0,0	0,0	0,0	0,0	0,0	1,0	0,0	""	""	""	""	""	""	""	""	""	""	""	""	""
1406	202313614,0	2023-06-15T00:00:00	08:30:00	COM VÍTIMA	CANCELADA	TORREAO	AV NORTE MIGUEL ARRAES DE ALENCAR	""	""	APOS AGAMENON VEICULO, NA SUBIDA DO VIADUTO SENT. CIDADE	TORREAO	""	""	COLISÃO TRASEIRA	1,0	1,0	0,0	0,0	0,0	0,0	0,0	0,0	0,0	1,0	0,0	""	""	""	""	""	""	""	""	""	""	""	""	""
1407	202313630,0	2023-06-15T00:00:00	10:08:00	SEM VÍTIMA	FINALIZADA	NOVA DESCOBERTA	AV NORTE MIGUEL ARRAES DE ALENCAR	""	""	""	NOVA DESCOBERTA	65,0	CIDADE	COLISÃO TRASEIRA	1,0	1,0	0,0	0,0	0,0	0,0	0,0	0,0	0,0	0,0	0,0	""	""	""	""	""	""	""	""	""	""	""	""	""
1408	202313643,0	2023-06-15T00:00:00	02:28:00	COM VÍTIMA	FINALIZADA	SANCHO	RUA APRIGIO GUIMARAES	291	""	PROTOCOLO DO SAMU S1389570	SANCHO	""	""	COLISÃO LATERAL	0,0	0,0	0,0	0,0	0,0	0,0	0,0	0,0	0,0	1,0	0,0	""	""	""	""	""	""	""	""	""	""	""	""	""
1409	202313645,0	2023-06-15T00:00:00	02:33:00	COM VÍTIMA	FINALIZADA	IPSEP	AV RECIFE	1290	""	E/F A CARLOS FILMES  E GILVAN DOS PARABRISAS	IPSEP	""	""	COLISÃO TRASEIRA	1,0	1,0	0,0	0,0	0,0	0,0	0,0	0,0	0,0	1,0	0,0	""	""	""	""	""	""	""	""	""	""	""	""	""
1410	202313655,0	2023-06-15T00:00:00	04:13:00	COM VÍTIMA	FINALIZADA	CAXANGA	AV CAXANGA	""	""	PRÓXIMO AO PARQUE DE EXPOSIÇÕES DE ANIMAIS	CAXANGA	""	""	QUEDA	0,0	1,0	0,0	0,0	0,0	0,0	0,0	0,0	0,0	1,0	0,0	""	""	""	""	""	""	""	""	""	""	""	""	""
1411	202313663,0	2023-06-15T00:00:00	06:05:00	COM VÍTIMA	FINALIZADA	SAO JOSE	RUA FLORIANO PEIXOTO	2429	""	ESTAÇÃO DO RECIFE	SAO JOSE	""	""	QUEDA	1,0	0,0	0,0	0,0	0,0	1,0	0,0	0,0	0,0	1,0	0,0	""	""	""	""	""	""	""	""	""	""	""	""	""
1412	202313664,0	2023-06-15T00:00:00	06:14:00	COM VÍTIMA	CANCELADA	CORDEIRO	RUA PROFESSOR JOAQUIM XAVIER DE BRITO	689	""	""	CORDEIRO	""	""	COLISÃO FRONTAL	1,0	1,0	0,0	0,0	0,0	0,0	0,0	0,0	0,0	1,0	0,0	""	""	""	""	""	""	""	""	""	""	""	""	""
1413	202313675,0	2023-06-15T00:00:00	07:41:00	COM VÍTIMA	FINALIZADA	DERBY	AV GOVERNADOR AGAMENON MAGALHAES	""	""	DE FRENTE AO HOSPITAL MEMORIAL SÃO JOSÉ	DERBY	""	""	COLISÃO TRASEIRA	1,0	1,0	0,0	0,0	0,0	0,0	0,0	0,0	0,0	1,0	0,0	""	""	""	""	""	""	""	""	""	""	""	""	""
1414	202313676,0	2023-06-15T00:00:00	07:47:00	COM VÍTIMA	CANCELADA	SAN MARTIN	RUA OUREM	6	""	CAVALARIA DA POLICIA MILITAR	SAN MARTIN	""	""	COLISÃO LATERAL	1,0	1,0	0,0	0,0	0,0	0,0	0,0	0,0	0,0	1,0	0,0	""	""	""	""	""	""	""	""	""	""	""	""	""
1415	202313686,0	2023-06-16T00:00:00	06:12:00	COM VÍTIMA	FINALIZADA	CASA AMARELA	AV NORTE MIGUEL ARRAES DE ALENCAR	4953	""	PROXIMO AO POSTO BR - SENTIDO SUB/CID	CASA AMARELA	""	CIDADE	QUEDA	0,0	1,0	0,0	0,0	0,0	0,0	0,0	0,0	0,0	1,0	0,0	""	""	""	""	""	""	""	""	""	""	""	""	""
1416	202313688,0	2023-06-16T00:00:00	06:59:00	COM VÍTIMA	FINALIZADA	SAO JOSE	C SANTA RITA	""	""	TERMINAL CAIS SANTA RITA	SAO JOSE	""	""	ATROPELAMENTO DE PESSOA	0,0	0,0	0,0	0,0	1,0	1,0	0,0	0,0	0,0	1,0	0,0	""	""	""	""	""	""	""	""	""	""	""	""	""
1417	202313698,0	2023-06-16T00:00:00	07:40:00	COM VÍTIMA	CANCELADA	GUABIRABA	EST DA MUMBECA	""	""	PROX A FABRICA A FABRICA DA HAINEKEN	GUABIRABA	""	""	CHOQUE	0,0	1,0	0,0	0,0	0,0	0,0	0,0	0,0	0,0	1,0	0,0	""	""	""	""	""	""	""	""	""	""	""	""	""
1418	202313701,0	2023-06-16T00:00:00	07:46:00	COM VÍTIMA	FINALIZADA	JARDIM SAO PAULO	RUA LORENA	93	""	DEPOIS DO VIADUTO DE JARDIM SÃO PAULO	JARDIM SAO PAULO	""	""	COLISÃO LATERAL	1,0	1,0	0,0	0,0	0,0	0,0	0,0	0,0	0,0	1,0	0,0	""	""	""	""	""	""	""	""	""	""	""	""	""
1419	202313713,0	2023-06-16T00:00:00	09:44:00	COM VÍTIMA	FINALIZADA	TORROES	AV ENGENHEIRO ABDIAS DE CARVALHO	""	""	PRÓXIMO A CHESF	TORROES	""	CIDADE	COLISÃO COM CICLISTA	0,0	1,0	0,0	1,0	0,0	0,0	0,0	0,0	0,0	3,0	0,0	""	""	""	""	""	""	""	""	""	""	""	""	""
1420	202313725,0	2023-06-16T00:00:00	11:28:00	COM VÍTIMA	FINALIZADA	SAO JOSE	AV CENTRAL	""	""	INTEGRAÇÃO JOANA BEZERRA	SAO JOSE	""	""	COLISÃO COM CICLISTA	0,0	0,0	0,0	1,0	0,0	1,0	0,0	0,0	0,0	1,0	0,0	""	""	""	""	""	""	""	""	""	""	""	""	""
1421	202313731,0	2023-06-16T00:00:00	12:07:00	COM VÍTIMA	FINALIZADA	SANTO AMARO	RUA FREI CASSIMIRO	""	RUA TREZE DE MAIO	PROX A BORRACHARIA MODESTO	SANTO AMARO	""	""	COLISÃO FRONTAL	1,0	1,0	0,0	0,0	0,0	0,0	0,0	0,0	0,0	1,0	0,0	""	""	""	""	""	""	""	""	""	""	""	""	""
1422	202313736,0	2023-06-16T00:00:00	12:43:00	SEM VÍTIMA	FINALIZADA	AFOGADOS	RUA DA PAZ	91	""	NA DESCIDA DA PONTE	AFOGADOS	""	""	COLISÃO LATERAL	2,0	0,0	0,0	0,0	0,0	0,0	0,0	0,0	0,0	0,0	0,0	""	""	""	""	""	""	""	""	""	""	""	""	""
1423	202313743,0	2023-06-16T00:00:00	01:25:00	COM VÍTIMA	FINALIZADA	AFOGADOS	RUA VINTE E UM DE ABRIL	3717	""	""	AFOGADOS	""	""	COLISÃO LATERAL	0,0	0,0	0,0	0,0	0,0	0,0	0,0	0,0	0,0	1,0	0,0	""	""	""	""	""	""	""	""	""	""	""	""	""
1424	202313744,0	2023-06-16T00:00:00	01:26:00	COM VÍTIMA	DUPLICIDADE	JOANA BEZERRA	AV CENTRAL	""	""	NA SAIDA DA INTEGRAÇAO  JOANA BEZERRA	JOANA BEZERRA	""	""	COLISÃO COM CICLISTA	0,0	0,0	0,0	1,0	0,0	1,0	0,0	0,0	0,0	1,0	0,0	""	""	""	""	""	""	""	""	""	""	""	""	""
1425	202313746,0	2023-06-16T00:00:00	01:37:00	COM VÍTIMA	CANCELADA	SANTO AMARO	RUA FREI CASSIMIRO	1676	""	""	SANTO AMARO	""	""	COLISÃO LATERAL	0,0	0,0	0,0	0,0	0,0	0,0	0,0	0,0	0,0	1,0	0,0	""	""	""	""	""	""	""	""	""	""	""	""	""
1426	202313756,0	2023-06-16T00:00:00	03:13:00	COM VÍTIMA	FINALIZADA	BOA VISTA	RUA DOS COELHOS	361	""	EM FRENTE AO IMIP	BOA VISTA	""	""	COLISÃO LATERAL	1,0	1,0	0,0	0,0	0,0	0,0	0,0	0,0	0,0	1,0	0,0	""	""	""	""	""	""	""	""	""	""	""	""	""
1427	202313764,0	2023-06-16T00:00:00	03:51:00	COM VÍTIMA	FINALIZADA	BOA VIAGEM	RUA FAUSTINO PORTO	324	""	LADO OPOSTO AO BOMPREÇO BEIRA CANAL	BOA VIAGEM	""	""	COLISÃO TRASEIRA	2,0	0,0	0,0	0,0	0,0	0,0	0,0	0,0	0,0	1,0	0,0	""	""	""	""	""	""	""	""	""	""	""	""	""
1428	202313765,0	2023-06-16T00:00:00	03:53:00	COM VÍTIMA	CANCELADA	CAMPO GRANDE	EST DE BELEM	1191	""	ESQUINA DO COLEGIO JESUS CRUCIFICADO	CAMPO GRANDE	""	""	ATROPELAMENTO DE PESSOA	0,0	0,0	0,0	0,0	0,0	0,0	0,0	0,0	0,0	1,0	0,0	""	""	""	""	""	""	""	""	""	""	""	""	""
1429	202313767,0	2023-06-16T00:00:00	04:15:00	COM VÍTIMA	FINALIZADA	SANTO AMARO	RUA DO POMBAL	296	""	E/F AO PORTAO DO CEMITERIO DE SANTO AMARO	SANTO AMARO	""	""	COLISÃO LATERAL	1,0	1,0	0,0	0,0	0,0	0,0	0,0	0,0	0,0	1,0	0,0	""	""	""	""	""	""	""	""	""	""	""	""	""
1430	202313769,0	2023-06-16T00:00:00	04:24:00	COM VÍTIMA	FINALIZADA	SANTO AMARO	AV CRUZ CABUGA	""	""	E/F AO HOSPITAL GERAL DO RECIFE	SANTO AMARO	""	""	COLISÃO TRASEIRA	1,0	1,0	0,0	0,0	0,0	0,0	0,0	0,0	0,0	1,0	0,0	""	""	""	""	""	""	""	""	""	""	""	""	""
1431	202313771,0	2023-06-16T00:00:00	04:38:00	COM VÍTIMA	FINALIZADA	FUNDAO	AV BEBERIBE	""	""	""	FUNDAO	""	""	ATROPELAMENTO DE PESSOA	1,0	0,0	0,0	0,0	1,0	0,0	0,0	0,0	0,0	1,0	0,0	""	""	""	""	""	""	""	""	""	""	""	""	""
1432	202313774,0	2023-06-16T00:00:00	04:38:00	COM VÍTIMA	DUPLICIDADE	BOA VISTA	AV CRUZ CABUGA	""	""	EM FRENTE AO TREZE DE MAIO APOS A PARADA DO BRT  CINQUENTA METROS A FRENTE	BOA VISTA	""	""	COLISÃO LATERAL	1,0	1,0	0,0	0,0	0,0	0,0	0,0	0,0	0,0	1,0	0,0	""	""	""	""	""	""	""	""	""	""	""	""	""
1433	202313775,0	2023-06-16T00:00:00	05:02:00	COM VÍTIMA	FINALIZADA	VARZEA	AV PROFESSOR LUIZ FREIRE	700	""	EM FRENTE AO PORTÃO DO ITEP	VARZEA	""	""	ATROPELAMENTO DE PESSOA	1,0	0,0	0,0	0,0	1,0	0,0	0,0	0,0	0,0	1,0	0,0	""	""	""	""	""	""	""	""	""	""	""	""	""
1434	202313776,0	2023-06-16T00:00:00	04:42:00	COM VÍTIMA	DUPLICIDADE	BOA VISTA	RUA DO HOSPICIO	582	""	E/F AO TREZE DE MAIO	BOA VISTA	""	""	QUEDA	0,0	1,0	0,0	0,0	0,0	0,0	0,0	0,0	0,0	2,0	0,0	""	""	""	""	""	""	""	""	""	""	""	""	""
1435	202313781,0	2023-06-16T00:00:00	05:26:00	COM VÍTIMA	FINALIZADA	TORRE	RUA DOM MANOEL DA COSTA	336	""	APOS COLEGIO CRISTO REINO	TORRE	""	""	CHOQUE	0,0	1,0	0,0	0,0	0,0	0,0	0,0	0,0	0,0	1,0	0,0	""	""	""	""	""	""	""	""	""	""	""	""	""
1436	202313783,0	2023-06-16T00:00:00	05:45:00	COM VÍTIMA	FINALIZADA	IMBIRIBEIRA	AV MARECHAL MASCARENHAS DE MORAES	7545	""	E/F AO GERALDAO S/T AEROPORTO	IMBIRIBEIRA	""	""	COLISÃO LATERAL	1,0	1,0	0,0	0,0	0,0	0,0	0,0	0,0	0,0	1,0	0,0	""	""	""	""	""	""	""	""	""	""	""	""	""
1437	202313793,0	2023-06-16T00:00:00	07:16:00	COM VÍTIMA	FINALIZADA	AFLITOS	AV CONS ROSA E SILVA	""	""	PROX AO SUPER BOM PREÇO	AFLITOS	""	""	COLISÃO LATERAL	1,0	1,0	0,0	0,0	0,0	0,0	0,0	0,0	0,0	1,0	0,0	""	""	""	""	""	""	""	""	""	""	""	""	""
1438	202313807,0	2023-06-16T00:00:00	10:17:00	VÍTIMA FATAL	FINALIZADA	GUABIRABA	EST DOS MACACOS	""	""	CRECHE CELESTE VIDAL	GUABIRABA	""	""	CHOQUE	0,0	1,0	0,0	0,0	0,0	0,0	0,0	0,0	0,0	0,0	1,0	""	""	""	""	""	""	""	""	""	""	""	""	""
1439	202313832,0	2023-06-17T00:00:00	08:18:00	COM VÍTIMA	FINALIZADA	VARZEA	AV CAXANGA	""	""	EM FRENTE A LOHA DE CARRO ITALIANA / PROX A ESTACÃO BRT	VARZEA	""	CIDADE	COLISÃO LATERAL	1,0	1,0	0,0	0,0	0,0	0,0	0,0	0,0	0,0	1,0	0,0	""	""	""	""	""	""	""	""	""	""	""	""	""
1440	202313862,0	2023-06-17T00:00:00	12:52:00	SEM VÍTIMA	FINALIZADA	AFOGADOS	RUA JACIRA	268	RUA SAO MIGUEL	""	AFOGADOS	""	""	COLISÃO TRANSVERSAL	1,0	0,0	0,0	0,0	0,0	1,0	0,0	0,0	0,0	0,0	0,0	""	""	""	""	""	""	""	""	""	""	""	""	""
1441	202313863,0	2023-06-17T00:00:00	01:06:00	COM VÍTIMA	CANCELADA	ENCRUZILHADA	RUA FERNANDO CESAR	255	""	E/F A  PRAÇA DA INFANCIA	ENCRUZILHADA	""	""	COLISÃO LATERAL	1,0	1,0	0,0	0,0	0,0	0,0	0,0	0,0	0,0	1,0	0,0	""	""	""	""	""	""	""	""	""	""	""	""	""
1442	202313873,0	2023-06-17T00:00:00	03:13:00	COM VÍTIMA	FINALIZADA	ENCRUZILHADA	AV BEBERIBE	""	""	EM FRENTE AO POSTO SHELL	ENCRUZILHADA	""	""	COLISÃO TRASEIRA	1,0	1,0	0,0	0,0	0,0	1,0	0,0	0,0	0,0	1,0	0,0	""	""	""	""	""	""	""	""	""	""	""	""	""
1443	202313874,0	2023-06-17T00:00:00	03:36:00	COM VÍTIMA	FINALIZADA	BOA VIAGEM	RUA AMARO ALBINO PIMENTEL	""	""	VIA MANGUE PROXIMO AO CAMPO DE FUTEBOL	BOA VIAGEM	""	""	COLISÃO LATERAL	1,0	1,0	0,0	0,0	0,0	0,0	0,0	0,0	0,0	1,0	0,0	""	""	""	""	""	""	""	""	""	""	""	""	""
1444	202313881,0	2023-06-17T00:00:00	04:35:00	COM VÍTIMA	FINALIZADA	PINA	RUA ABREU ALBANO	18	""	EM FRENTE A LANCHONETE DONA COXA	PINA	""	""	COLISÃO LATERAL	1,0	1,0	0,0	0,0	0,0	0,0	0,0	0,0	0,0	1,0	0,0	""	""	""	""	""	""	""	""	""	""	""	""	""
1445	202313898,0	2023-06-17T00:00:00	06:45:00	COM VÍTIMA	CANCELADA	PINA	AV ANTONIO DE GOES	""	""	EM FRENTE AO DENIT	PINA	""	""	COLISÃO LATERAL	1,0	1,0	0,0	0,0	0,0	0,0	0,0	0,0	0,0	1,0	0,0	""	""	""	""	""	""	""	""	""	""	""	""	""
1446	202313910,0	2023-06-17T00:00:00	10:23:00	COM VÍTIMA	FINALIZADA	IPUTINGA	AV MAURICIO DE NASSAU	""	""	EM FRENTE AO PARQUE DO CAIRA	IPUTINGA	""	""	COLISÃO FRONTAL	1,0	1,0	0,0	0,0	0,0	0,0	0,0	0,0	0,0	2,0	0,0	""	""	""	""	""	""	""	""	""	""	""	""	""
1447	202313913,0	2023-06-18T00:00:00	03:28:00	SEM VÍTIMA	CANCELADA	ENGENHO DO MEIO	RUA ANTONIO CURADO	""	""	PROXIMO AO CLUBE DA SUDENE E E/F AO BAR CANTINHO UNIVERSITÁRIO	ENGENHO DO MEIO	""	""	CHOQUE	2,0	0,0	0,0	0,0	0,0	0,0	0,0	0,0	0,0	0,0	0,0	""	""	""	""	""	""	""	""	""	""	""	""	""
1448	202313914,0	2023-06-18T00:00:00	04:02:00	SEM VÍTIMA	CANCELADA	PARNAMIRIM	RUA DR JOAO SANTOS FILHO	""	""	EM FRENTE AO SHOPPING PLAZA	PARNAMIRIM	""	""	TOMBAMENTO	0,0	0,0	0,0	0,0	0,0	0,0	0,0	0,0	0,0	0,0	0,0	""	""	""	""	""	""	""	""	""	""	""	""	""
1449	202313962,0	2023-06-18T00:00:00	12:52:00	COM VÍTIMA	FINALIZADA	BOA VISTA	RUA GENERAL JOAQUIM INACIO	""	""	EM FRENTE AO EMPRESARIAL DE PLAZA	BOA VISTA	""	""	COLISÃO TRASEIRA	1,0	0,0	0,0	0,0	0,0	0,0	0,0	1,0	0,0	1,0	0,0	""	""	""	""	""	""	""	""	""	""	""	""	""
1450	202313971,0	2023-06-18T00:00:00	03:41:00	COM VÍTIMA	FINALIZADA	CORDEIRO	RUA TAMBORIL	200	""	CENTRO DISTRIBUIÇÃO KIYOI GALETOS	CORDEIRO	""	""	COLISÃO TRASEIRA	1,0	1,0	0,0	0,0	0,0	0,0	0,0	0,0	0,0	1,0	0,0	""	""	""	""	""	""	""	""	""	""	""	""	""
1451	202313975,0	2023-06-18T00:00:00	03:56:00	COM VÍTIMA	FINALIZADA	BOA VIAGEM	AV BOA VIAGEM	2434	""	EM FRENTE AO EDF ANDA LUCIA	BOA VIAGEM	""	""	COLISÃO TRASEIRA	1,0	2,0	0,0	0,0	0,0	0,0	0,0	0,0	0,0	1,0	0,0	""	""	""	""	""	""	""	""	""	""	""	""	""
1452	202313991,0	2023-06-18T00:00:00	07:04:00	COM VÍTIMA	FINALIZADA	DOIS UNIDOS	AV HILDEBRANDO DE VASCONCELOS	""	""	EM FRENTE AO DEPOSITO DA ÁGUA ALDEIA	DOIS UNIDOS	""	""	COLISÃO FRONTAL	1,0	1,0	0,0	0,0	0,0	0,0	0,0	0,0	0,0	1,0	0,0	""	""	""	""	""	""	""	""	""	""	""	""	""
1453	202313996,0	2023-06-18T00:00:00	08:51:00	COM VÍTIMA	FINALIZADA	DOIS UNIDOS	AV HILDEBRANDO DE VASCONCELOS	""	RUA COMPOSITOR VINICIUS DE MORAIS	EM FRENTE AO DEPOSITO DA ÁGUA ALDEIA	DOIS UNIDOS	""	""	COLISÃO LATERAL	1,0	1,0	0,0	0,0	0,0	0,0	0,0	0,0	0,0	1,0	0,0	""	""	""	""	""	""	""	""	""	""	""	""	""
1454	202313997,0	2023-06-18T00:00:00	09:19:00	COM VÍTIMA	FINALIZADA	SANTO AMARO	AV NORTE MIGUEL ARRAES DE ALENCAR	""	""	PARÓQUIA SÃO SEBASTIÃO	SANTO AMARO	97,0	""	COLISÃO LATERAL	0,0	1,0	0,0	1,0	0,0	0,0	0,0	0,0	0,0	1,0	0,0	""	""	""	""	""	""	""	""	""	""	""	""	""
1455	202314002,0	2023-06-18T00:00:00	11:47:00	COM VÍTIMA	FINALIZADA	CORDEIRO	RUA GOMES TABORDA	""	AV GENERAL SAN MARTIN	PRÓX. A FARMÁCIA DROGASIL	CORDEIRO	""	""	COLISÃO TRANSVERSAL	1,0	1,0	0,0	0,0	0,0	0,0	0,0	0,0	0,0	1,0	0,0	""	""	""	""	""	""	""	""	""	""	""	""	""
1456	202314005,0	2023-06-19T00:00:00	05:43:00	SEM VÍTIMA	FINALIZADA	SAN MARTIN	AV CONSUL VILARES FRAGOSO	1576	RUA COMENDADOR FRANCO FERREIRA	""	SAN MARTIN	""	SUBURBIO	CHOQUE	1,0	0,0	0,0	0,0	0,0	0,0	0,0	0,0	0,0	0,0	0,0	""	""	""	""	""	""	""	""	""	""	""	""	""
1457	202314015,0	2023-06-19T00:00:00	07:24:00	COM VÍTIMA	FINALIZADA	DOIS IRMAOS	PRQ DE DOIS IRMAOS	""	""	SINAL DA LAFEPE	DOIS IRMAOS	""	""	COLISÃO TRASEIRA	0,0	1,0	0,0	0,0	0,0	1,0	0,0	0,0	0,0	1,0	0,0	""	""	""	""	""	""	""	""	""	""	""	""	""
1458	202314025,0	2023-06-19T00:00:00	10:44:00	COM VÍTIMA	FINALIZADA	BOA VIAGEM	AV DOM JOAO VI	""	""	SAÍDA DO TUNEL	BOA VIAGEM	""	""	COLISÃO LATERAL	0,0	2,0	0,0	0,0	0,0	0,0	0,0	0,0	0,0	1,0	0,0	""	""	""	""	""	""	""	""	""	""	""	""	""
1459	202314033,0	2023-06-19T00:00:00	11:38:00	COM VÍTIMA	FINALIZADA	IMBIRIBEIRA	AV MARECHAL MASCARENHAS DE MORAES	2314	""	EM FRENTE AO CORREIOS	IMBIRIBEIRA	""	""	COLISÃO TRASEIRA	1,0	1,0	0,0	0,0	0,0	0,0	0,0	0,0	0,0	1,0	0,0	""	""	""	""	""	""	""	""	""	""	""	""	""
1460	202314036,0	2023-06-19T00:00:00	12:25:00	COM VÍTIMA	FINALIZADA	ENCRUZILHADA	AV BEBERIBE	""	""	XX	ENCRUZILHADA	""	""	COLISÃO LATERAL	0,0	0,0	0,0	0,0	0,0	0,0	0,0	0,0	0,0	1,0	0,0	""	""	""	""	""	""	""	""	""	""	""	""	""
1461	202314043,0	2023-06-19T00:00:00	01:36:00	COM VÍTIMA	FINALIZADA	BOA VIAGEM	RUA BRUNO VELOSO	393	""	SELFIT ACADEMIAS	BOA VIAGEM	""	""	COLISÃO LATERAL	1,0	1,0	0,0	0,0	0,0	0,0	0,0	0,0	0,0	1,0	0,0	""	""	""	""	""	""	""	""	""	""	""	""	""
1462	202314052,0	2023-06-19T00:00:00	03:27:00	COM VÍTIMA	FINALIZADA	PINA	AVENIDA CELSO FURTADO (VIA MANGUE)	""	""	PRÓXIMO AO 19º BATALHÃO DE POLÍCIA	PINA	""	""	QUEDA	0,0	1,0	0,0	0,0	0,0	0,0	0,0	0,0	0,0	1,0	0,0	""	""	""	""	""	""	""	""	""	""	""	""	""
1463	202314060,0	2023-06-19T00:00:00	05:06:00	COM VÍTIMA	FINALIZADA	COHAB	RUA CAPITAO VICENTE CURADO	110	""	EM FRENTE ACADEMIA DA CIDADE DA UR-05	COHAB	""	""	ATROPELAMENTO DE PESSOA	2,0	0,0	0,0	0,0	1,0	0,0	0,0	0,0	0,0	1,0	0,0	""	""	""	""	""	""	""	""	""	""	""	""	""
1464	202314061,0	2023-06-19T00:00:00	05:07:00	COM VÍTIMA	FINALIZADA	PINA	AV ANTONIO DE GOES	306	""	PROX BOM JESUS BLINDAGEM	PINA	""	""	COLISÃO TRASEIRA	1,0	1,0	0,0	0,0	0,0	0,0	0,0	0,0	0,0	1,0	0,0	""	""	""	""	""	""	""	""	""	""	""	""	""
1465	202314062,0	2023-06-19T00:00:00	05:11:00	SEM VÍTIMA	FINALIZADA	GRACAS	AV GOVERNADOR AGAMENON MAGALHAES	""	RUA DR BANDEIRA FILHO	MC DONALD'S	GRACAS	173,0	SUBURBIO	""	1,0	0,0	0,0	0,0	0,0	0,0	0,0	1,0	0,0	0,0	0,0	""	""	""	""	""	""	""	""	""	""	""	""	""
1466	202314064,0	2023-06-19T00:00:00	05:42:00	SEM VÍTIMA	FINALIZADA	IMBIRIBEIRA	AV GENERAL MAC ARTHUR	""	""	EM FRENTE AO LE PARK - BOA VIAGEM	IMBIRIBEIRA	""	SUBURBIO	COLISÃO TRANSVERSAL	0,0	1,0	0,0	0,0	0,0	0,0	0,0	1,0	0,0	0,0	0,0	""	""	""	""	""	""	""	""	""	""	""	""	""
1467	202314073,0	2023-06-19T00:00:00	07:05:00	COM VÍTIMA	FINALIZADA	BOA VIAGEM	AVENIDA CELSO FURTADO (VIA MANGUE)	""	""	DEPOIS DA ULTIMA LOMBADA DA VIA MANGUE SENTIDO  SHOPPING RIOMAR	BOA VIAGEM	""	""	COLISÃO TRASEIRA	1,0	1,0	0,0	0,0	0,0	0,0	0,0	0,0	0,0	1,0	0,0	""	""	""	""	""	""	""	""	""	""	""	""	""
1468	202314074,0	2023-06-19T00:00:00	07:38:00	COM VÍTIMA	CANCELADA	MACAXEIRA	AV NORTE MIGUEL ARRAES DE ALENCAR	""	""	XXX	MACAXEIRA	""	""	COLISÃO FRONTAL	1,0	1,0	0,0	0,0	0,0	0,0	0,0	0,0	0,0	1,0	0,0	""	""	""	""	""	""	""	""	""	""	""	""	""
1469	202314077,0	2023-06-19T00:00:00	08:27:00	COM VÍTIMA	FINALIZADA	BOA VISTA	RUA DA AURORA	""	""	NA PONTE PRINCESA ISABEL	BOA VISTA	""	""	COLISÃO COM CICLISTA	1,0	0,0	0,0	1,0	0,0	0,0	0,0	0,0	0,0	1,0	0,0	""	""	""	""	""	""	""	""	""	""	""	""	""