_id	Protocolo	data	hora	natureza	situacao	bairro	endereco	numero	detalhe_endereco_acidente	complemento	bairro_cruzamento	num_semaforo	sentido_via	tipo	auto	moto	ciclom	ciclista	pedestre	onibus	caminhao	viatura	outros	vitimas	vitimasfatais	acidente_verificado	tempo_clima	situacao_semaforo	sinalizacao	condicao_via	conservacao_via	ponto_controle	situacao_placa	velocidade_max_via	mao_direcao	divisao_via1	divisao_via2	divisao_via3
1613	202315374,0	2023-07-04T00:00:00	02:31:00	COM VÍTIMA	FINALIZADA	ESPINHEIRO	RUA CONS PORTELA	665	""	AGALERIA CONSELHEIRO PORTELA	ESPINHEIRO	""	""	COLISÃO LATERAL	1,0	0,0	1,0	0,0	0,0	0,0	0,0	0,0	0,0	1,0	0,0	""	""	""	""	""	""	""	""	""	""	""	""	""
1614	202315381,0	2023-07-04T00:00:00	03:20:00	COM VÍTIMA	FINALIZADA	IPSEP	AV RECIFE	""	""	JJK AUTOS	IPSEP	""	""	COLISÃO LATERAL	1,0	1,0	0,0	0,0	0,0	0,0	0,0	0,0	0,0	1,0	0,0	""	""	""	""	""	""	""	""	""	""	""	""	""
1615	202315402,0	2023-07-04T00:00:00	09:50:00	COM VÍTIMA	FINALIZADA	SAO JOSE	AV SUL	""	RUA OSCAR MELO	CONTINUAÇÃO DA RUA CABO EUTRÓPIO	SAO JOSE	""	""	COLISÃO FRONTAL	0,0	2,0	0,0	0,0	0,0	0,0	0,0	0,0	0,0	2,0	0,0	""	""	""	""	""	""	""	""	""	""	""	""	""
1616	202315428,0	2023-07-05T00:00:00	08:24:00	COM VÍTIMA	FINALIZADA	BOA VISTA	RUA MARQUES AMORIM	356	""	RUA UNIMED 3	BOA VISTA	""	""	COLISÃO LATERAL	1,0	1,0	0,0	0,0	0,0	0,0	0,0	0,0	0,0	2,0	0,0	""	""	""	""	""	""	""	""	""	""	""	""	""
1617	202315429,0	2023-07-05T00:00:00	08:30:00	COM VÍTIMA	FINALIZADA	CORDEIRO	AV CAXANGA	""	""	EM FRENTE AO NUCLEO DE SAUDE DA CAXANGA	CORDEIRO	""	CIDADE	COLISÃO TRASEIRA	1,0	1,0	0,0	0,0	0,0	0,0	0,0	0,0	0,0	1,0	0,0	""	""	""	""	""	""	""	""	""	""	""	""	""
1618	202315456,0	2023-07-05T00:00:00	02:41:00	COM VÍTIMA	FINALIZADA	CAXANGA	AV CAXANGA	""	""	PROXIMO A FIAT	CAXANGA	""	""	COLISÃO LATERAL	1,0	1,0	0,0	0,0	0,0	0,0	0,0	0,0	0,0	1,0	0,0	""	""	""	""	""	""	""	""	""	""	""	""	""
1619	202315468,0	2023-07-05T00:00:00	02:41:00	SEM VÍTIMA	FINALIZADA	BOA VISTA	AV GOVERNADOR AGAMENON MAGALHAES	2807	""	EM FRENT AO CÍRCULO MILITAR DO RECIFE	BOA VISTA	""	SUBURBIO	COLISÃO TRASEIRA	1,0	0,0	0,0	0,0	0,0	0,0	0,0	1,0	0,0	0,0	0,0	""	""	""	""	""	""	""	""	""	""	""	""	""
1620	202315495,0	2023-07-05T00:00:00	06:54:00	COM VÍTIMA	FINALIZADA	IMBIRIBEIRA	RUA JOSE DA SILVA LUCENA	241	""	EM FRENTE A IGREJA PORTAL	IMBIRIBEIRA	""	""	COLISÃO FRONTAL	1,0	1,0	0,0	0,0	0,0	0,0	0,0	0,0	0,0	1,0	0,0	""	""	""	""	""	""	""	""	""	""	""	""	""
1621	202315496,0	2023-07-05T00:00:00	07:33:00	SEM VÍTIMA	FINALIZADA	PINA	RUA CONSUL JOSEPH NOUJAIM	""	RUA NOGUEIRA DE SOUZA	SOB O SEMÁFORO Nº658	PINA	658,0	SUBURBIO	""	2,0	0,0	0,0	0,0	0,0	0,0	0,0	0,0	0,0	0,0	0,0	""	""	""	""	""	""	""	""	""	""	""	""	""
1622	202315516,0	2023-07-06T00:00:00	05:17:00	COM VÍTIMA	FINALIZADA	GRACAS	RUA RICARDO HARDMAN	475	""	COM A RUA RIGUEIRA COSTA	GRACAS	""	""	COLISÃO LATERAL	2,0	0,0	0,0	0,0	0,0	0,0	0,0	0,0	0,0	1,0	0,0	""	""	""	""	""	""	""	""	""	""	""	""	""
1623	202315527,0	2023-07-06T00:00:00	07:54:00	COM VÍTIMA	FINALIZADA	BOA VIAGEM	AV MARECHAL JUAREZ TAVORA	""	""	ESQUINA DO HOTEL FORUM/  PROX AO OLEGIO DOURADO	BOA VIAGEM	""	""	COLISÃO LATERAL	1,0	1,0	0,0	0,0	0,0	0,0	0,0	0,0	0,0	1,0	0,0	""	""	""	""	""	""	""	""	""	""	""	""	""
1624	202315565,0	2023-07-06T00:00:00	04:07:00	COM VÍTIMA	FINALIZADA	PINA	PTE GOVERNADOR PAULO GUERRA	""	""	ENTRADA DA VIA MANGUE / PROX. AO SHOPPING RIOMAR	PINA	""	""	COLISÃO TRASEIRA	1,0	1,0	0,0	0,0	0,0	0,0	0,0	0,0	0,0	1,0	0,0	""	""	""	""	""	""	""	""	""	""	""	""	""
1625	202315577,0	2023-07-06T00:00:00	06:45:00	COM VÍTIMA	FINALIZADA	IBURA	RUA PINTOR AGENOR DE ALBUQUERQUE CESAR	260	""	CLINICA SENA	IBURA	""	""	COLISÃO FRONTAL	1,0	1,0	0,0	0,0	0,0	0,0	0,0	0,0	0,0	1,0	0,0	""	""	""	""	""	""	""	""	""	""	""	""	""
1626	202315580,0	2023-07-06T00:00:00	07:38:00	COM VÍTIMA	FINALIZADA	SANTO AMARO	AV CRUZ CABUGA	304	""	EM FRENTE A CTTU	SANTO AMARO	""	""	COLISÃO LATERAL	0,0	0,0	0,0	0,0	0,0	0,0	0,0	0,0	0,0	1,0	0,0	""	""	""	""	""	""	""	""	""	""	""	""	""
1627	202315608,0	2023-07-07T00:00:00	08:26:00	SEM VÍTIMA	FINALIZADA	TORRE	RUA JOSE BONIFACIO	1315	""	PROX AO CARREFUOR	TORRE	""	""	COLISÃO LATERAL	2,0	0,0	0,0	0,0	0,0	0,0	0,0	0,0	0,0	0,0	0,0	""	""	""	""	""	""	""	""	""	""	""	""	""
1628	202315634,0	2023-07-07T00:00:00	01:45:00	COM VÍTIMA	FINALIZADA	TORRE	RUA MARQUES DE MARICA	12	""	PRAÇA DA TORRE	TORRE	""	""	COLISÃO LATERAL	1,0	1,0	0,0	0,0	0,0	0,0	0,0	0,0	0,0	1,0	0,0	""	""	""	""	""	""	""	""	""	""	""	""	""
1629	202315636,0	2023-07-07T00:00:00	01:51:00	COM VÍTIMA	FINALIZADA	COELHOS	RUA DOS COELHOS	""	""	HOSPITAL IMIP	COELHOS	""	""	QUEDA	0,0	1,0	0,0	0,0	0,0	0,0	0,0	0,0	0,0	1,0	0,0	""	""	""	""	""	""	""	""	""	""	""	""	""
1630	202315651,0	2023-07-07T00:00:00	03:43:00	COM VÍTIMA	FINALIZADA	BEBERIBE	AV BEBERIBE	""	""	E/F AO POSTO SIVINI	BEBERIBE	""	""	COLISÃO FRONTAL	1,0	1,0	0,0	0,0	0,0	0,0	0,0	0,0	0,0	1,0	0,0	""	""	""	""	""	""	""	""	""	""	""	""	""
1631	202315653,0	2023-07-07T00:00:00	03:54:00	COM VÍTIMA	FINALIZADA	DERBY	AV GOVERNADOR AGAMENON MAGALHAES	""	""	EM FRENTE AO HR	DERBY	""	BOA VIAGEM	QUEDA	0,0	1,0	0,0	0,0	0,0	0,0	0,0	0,0	0,0	1,0	0,0	""	""	""	""	""	""	""	""	""	""	""	""	""
1632	202315659,0	2023-07-07T00:00:00	03:58:00	SEM VÍTIMA	FINALIZADA	AFOGADOS	RUA SAO MIGUEL	268	""	DEPARTAMENTO DE REPRESSÃO AOS CRIMES PATRIMONIAIS	AFOGADOS	333,0	SUBURBIO	COLISÃO TRANSVERSAL	0,0	1,0	0,0	0,0	0,0	0,0	0,0	1,0	0,0	0,0	0,0	""	""	""	""	""	""	""	""	""	""	""	""	""
1633	202315670,0	2023-07-07T00:00:00	06:36:00	SEM VÍTIMA	CANCELADA	CASA FORTE	RUA LEONARDO BEZERRA CAVALCANTE	514	""	MUNDO PET	CASA FORTE	""	""	COLISÃO FRONTAL	1,0	1,0	0,0	0,0	0,0	0,0	0,0	0,0	0,0	0,0	0,0	""	""	""	""	""	""	""	""	""	""	""	""	""
1634	202315674,0	2023-07-07T00:00:00	07:10:00	SEM VÍTIMA	FINALIZADA	ESTANCIA	RUA CONEGO XAVIER PEDROZA	489	AV DR JOSE RUFINO	AO LADO DO IMÓVEL Nº 489	ESTANCIA	""	SUBURBIO	""	1,0	1,0	0,0	0,0	0,0	0,0	0,0	0,0	0,0	0,0	0,0	""	""	""	""	""	""	""	""	""	""	""	""	""
1635	202315704,0	2023-07-08T00:00:00	08:16:00	COM VÍTIMA	CANCELADA	IBURA	LAD DA COHAB	388	""	PROXIMO A POLICLINICA DO IBURA	IBURA	""	""	""	0,0	1,0	0,0	0,0	0,0	0,0	0,0	0,0	0,0	1,0	0,0	""	""	""	""	""	""	""	""	""	""	""	""	""
1636	202315727,0	2023-07-08T00:00:00	11:36:00	SEM VÍTIMA	FINALIZADA	SANTO AMARO	AV GOVERNADOR AGAMENON MAGALHAES	111	""	PROXIMO A ACADEMIA DA CIDADE E A IGREJA ASSEMBLEIA DE DEUS	SANTO AMARO	""	CIDADE	""	1,0	0,0	0,0	0,0	0,0	0,0	0,0	1,0	0,0	0,0	0,0	""	""	""	""	""	""	""	""	""	""	""	""	""
1637	202315732,0	2023-07-08T00:00:00	12:43:00	SEM VÍTIMA	FINALIZADA	AGUA FRIA	AV BEBERIBE	""	""	SOB  O SEMAFORO 187	AGUA FRIA	187,0	CIDADE	COLISÃO TRASEIRA	0,0	1,0	0,0	0,0	0,0	0,0	0,0	1,0	0,0	0,0	0,0	""	""	""	""	""	""	""	""	""	""	""	""	""
1638	202315739,0	2023-07-08T00:00:00	02:31:00	COM VÍTIMA	FINALIZADA	BOA VIAGEM	RUA BARAO DE SOUZA LEAO	1000	RUA ALMIRANTE TAMANDARE	E/F AO EDF BARAO DE SOUZA LEAO	BOA VIAGEM	""	""	COLISÃO TRASEIRA	1,0	1,0	0,0	0,0	0,0	0,0	0,0	0,0	0,0	1,0	0,0	""	""	""	""	""	""	""	""	""	""	""	""	""
1639	202315740,0	2023-07-08T00:00:00	02:32:00	COM VÍTIMA	FINALIZADA	CAMPO GRANDE	EST DE BELEM	""	RUA ODORICO MENDES	""	CAMPO GRANDE	26,0	""	CHOQUE	0,0	0,0	0,0	0,0	0,0	0,0	0,0	0,0	0,0	1,0	0,0	""	""	""	""	""	""	""	""	""	""	""	""	""
1640	202315746,0	2023-07-08T00:00:00	03:50:00	COM VÍTIMA	FINALIZADA	ESTANCIA	AV DR JOSE RUFINO	184	""	LADO OPOSTO AO COLÉGIO VISÃO	ESTANCIA	""	""	COLISÃO TRANSVERSAL	1,0	1,0	0,0	0,0	0,0	0,0	0,0	0,0	0,0	1,0	0,0	""	""	""	""	""	""	""	""	""	""	""	""	""
1641	202315752,0	2023-07-08T00:00:00	04:33:00	SEM VÍTIMA	FINALIZADA	TORRE	RUA JORNALISTA LUIZ TEIXEIRA	28	RUA ZILDA S DE SANTANA	""	TORRE	""	SUBURBIO	COLISÃO TRANSVERSAL	1,0	0,0	0,0	0,0	0,0	0,0	0,0	1,0	0,0	0,0	0,0	""	""	""	""	""	""	""	""	""	""	""	""	""
1642	202315782,0	2023-07-09T00:00:00	01:38:00	SEM VÍTIMA	FINALIZADA	SAN MARTIN	RUA APULCRO DE ASSUNCAO	164	""	PRÓXIMO AO MOTEL POUSADA DELÍRIO	SAN MARTIN	""	""	CHOQUE	0,0	0,0	0,0	0,0	0,0	0,0	0,0	0,0	0,0	0,0	0,0	""	""	""	""	""	""	""	""	""	""	""	""	""
1643	202315783,0	2023-07-09T00:00:00	02:46:00	COM VÍTIMA	FINALIZADA	PARNAMIRIM	RUA SEBASTIAO MALTA ARCOVERDE	""	AV RUI BARBOSA	PRÓXIMO AO SHOPPING PARNAMIRIM	PARNAMIRIM	""	""	COLISÃO TRANSVERSAL	2,0	0,0	0,0	0,0	0,0	0,0	0,0	0,0	0,0	2,0	0,0	""	""	""	""	""	""	""	""	""	""	""	""	""
1644	202315802,0	2023-07-09T00:00:00	10:39:00	SEM VÍTIMA	FINALIZADA	SANTO AMARO	RUA DA AMIZADE	180	""	""	SANTO AMARO	""	SUBURBIO	CHOQUE	1,0	0,0	0,0	0,0	0,0	0,0	0,0	0,0	0,0	0,0	0,0	""	""	""	""	""	""	""	""	""	""	""	""	""
1645	202315811,0	2023-07-09T00:00:00	12:09:00	COM VÍTIMA	FINALIZADA	BOA VIAGEM	RUA FRANCISCO DA CUNHA	""	RUA TENENTE JOAO CICERO	EM FRENTE A LANCHONETE PARADA OBRIGATORIA	BOA VIAGEM	""	""	COLISÃO FRONTAL	1,0	1,0	0,0	0,0	0,0	0,0	0,0	0,0	0,0	1,0	0,0	""	""	""	""	""	""	""	""	""	""	""	""	""
1646	202315812,0	2023-07-09T00:00:00	12:15:00	COM VÍTIMA	FINALIZADA	CACOTE	AV RECIFE	""	""	ATACADAO	CACOTE	""	""	COLISÃO TRASEIRA	2,0	0,0	0,0	0,0	0,0	0,0	0,0	0,0	0,0	1,0	0,0	""	""	""	""	""	""	""	""	""	""	""	""	""
1647	202315848,0	2023-07-10T00:00:00	06:51:00	COM VÍTIMA	FINALIZADA	BOA VIAGEM	RUA ERNESTO DE PAULA SANTOS	1368	""	PROX. AO POSTO BR E TAPÊ SUSHI	BOA VIAGEM	""	""	COLISÃO LATERAL	1,0	1,0	0,0	0,0	0,0	0,0	0,0	0,0	0,0	1,0	0,0	""	""	""	""	""	""	""	""	""	""	""	""	""
1648	202315851,0	2023-07-10T00:00:00	07:17:00	COM VÍTIMA	FINALIZADA	BAIRRO DO RECIFE	AV RIO BRANCO	""	CAIS DO APOLO	EM FRENTE AO BANCO DO BRASIL	BAIRRO DO RECIFE	19,0	""	ATROPELAMENTO DE PESSOA	0,0	0,0	0,0	0,0	1,0	1,0	0,0	0,0	0,0	1,0	0,0	""	""	""	""	""	""	""	""	""	""	""	""	""
1649	202315874,0	2023-07-10T00:00:00	11:28:00	COM VÍTIMA	FINALIZADA	MADALENA	AV BEIRA RIO	879	""	EM FRENTE AO EDF. 4 ESTAÇÕES	MADALENA	""	""	COLISÃO LATERAL	1,0	1,0	0,0	0,0	0,0	0,0	0,0	0,0	0,0	1,0	0,0	""	""	""	""	""	""	""	""	""	""	""	""	""
1650	202315881,0	2023-07-10T00:00:00	01:19:00	SEM VÍTIMA	FINALIZADA	SANTO AMARO	AV GOVERNADOR AGAMENON MAGALHAES	""	""	SOB O SEMÁFORO Nº 049	SANTO AMARO	49,0	""	""	1,0	0,0	0,0	0,0	0,0	1,0	0,0	0,0	0,0	0,0	0,0	""	""	""	""	""	""	""	""	""	""	""	""	""
1651	202315885,0	2023-07-10T00:00:00	02:26:00	COM VÍTIMA	FINALIZADA	AREIAS	AV RECIFE	727	""	LOGO APOS O CARREFOUR	AREIAS	""	SUBURBIO	COLISÃO TRASEIRA	1,0	1,0	0,0	0,0	0,0	0,0	0,0	0,0	0,0	1,0	0,0	""	""	""	""	""	""	""	""	""	""	""	""	""
1652	202315901,0	2023-07-10T00:00:00	05:11:00	COM VÍTIMA	FINALIZADA	CORDEIRO	AV GENERAL SAN MARTIN	""	""	E/F AO HGV	CORDEIRO	""	""	COLISÃO COM CICLISTA	1,0	0,0	0,0	1,0	0,0	0,0	0,0	0,0	0,0	1,0	0,0	""	""	""	""	""	""	""	""	""	""	""	""	""
1653	202315913,0	2023-07-10T00:00:00	07:01:00	COM VÍTIMA	FINALIZADA	JAQUEIRA	AV RUI BARBOSA	""	""	EM FRENTE AO PARQUE DA JAQUEIRA	JAQUEIRA	""	""	COLISÃO LATERAL	1,0	1,0	0,0	0,0	0,0	0,0	0,0	0,0	0,0	1,0	0,0	""	""	""	""	""	""	""	""	""	""	""	""	""
1654	202315916,0	2023-07-10T00:00:00	10:13:00	COM VÍTIMA	FINALIZADA	MADALENA	RUA REAL DA TORRE	""	RUA JOSE OSORIO	""	MADALENA	""	""	COLISÃO LATERAL	0,0	2,0	0,0	0,0	0,0	0,0	0,0	0,0	0,0	2,0	0,0	""	""	""	""	""	""	""	""	""	""	""	""	""
1655	202315937,0	2023-07-11T00:00:00	07:41:00	COM VÍTIMA	FINALIZADA	BOA VISTA	RUA BARAO DE SAO BORJA	""	RUA JOSE DE ALENCAR	PROX AO POSTO DE SAUDE GOUVEIA DE BARROS	BOA VISTA	""	""	COLISÃO LATERAL	2,0	0,0	0,0	0,0	0,0	0,0	0,0	0,0	0,0	3,0	0,0	""	""	""	""	""	""	""	""	""	""	""	""	""
1656	202315942,0	2023-07-11T00:00:00	08:10:00	COM VÍTIMA	FINALIZADA	IBURA	AV DOIS RIOS	889	""	""	IBURA	""	""	COLISÃO LATERAL	1,0	1,0	0,0	0,0	0,0	0,0	0,0	0,0	0,0	1,0	0,0	""	""	""	""	""	""	""	""	""	""	""	""	""
1657	202315945,0	2023-07-11T00:00:00	08:12:00	COM VÍTIMA	FINALIZADA	VARZEA	AV AFONSO OLINDENSE	1004	""	EM FRENTE A LOJA TRES IRMÃS	VARZEA	""	""	COLISÃO COM CICLISTA	1,0	0,0	0,0	1,0	0,0	0,0	0,0	0,0	0,0	1,0	0,0	""	""	""	""	""	""	""	""	""	""	""	""	""
1658	202315947,0	2023-07-11T00:00:00	08:42:00	COM VÍTIMA	FINALIZADA	BEBERIBE	AV BEBERIBE	927	""	EM FRENTE CONSSESIONARIA DE CARROS DISNOVE	BEBERIBE	""	""	COLISÃO LATERAL	1,0	1,0	0,0	0,0	0,0	0,0	0,0	0,0	0,0	1,0	0,0	""	""	""	""	""	""	""	""	""	""	""	""	""
1659	202315949,0	2023-07-11T00:00:00	09:08:00	SEM VÍTIMA	FINALIZADA	AFOGADOS	RUA PADRE TEOFILO TWORZ	""	""	PRÓXIMO A TUPAN	AFOGADOS	""	CIDADE	COLISÃO TRASEIRA	2,0	0,0	0,0	0,0	0,0	0,0	0,0	0,0	0,0	0,0	0,0	""	""	""	""	""	""	""	""	""	""	""	""	""
1660	202315971,0	2023-07-11T00:00:00	11:05:00	COM VÍTIMA	FINALIZADA	AFOGADOS	RUA DA PAZ	388	""	EM FRENTE A FIGUEIRAS CALÇADOS	AFOGADOS	""	""	ATROPELAMENTO DE PESSOA	0,0	1,0	0,0	0,0	2,0	0,0	0,0	0,0	0,0	2,0	0,0	""	""	""	""	""	""	""	""	""	""	""	""	""
1661	202315978,0	2023-07-11T00:00:00	11:32:00	COM VÍTIMA	FINALIZADA	TAMARINEIRA	AV NORTE MIGUEL ARRAES DE ALENCAR	""	RUA DA MANGABEIRA	PROXIMO AO ESTACIONAMENTO SESC DE CASA AMARELA	TAMARINEIRA	""	""	COLISÃO LATERAL	0,0	1,0	0,0	0,0	0,0	0,0	1,0	0,0	0,0	1,0	0,0	""	""	""	""	""	""	""	""	""	""	""	""	""
1662	202315981,0	2023-07-11T00:00:00	12:13:00	COM VÍTIMA	FINALIZADA	IMBIRIBEIRA	RUA ARQUITETO LUIZ NUNES	""	""	AO LADO DA GALERIA CENTER ARACA /PROX A PADARIA MAGIA DOS PAES	IMBIRIBEIRA	""	""	COLISÃO FRONTAL	1,0	1,0	0,0	0,0	0,0	0,0	0,0	0,0	0,0	1,0	0,0	""	""	""	""	""	""	""	""	""	""	""	""	""
1663	202315982,0	2023-07-11T00:00:00	12:15:00	COM VÍTIMA	FINALIZADA	ARRUDA	RUA SETE PECADOS	169	""	ESQUINA COM A LOCAPE ,NA RUA DO CANAL DA CONCTRUÇÃO	ARRUDA	""	""	COLISÃO LATERAL	0,0	1,0	0,0	0,0	0,0	0,0	0,0	0,0	0,0	1,0	0,0	""	""	""	""	""	""	""	""	""	""	""	""	""
1664	202315991,0	2023-07-11T00:00:00	01:34:00	COM VÍTIMA	FINALIZADA	BOA VISTA	AV JOAO DE BARROS	""	AV VISCONDE DE SUASSUNA	PROX AO QUARTEL DOS BOMBEIROS	BOA VISTA	""	""	COLISÃO FRONTAL	1,0	1,0	0,0	0,0	0,0	0,0	0,0	0,0	0,0	2,0	0,0	""	""	""	""	""	""	""	""	""	""	""	""	""
1665	202316003,0	2023-07-11T00:00:00	05:03:00	COM VÍTIMA	FINALIZADA	ARRUDA	AV BEBERIBE	""	""	LOJA DE VEÍCULOS IPIRANGA	ARRUDA	""	SUBURBIO	COLISÃO COM CICLISTA	0,0	1,0	0,0	1,0	0,0	0,0	0,0	0,0	0,0	1,0	0,0	""	""	""	""	""	""	""	""	""	""	""	""	""
1666	202316014,0	2023-07-11T00:00:00	05:42:00	COM VÍTIMA	FINALIZADA	MADALENA	AV CAXANGA	""	""	NO SEMAFORO 051 ENTRE A O BOMPREÇO E A  VERDE FRUTI	MADALENA	""	""	COLISÃO LATERAL	0,0	2,0	0,0	0,0	0,0	0,0	0,0	0,0	0,0	2,0	0,0	""	""	""	""	""	""	""	""	""	""	""	""	""
1667	202316020,0	2023-07-11T00:00:00	06:20:00	COM VÍTIMA	FINALIZADA	ENCRUZILHADA	AV NORTE MIGUEL ARRAES DE ALENCAR	""	RUA DR JOSE MARIA	SEMÁFORO 045	ENCRUZILHADA	""	""	ATROPELAMENTO DE PESSOA	0,0	0,0	0,0	1,0	0,0	1,0	0,0	0,0	0,0	1,0	0,0	""	""	""	""	""	""	""	""	""	""	""	""	""
1668	202316027,0	2023-07-11T00:00:00	07:05:00	SEM VÍTIMA	FINALIZADA	SAO JOSE	PTE GIRATORIA	""	""	""	SAO JOSE	""	SUBURBIO	COLISÃO TRASEIRA	3,0	0,0	0,0	0,0	0,0	0,0	0,0	0,0	0,0	0,0	0,0	""	""	""	""	""	""	""	""	""	""	""	""	""
1669	202316064,0	2023-07-12T00:00:00	08:32:00	COM VÍTIMA	FINALIZADA	MUSTARDINHA	RUA NETO CAMPELO JUNIOR	34	""	PROX A PRAÇA DO ABC	MUSTARDINHA	""	""	QUEDA	0,0	1,0	0,0	0,0	0,0	0,0	0,0	0,0	0,0	1,0	0,0	""	""	""	""	""	""	""	""	""	""	""	""	""
1670	202316070,0	2023-07-12T00:00:00	09:19:00	COM VÍTIMA	FINALIZADA	CABANGA	AV ANTONIO DE GOES	1334	""	PROX IATE CLUBE CABANGA	CABANGA	""	""	""	0,0	1,0	0,0	0,0	0,0	0,0	0,0	0,0	0,0	1,0	0,0	""	""	""	""	""	""	""	""	""	""	""	""	""
1671	202316072,0	2023-07-12T00:00:00	11:38:00	COM VÍTIMA	FINALIZADA	ARRUDA	RUA DA REGENERACAO	""	""	EM FRENTE AO EDIFICIO EL DOURADO / PROX AO PONTO DE RECICLAGEM	ARRUDA	""	""	COLISÃO LATERAL	0,0	2,0	0,0	0,0	0,0	0,0	0,0	0,0	0,0	2,0	0,0	""	""	""	""	""	""	""	""	""	""	""	""	""
1672	202316083,0	2023-07-12T00:00:00	11:45:00	COM VÍTIMA	FINALIZADA	BOA VIAGEM	AV ENGENHEIRO DOMINGOS FERREIRA	2589	""	EMPRESARIAL ALEXANDRE DE CASTRO E SILVA	BOA VIAGEM	""	""	ATROPELAMENTO DE PESSOA	1,0	0,0	0,0	0,0	1,0	0,0	0,0	0,0	0,0	1,0	0,0	""	""	""	""	""	""	""	""	""	""	""	""	""
1673	202316084,0	2023-07-12T00:00:00	11:45:00	SEM VÍTIMA	FINALIZADA	BOA VISTA	RUA BARAO DE SAO BORJA	308	RUA DA SOLEDADE	EM FRENTE A ESCOLA MUNICIPAL PEDRO AUGUSTO	BOA VISTA	""	CIDADE	""	1,0	0,0	0,0	0,0	0,0	1,0	0,0	0,0	0,0	0,0	0,0	""	""	""	""	""	""	""	""	""	""	""	""	""
1674	202316091,0	2023-07-12T00:00:00	01:06:00	SEM VÍTIMA	FINALIZADA	ESPINHEIRO	RUA VENEZUELA	85	""	AO LADO DO CREA	ESPINHEIRO	""	CIDADE	CHOQUE	2,0	0,0	0,0	0,0	0,0	0,0	0,0	0,0	0,0	0,0	0,0	""	""	""	""	""	""	""	""	""	""	""	""	""
1675	202316103,0	2023-07-12T00:00:00	03:08:00	COM VÍTIMA	FINALIZADA	CASA FORTE	AV DEZESSETE DE AGOSTO	452	""	E/F A CONCESSIONARIA ALBUQUERQUE MOTO PROX AO AÇUDE	CASA FORTE	""	""	COLISÃO TRASEIRA	1,0	1,0	0,0	0,0	0,0	0,0	0,0	0,0	0,0	1,0	0,0	""	""	""	""	""	""	""	""	""	""	""	""	""
1676	202316118,0	2023-07-12T00:00:00	06:05:00	SEM VÍTIMA	FINALIZADA	SANTO AMARO	AV GOVERNADOR AGAMENON MAGALHAES	684	""	SOB O SEMÁFORO 684	SANTO AMARO	684,0	SUBURBIO	COLISÃO TRASEIRA	1,0	0,0	0,0	0,0	0,0	0,0	0,0	1,0	0,0	0,0	0,0	""	""	""	""	""	""	""	""	""	""	""	""	""
1677	202316125,0	2023-07-12T00:00:00	07:47:00	COM VÍTIMA	FINALIZADA	MACAXEIRA	AV NORTE MIGUEL ARRAES DE ALENCAR	""	""	PROXIMO AO TERMINAL INTEGRADO DA MACAXEIRA	MACAXEIRA	""	""	COLISÃO LATERAL	0,0	0,0	0,0	0,0	0,0	0,0	0,0	0,0	0,0	1,0	0,0	""	""	""	""	""	""	""	""	""	""	""	""	""
1678	202316130,0	2023-07-12T00:00:00	09:47:00	COM VÍTIMA	FINALIZADA	ROSARINHO	AV SANTOS DUMONT	""	RUA DR JOSE MARIA	PRÓXIMO A CASA ROSADA	ROSARINHO	""	""	COLISÃO LATERAL	1,0	1,0	0,0	0,0	0,0	0,0	0,0	0,0	0,0	1,0	0,0	""	""	""	""	""	""	""	""	""	""	""	""	""
1679	202316132,0	2023-07-13T00:00:00	12:45:00	COM VÍTIMA	FINALIZADA	SAO JOSE	AV DANTAS BARRETO	""	RUA SIQUEIRA CAMPOS	PRÓXIMO AO ANTIGO INSS	SAO JOSE	""	""	COLISÃO LATERAL	0,0	0,0	0,0	0,0	0,0	2,0	0,0	0,0	0,0	3,0	0,0	""	""	""	""	""	""	""	""	""	""	""	""	""
1680	202316153,0	2023-07-13T00:00:00	07:42:00	COM VÍTIMA	FINALIZADA	ILHA JOANA BEZERRA	RUA AGUA DOCE	""	""	EM FRENTE A ACADEMIA DA CIDADE SENT. TERMINAL JOANA BEZERRA	ILHA JOANA BEZERRA	""	""	COLISÃO LATERAL	1,0	1,0	0,0	0,0	0,0	0,0	0,0	0,0	0,0	2,0	0,0	""	""	""	""	""	""	""	""	""	""	""	""	""
1681	202316158,0	2023-07-13T00:00:00	08:41:00	COM VÍTIMA	FINALIZADA	SAN MARTIN	AV ENGENHEIRO ABDIAS DE CARVALHO	""	""	AO LADO DO COMPAZ / E PROX AO ATACAREJO SUPERMRCADO	SAN MARTIN	""	""	QUEDA	0,0	1,0	0,0	0,0	0,0	0,0	0,0	0,0	0,0	1,0	0,0	""	""	""	""	""	""	""	""	""	""	""	""	""
1682	202316164,0	2023-07-13T00:00:00	09:50:00	COM VÍTIMA	FINALIZADA	IPUTINGA	AV CAXANGA	""	""	EM FRENTE A CAXANGA VEÍCULOS / AO LADO DA LOJA DA L2 AUTOMOVEIS	IPUTINGA	""	""	COLISÃO LATERAL	0,0	1,0	0,0	0,0	0,0	0,0	1,0	0,0	0,0	1,0	0,0	""	""	""	""	""	""	""	""	""	""	""	""	""
1683	202316168,0	2023-07-13T00:00:00	10:23:00	COM VÍTIMA	FINALIZADA	BOA VIAGEM	AV BOA VIAGEM	328	""	PROX. AO HY BEACH FLATS	BOA VIAGEM	""	""	COLISÃO LATERAL	1,0	1,0	0,0	0,0	0,0	0,0	0,0	0,0	0,0	1,0	0,0	""	""	""	""	""	""	""	""	""	""	""	""	""