_id	Protocolo	data	hora	natureza	situacao	bairro	endereco	numero	detalhe_endereco_acidente	complemento	bairro_cruzamento	num_semaforo	sentido_via	tipo	auto	moto	ciclom	ciclista	pedestre	onibus	caminhao	viatura	outros	vitimas	vitimasfatais	acidente_verificado	tempo_clima	situacao_semaforo	sinalizacao	condicao_via	conservacao_via	ponto_controle	situacao_placa	velocidade_max_via	mao_direcao	divisao_via1	divisao_via2	divisao_via3
1889	202317289,0	2023-07-28T00:00:00	02:11:00	COM VÍTIMA	FINALIZADA	BRASILIA TEIMOSA	AV BRASILIA FORMOSA	4	""	PROX  AO IATE CLUBE   E/F AO QUIOSQUE DO CABO	BRASILIA TEIMOSA	""	""	ATROPELAMENTO DE PESSOA	0,0	1,0	0,0	0,0	1,0	0,0	0,0	0,0	0,0	1,0	0,0	""	""	""	""	""	""	""	""	""	""	""	""	""
1890	202317290,0	2023-07-28T00:00:00	02:21:00	COM VÍTIMA	FINALIZADA	SAO JOSE	AV DANTAS BARRETO	""	RUA SAO JOAO	EM FRENTE AO EDIFICIO SAN RAFAEL	SAO JOSE	54,0	""	ATROPELAMENTO DE PESSOA	1,0	0,0	0,0	0,0	1,0	0,0	0,0	0,0	0,0	1,0	0,0	""	""	""	""	""	""	""	""	""	""	""	""	""
1891	202317291,0	2023-07-28T00:00:00	02:35:00	SEM VÍTIMA	FINALIZADA	AREIAS	AV RECIFE	898	""	APOS A FARMACIA  PAGUE MENOS  E A CHURRASCARIA   PAJUÇARA S/T BOA VIAGEM	AREIAS	""	""	COLISÃO TRASEIRA	1,0	0,0	0,0	0,0	0,0	0,0	1,0	0,0	0,0	0,0	0,0	""	""	""	""	""	""	""	""	""	""	""	""	""
1892	202317303,0	2023-07-28T00:00:00	04:07:00	VÍTIMA FATAL	FINALIZADA	CAXANGA	AV CAXANGA	2900	""	MERCADO EXTRA	CAXANGA	""	""	COLISÃO LATERAL	0,0	1,0	0,0	0,0	0,0	1,0	0,0	0,0	0,0	0,0	1,0	""	""	""	""	""	""	""	""	""	""	""	""	""
1893	202317304,0	2023-07-28T00:00:00	04:15:00	COM VÍTIMA	FINALIZADA	IBURA	RUA SANTA LEOPOLDINA	135	""	PROX AO ESCRITORIO BAR DO IBURA DE BAIXO  PROX AV DOIS RIOS	IBURA	""	""	COLISÃO LATERAL	0,0	1,0	0,0	0,0	0,0	0,0	0,0	0,0	0,0	1,0	0,0	""	""	""	""	""	""	""	""	""	""	""	""	""
1894	202317316,0	2023-07-28T00:00:00	08:16:00	COM VÍTIMA	CANCELADA	VARZEA	RUA GENERAL POLIDORO	253	""	EM FRENTE A ACADEMIA UNIT	VARZEA	""	""	COLISÃO FRONTAL	0,0	0,0	0,0	0,0	0,0	0,0	0,0	0,0	0,0	1,0	0,0	""	""	""	""	""	""	""	""	""	""	""	""	""
1895	202317323,0	2023-07-28T00:00:00	10:19:00	COM VÍTIMA	FINALIZADA	HIPODROMO	RUA MARQUES DE BAIPENDI	1115	""	PRÓXIMO A PRAÇA MENDES SÁ	HIPODROMO	""	""	COLISÃO LATERAL	0,0	1,0	0,0	0,0	0,0	0,0	0,0	0,0	0,0	1,0	0,0	""	""	""	""	""	""	""	""	""	""	""	""	""
1896	202317330,0	2023-07-29T00:00:00	05:11:00	SEM VÍTIMA	FINALIZADA	IMBIRIBEIRA	AV MARECHAL MASCARENHAS DE MORAES	""	""	COM A ARUA JAMAIACA	IMBIRIBEIRA	""	""	COLISÃO TRASEIRA	1,0	1,0	0,0	0,0	0,0	0,0	0,0	0,0	0,0	0,0	0,0	""	""	""	""	""	""	""	""	""	""	""	""	""
1897	202317355,0	2023-07-29T00:00:00	10:57:00	COM VÍTIMA	FINALIZADA	SANTO AMARO	AV GOVERNADOR AGAMENON MAGALHAES	""	""	AO LADO SHOPPING TACARUNA / SENTIDO RECIFE	SANTO AMARO	""	""	COLISÃO FRONTAL	0,0	1,0	0,0	0,0	0,0	0,0	0,0	0,0	0,0	1,0	0,0	""	""	""	""	""	""	""	""	""	""	""	""	""
1898	202317366,0	2023-07-29T00:00:00	02:25:00	COM VÍTIMA	FINALIZADA	BOA VIAGEM	RUA SIDERAL	358	""	PROXIMO AO RESTAURANTE DONA GULA	BOA VIAGEM	""	""	COLISÃO LATERAL	0,0	0,0	0,0	0,0	0,0	0,0	0,0	0,0	0,0	1,0	0,0	""	""	""	""	""	""	""	""	""	""	""	""	""
1899	202317388,0	2023-07-29T00:00:00	07:07:00	COM VÍTIMA	FINALIZADA	TAMARINEIRA	RUA CONEGO BARATA	718	""	PRÓXIMO AO DNOCS	TAMARINEIRA	""	""	COLISÃO TRANSVERSAL	0,0	2,0	0,0	0,0	0,0	0,0	0,0	0,0	0,0	1,0	0,0	""	""	""	""	""	""	""	""	""	""	""	""	""
1900	202317389,0	2023-07-29T00:00:00	07:16:00	COM VÍTIMA	FINALIZADA	MADALENA	RUA JOAO IVO DA SILVA	1528	""	APOS O TUNEL DA ABOLIÇÃO,  PROX AO POSTO DE GASOLINA	MADALENA	""	""	COLISÃO TRANSVERSAL	1,0	1,0	0,0	0,0	0,0	0,0	0,0	0,0	0,0	2,0	0,0	""	""	""	""	""	""	""	""	""	""	""	""	""
1901	202317392,0	2023-07-29T00:00:00	08:05:00	COM VÍTIMA	FINALIZADA	ARRUDA	RUA DAS MOCAS	859	RUA ZEFERINO AGRA	EM FRENTE A COMEDORIA CACULÉ	ARRUDA	""	""	COLISÃO LATERAL	1,0	1,0	0,0	0,0	0,0	0,0	0,0	0,0	0,0	1,0	0,0	""	""	""	""	""	""	""	""	""	""	""	""	""
1902	202317396,0	2023-07-29T00:00:00	09:12:00	SEM VÍTIMA	CANCELADA	IBURA	AV DOIS RIOS	""	""	EM FRENTE A AUTO ESCOLA PILOTO	IBURA	""	""	COLISÃO TRASEIRA	2,0	0,0	0,0	0,0	0,0	0,0	0,0	0,0	0,0	0,0	0,0	""	""	""	""	""	""	""	""	""	""	""	""	""
1903	202317432,0	2023-07-30T00:00:00	12:16:00	COM VÍTIMA	FINALIZADA	MANGABEIRA	AV NORTE MIGUEL ARRAES DE ALENCAR	6067	""	RUA TENENTE GONÇALVES E/F AO SESC DA AV NORTE	MANGABEIRA	""	SUBURBIO	COLISÃO LATERAL	0,0	1,0	0,0	0,0	0,0	0,0	0,0	0,0	0,0	1,0	0,0	""	""	""	""	""	""	""	""	""	""	""	""	""
1904	202317433,0	2023-07-30T00:00:00	12:18:00	COM VÍTIMA	FINALIZADA	ALTO SANTA TERESINHA	AV ANIBAL BENEVOLO	867	""	APOS O COMPAZ DO ALTO SANTA TEREZINHA PROX AO ANTIGO MERDINHIO PASSIRA PROX A RUA DA FEIRA	ALTO SANTA TERESINHA	""	""	COLISÃO LATERAL	0,0	1,0	0,0	0,0	0,0	0,0	0,0	0,0	0,0	1,0	0,0	""	""	""	""	""	""	""	""	""	""	""	""	""
1905	202317435,0	2023-07-30T00:00:00	12:52:00	COM VÍTIMA	FINALIZADA	JORDAO	RUA NOVA CANAA	24	""	PX AO TERMINAL DO JORDAO BAIXO E AO SUPEMRERCADO ECONOMICO	JORDAO	""	""	COLISÃO FRONTAL	1,0	1,0	0,0	0,0	0,0	0,0	0,0	0,0	0,0	2,0	0,0	""	""	""	""	""	""	""	""	""	""	""	""	""
1906	202317451,0	2023-07-30T00:00:00	05:49:00	COM VÍTIMA	FINALIZADA	BOA VIAGEM	RUA CAMBOIM	210	RUA DEZ DE JULHO	EM FRENTE A MEISO CRISTAL ,PROX A ESTAÇÃO DO METRO DO AEROPORTO	BOA VIAGEM	""	SUBURBIO	COLISÃO FRONTAL	1,0	1,0	0,0	0,0	0,0	0,0	0,0	0,0	0,0	1,0	0,0	""	""	""	""	""	""	""	""	""	""	""	""	""
1907	202317454,0	2023-07-30T00:00:00	07:33:00	COM VÍTIMA	FINALIZADA	BOA VIAGEM	RUA CAMBOIM	639	""	PROX. AO RESTAURANTE MANIA CASEIRA	BOA VIAGEM	""	""	COLISÃO LATERAL	0,0	1,0	0,0	0,0	0,0	0,0	0,0	0,0	0,0	1,0	0,0	""	""	""	""	""	""	""	""	""	""	""	""	""
1908	202317455,0	2023-07-30T00:00:00	08:09:00	COM VÍTIMA	FINALIZADA	VARZEA	AV AFONSO OLINDENSE	""	""	PRÓXIMO A LOMBADA ELETRÔNICA	VARZEA	""	""	COLISÃO LATERAL	1,0	1,0	0,0	0,0	0,0	0,0	0,0	0,0	0,0	1,0	0,0	""	""	""	""	""	""	""	""	""	""	""	""	""
1909	202317456,0	2023-07-30T00:00:00	08:16:00	COM VÍTIMA	FINALIZADA	VASCO DA GAMA	RUA VASCO DA GAMA	1538	""	PROXIMO AO SESI DO VASCO	VASCO DA GAMA	""	""	COLISÃO LATERAL	0,0	1,0	0,0	0,0	0,0	0,0	0,0	0,0	0,0	1,0	0,0	""	""	""	""	""	""	""	""	""	""	""	""	""
1910	202317457,0	2023-07-30T00:00:00	10:24:00	COM VÍTIMA	FINALIZADA	BOA VIAGEM	RUA ATLANTICO	69	""	CONDOMINIO ESTUDIO EVERESTI	BOA VIAGEM	""	""	COLISÃO FRONTAL	3,0	0,0	0,0	0,0	0,0	0,0	0,0	0,0	0,0	1,0	0,0	""	""	""	""	""	""	""	""	""	""	""	""	""
1911	202317458,0	2023-07-30T00:00:00	11:32:00	COM VÍTIMA	FINALIZADA	IPUTINGA	1TR SANTA LUCIA	73	""	PROXIMO AO FITEIRO DO DOUGLAS	IPUTINGA	""	""	COLISÃO LATERAL	0,0	1,0	0,0	0,0	0,0	0,0	0,0	0,0	0,0	1,0	0,0	""	""	""	""	""	""	""	""	""	""	""	""	""
1912	202317470,0	2023-07-31T00:00:00	08:08:00	COM VÍTIMA	FINALIZADA	SANTO ANTONIO	RUA IMPERADOR PEDRO SEGUNDO	167	""	EM FRENTE A SECRETÁRIA DA FAZENDA	SANTO ANTONIO	""	""	COLISÃO LATERAL	1,0	1,0	0,0	0,0	0,0	0,0	0,0	0,0	0,0	1,0	0,0	""	""	""	""	""	""	""	""	""	""	""	""	""
1913	202317475,0	2023-07-31T00:00:00	09:10:00	COM VÍTIMA	FINALIZADA	AREIAS	RUA CARUARU	22	""	PRAÇA DA LAVADEIRAS	AREIAS	""	""	COLISÃO LATERAL	1,0	1,0	0,0	0,0	0,0	0,0	0,0	0,0	0,0	1,0	0,0	""	""	""	""	""	""	""	""	""	""	""	""	""
1914	202317477,0	2023-07-31T00:00:00	09:51:00	COM VÍTIMA	FINALIZADA	SANTO AMARO	RUA TREZE DE MAIO	975	""	PX A BORRACHARIA MODESTO RUA DO SESC SENTIDO AVENIDA NORTE	SANTO AMARO	""	""	COLISÃO LATERAL	1,0	1,0	0,0	0,0	0,0	0,0	0,0	0,0	0,0	1,0	0,0	""	""	""	""	""	""	""	""	""	""	""	""	""
1915	202317480,0	2023-07-31T00:00:00	10:08:00	COM VÍTIMA	FINALIZADA	ILHA DO LEITE	AV GOVERNADOR AGAMENON MAGALHAES	89	""	EM FRENTE AO HOSPITAL PORTUGUES	ILHA DO LEITE	""	""	COLISÃO LATERAL	0,0	1,0	0,0	0,0	0,0	0,0	0,0	0,0	0,0	1,0	0,0	""	""	""	""	""	""	""	""	""	""	""	""	""
1916	202317504,0	2023-07-31T00:00:00	02:48:00	COM VÍTIMA	FINALIZADA	SANTO AMARO	RUA TREZE DE MAIO	1981	""	BORRACHARIA MODESTO	SANTO AMARO	""	""	COLISÃO LATERAL	0,0	0,0	0,0	0,0	0,0	0,0	0,0	0,0	0,0	1,0	0,0	""	""	""	""	""	""	""	""	""	""	""	""	""
1917	202317505,0	2023-07-31T00:00:00	03:01:00	COM VÍTIMA	FINALIZADA	SANTO AMARO	AV CRUZ CABUGA	""	""	ASSEMBLEIA DE DEUS/ESTAÇÃO BRT	SANTO AMARO	""	""	COLISÃO LATERAL	0,0	0,0	0,0	0,0	0,0	0,0	0,0	0,0	0,0	1,0	0,0	""	""	""	""	""	""	""	""	""	""	""	""	""
1918	202317515,0	2023-07-31T00:00:00	05:59:00	COM VÍTIMA	FINALIZADA	IBURA	RUA RIO UNA	471	""	AUTO ESCOLA ARCO IRIS	IBURA	""	""	COLISÃO LATERAL	0,0	0,0	0,0	0,0	0,0	0,0	0,0	0,0	0,0	1,0	0,0	""	""	""	""	""	""	""	""	""	""	""	""	""
1919	202317516,0	2023-07-31T00:00:00	06:16:00	COM VÍTIMA	FINALIZADA	IMBIRIBEIRA	AV MARECHAL MASCARENHAS DE MORAES	""	""	EM FRENTE A UNIVERSO / SENTIDO AEROPORTO	IMBIRIBEIRA	""	""	ATROPELAMENTO DE PESSOA	0,0	1,0	0,0	0,0	1,0	0,0	0,0	0,0	0,0	1,0	0,0	""	""	""	""	""	""	""	""	""	""	""	""	""
1920	202317517,0	2023-07-31T00:00:00	06:23:00	COM VÍTIMA	FINALIZADA	IBURA	AV JORNALISTA COSTA PORTO	853	""	COMPESA	IBURA	""	""	COLISÃO LATERAL	0,0	0,0	0,0	0,0	0,0	0,0	0,0	0,0	0,0	1,0	0,0	""	""	""	""	""	""	""	""	""	""	""	""	""
1921	202317525,0	2023-07-31T00:00:00	07:22:00	COM VÍTIMA	CANCELADA	BAIRRO DO RECIFE	AV ALFREDO LISBOA	1152	""	PROXIMO A RECEITA FEDERAL	BAIRRO DO RECIFE	""	""	COLISÃO LATERAL	3,0	1,0	0,0	0,0	0,0	0,0	0,0	0,0	0,0	1,0	0,0	""	""	""	""	""	""	""	""	""	""	""	""	""
1922	202317527,0	2023-07-31T00:00:00	07:48:00	COM VÍTIMA	FINALIZADA	AREIAS	AV TAPAJOS	642	""	APOS O MERCADINHO FIGUEROA	AREIAS	""	""	COLISÃO LATERAL	1,0	1,0	0,0	0,0	0,0	0,0	0,0	0,0	0,0	1,0	0,0	""	""	""	""	""	""	""	""	""	""	""	""	""
1923	202317528,0	2023-07-31T00:00:00	08:49:00	COM VÍTIMA	CANCELADA	TAMARINEIRA	RUA CONEGO BARATA	411	""	EM FRENTE AO HOSPITAL ULISSES	TAMARINEIRA	""	""	COLISÃO LATERAL	1,0	1,0	0,0	0,0	0,0	0,0	0,0	0,0	0,0	1,0	0,0	""	""	""	""	""	""	""	""	""	""	""	""	""
1924	202317530,0	2023-07-31T00:00:00	09:22:00	COM VÍTIMA	FINALIZADA	ARRUDA	AV PROFESSOR JOSE DOS ANJOS	2168	""	PROXIMO AO ANTIGO DNOCS	ARRUDA	""	""	COLISÃO TRASEIRA	0,0	2,0	0,0	0,0	0,0	0,0	0,0	0,0	0,0	1,0	0,0	""	""	""	""	""	""	""	""	""	""	""	""	""
1925	202317531,0	2023-07-31T00:00:00	09:23:00	COM VÍTIMA	CANCELADA	VARZEA	RUA CASSILANDIA	433	""	PROXIMO A UNIVERSIDADE FEDERAL	VARZEA	""	""	COLISÃO LATERAL	1,0	1,0	0,0	0,0	0,0	0,0	0,0	0,0	0,0	1,0	0,0	""	""	""	""	""	""	""	""	""	""	""	""	""
1926	202317533,0	2023-07-31T00:00:00	10:32:00	COM VÍTIMA	FINALIZADA	SANTO AMARO	AV GOVERNADOR AGAMENON MAGALHAES	""	""	COM   A RUA  ODORICO MENDES	SANTO AMARO	""	""	ATROPELAMENTO DE PESSOA	1,0	0,0	0,0	0,0	1,0	0,0	0,0	0,0	0,0	1,0	0,0	""	""	""	""	""	""	""	""	""	""	""	""	""
1927	202317534,0	2023-07-31T00:00:00	10:49:00	COM VÍTIMA	FINALIZADA	CASA AMARELA	EST DO ARRAIAL	2672	""	PRÓXIMO AO SITIO DA TRINDADE	CASA AMARELA	""	""	COLISÃO LATERAL	1,0	1,0	0,0	0,0	0,0	0,0	0,0	0,0	0,0	1,0	0,0	""	""	""	""	""	""	""	""	""	""	""	""	""
1928	202317535,0	2023-08-01T00:00:00	12:40:00	COM VÍTIMA	CANCELADA	CASA AMARELA	EST DO ARRAIAL	1646	""	EM  FRENTE A UTI PNEUS	CASA AMARELA	""	""	COLISÃO LATERAL	1,0	1,0	0,0	0,0	0,0	0,0	0,0	0,0	0,0	1,0	0,0	""	""	""	""	""	""	""	""	""	""	""	""	""
1929	202317548,0	2023-08-01T00:00:00	07:42:00	COM VÍTIMA	FINALIZADA	JARDIM SAO PAULO	AV RECIFE	""	""	POSTO IPIRANGA	JARDIM SAO PAULO	704,0	BOA VIAGEM	COLISÃO FRONTAL	0,0	1,0	0,0	0,0	0,0	1,0	0,0	0,0	0,0	1,0	0,0	""	""	""	""	""	""	""	""	""	""	""	""	""
1930	202317559,0	2023-08-01T00:00:00	08:44:00	COM VÍTIMA	FINALIZADA	BOA VIAGEM	AV FERNANDO SIMOES BARBOSA	196	""	PROX AO BAR DO CUSCUZ E PROX EDF SOBRADO IMPERIAL	BOA VIAGEM	""	""	QUEDA	0,0	1,0	0,0	0,0	0,0	0,0	0,0	0,0	0,0	1,0	0,0	""	""	""	""	""	""	""	""	""	""	""	""	""
1931	202317563,0	2023-08-01T00:00:00	09:11:00	SEM VÍTIMA	FINALIZADA	ARRUDA	RUA SAO BENTO	""	""	PROX AO CHINA CABELEREIRO	ARRUDA	""	""	COLISÃO LATERAL	0,0	0,0	0,0	0,0	0,0	1,0	1,0	0,0	0,0	0,0	0,0	""	""	""	""	""	""	""	""	""	""	""	""	""
1932	202317572,0	2023-08-01T00:00:00	11:50:00	SEM VÍTIMA	FINALIZADA	IPSEP	AV RECIFE	1500	""	EM FRENTE A PERNAMBUCO PISCINAS	IPSEP	""	""	ENGAVETAMENTO	4,0	0,0	0,0	0,0	0,0	0,0	0,0	0,0	0,0	0,0	0,0	""	""	""	""	""	""	""	""	""	""	""	""	""
1933	202317577,0	2023-08-01T00:00:00	01:18:00	COM VÍTIMA	FINALIZADA	BARRO	AV DR JOSE RUFINO	2870	""	COLÉGIO CASTELO BRANCO	BARRO	""	""	COLISÃO LATERAL	0,0	0,0	0,0	0,0	0,0	0,0	0,0	0,0	0,0	1,0	0,0	""	""	""	""	""	""	""	""	""	""	""	""	""
1934	202317582,0	2023-08-01T00:00:00	02:19:00	COM VÍTIMA	FINALIZADA	ILHA DO LEITE	RUA FRANCISCO ALVES	364	""	ESTAC. SAN PARK	ILHA DO LEITE	""	""	COLISÃO LATERAL	1,0	1,0	0,0	0,0	0,0	0,0	0,0	0,0	0,0	1,0	0,0	""	""	""	""	""	""	""	""	""	""	""	""	""
1935	202317583,0	2023-08-01T00:00:00	02:19:00	COM VÍTIMA	FINALIZADA	ESPINHEIRO	AV GOVERNADOR AGAMENON MAGALHAES	6608	""	UPE / MINISTÉRIO DO TRABALHO	ESPINHEIRO	""	""	COLISÃO LATERAL	1,0	1,0	0,0	0,0	0,0	0,0	0,0	0,0	0,0	1,0	0,0	""	""	""	""	""	""	""	""	""	""	""	""	""
1936	202317584,0	2023-08-01T00:00:00	02:30:00	SEM VÍTIMA	FINALIZADA	AGUA FRIA	EST VELHA DE AGUA FRIA	1253	""	IGREJA PENTECOSTAL DO BRASIL	AGUA FRIA	""	""	COLISÃO LATERAL	1,0	0,0	0,0	0,0	0,0	0,0	0,0	1,0	0,0	0,0	0,0	""	""	""	""	""	""	""	""	""	""	""	""	""
1937	202317597,0	2023-08-01T00:00:00	04:30:00	COM VÍTIMA	FINALIZADA	BOA VISTA	AV JOAO DE BARROS	1999	""	EM FRENTE A NEO ENERGIA	BOA VISTA	""	""	COLISÃO LATERAL	0,0	0,0	0,0	0,0	0,0	0,0	0,0	0,0	0,0	1,0	0,0	""	""	""	""	""	""	""	""	""	""	""	""	""
1938	202317602,0	2023-08-01T00:00:00	05:14:00	SEM VÍTIMA	FINALIZADA	ALTO SANTA TERESINHA	RUA ALTO JOSE BONIFACIO	2226	""	NO TERMINAL  DE ONIBUS	ALTO SANTA TERESINHA	""	""	COLISÃO TRASEIRA	2,0	0,0	0,0	0,0	0,0	0,0	0,0	0,0	0,0	0,0	0,0	""	""	""	""	""	""	""	""	""	""	""	""	""
1939	202317603,0	2023-08-01T00:00:00	05:15:00	COM VÍTIMA	FINALIZADA	IBURA	AV RECIFE	433	""	ARMAZEM CORAL	IBURA	""	""	COLISÃO LATERAL	0,0	0,0	0,0	0,0	0,0	0,0	0,0	0,0	0,0	1,0	0,0	""	""	""	""	""	""	""	""	""	""	""	""	""
1940	202317612,0	2023-08-01T00:00:00	06:53:00	COM VÍTIMA	FINALIZADA	CAXANGA	AV CAXANGA	2296	""	UPA CAXANGÁ	CAXANGA	""	""	COLISÃO LATERAL	0,0	0,0	0,0	0,0	0,0	0,0	0,0	0,0	0,0	1,0	0,0	""	""	""	""	""	""	""	""	""	""	""	""	""
1941	202317615,0	2023-08-01T00:00:00	07:28:00	COM VÍTIMA	FINALIZADA	CAMPO GRANDE	RUA JERONIMO VILELA	644	""	PRÓXIMO AO MERCADINHO BOM JESUS	CAMPO GRANDE	""	""	ATROPELAMENTO DE PESSOA	0,0	1,0	0,0	0,0	0,0	0,0	0,0	0,0	0,0	1,0	0,0	""	""	""	""	""	""	""	""	""	""	""	""	""
1942	202317623,0	2023-08-02T00:00:00	07:00:00	COM VÍTIMA	FINALIZADA	TORROES	AV ENGENHEIRO ABDIAS DE CARVALHO	5920	""	EM FRENTE A DLT APOS O POSTO DA ABDIAS, E PROX AO POSTO SHELL	TORROES	""	""	COLISÃO FRONTAL	0,0	1,0	0,0	0,0	0,0	0,0	0,0	0,0	0,0	1,0	0,0	""	""	""	""	""	""	""	""	""	""	""	""	""
1943	202317632,0	2023-08-02T00:00:00	08:43:00	COM VÍTIMA	FINALIZADA	ILHA DO RETIRO	RUA TABAIARES	""	""	ED. RITA DE CASIA	ILHA DO RETIRO	""	""	ATROPELAMENTO DE PESSOA	1,0	0,0	0,0	0,0	1,0	0,0	0,0	0,0	0,0	1,0	0,0	""	""	""	""	""	""	""	""	""	""	""	""	""
1944	202317638,0	2023-08-02T00:00:00	09:33:00	COM VÍTIMA	FINALIZADA	SOLEDADE	RUA DO PRINCIPE	682	""	PROX A UNIVERSIDADE A CATOLICA	SOLEDADE	""	""	COLISÃO FRONTAL	0,0	1,0	0,0	0,0	0,0	0,0	0,0	0,0	0,0	1,0	0,0	""	""	""	""	""	""	""	""	""	""	""	""	""
1945	202317645,0	2023-08-02T00:00:00	10:23:00	COM VÍTIMA	FINALIZADA	IPSEP	AV SALDANHA MARINHO	315	""	VINDO PELA AV RECIFE  SENTIDO CIDADE UNIVERSITARIA	IPSEP	""	""	COLISÃO LATERAL	1,0	1,0	0,0	0,0	0,0	0,0	0,0	0,0	0,0	1,0	0,0	""	""	""	""	""	""	""	""	""	""	""	""	""
1946	202317655,0	2023-08-02T00:00:00	12:25:00	COM VÍTIMA	FINALIZADA	NOVA DESCOBERTA	RUA CORREGO DA AREIA	1183	""	PROXIMO A PADARIA ADRIANA E TERMINAL DO CORREGO DA AREIA	NOVA DESCOBERTA	""	""	QUEDA	0,0	1,0	0,0	0,0	0,0	0,0	0,0	0,0	0,0	1,0	0,0	""	""	""	""	""	""	""	""	""	""	""	""	""
1947	202317660,0	2023-08-02T00:00:00	12:47:00	COM VÍTIMA	CANCELADA	CURADO	BR 101 (DENTRO DA CEASA)	""	""	DENTRO DA CEASA/ EM FRENTE A LOJA LIBE10	CURADO	""	""	COLISÃO LATERAL	1,0	2,0	0,0	0,0	1,0	0,0	0,0	0,0	0,0	2,0	0,0	""	""	""	""	""	""	""	""	""	""	""	""	""
1948	202317666,0	2023-08-02T00:00:00	02:03:00	SEM VÍTIMA	FINALIZADA	SANTO ANTONIO	AV MARTINS DE BARROS	""	""	EM FRENTE AO FORUM THOMAZ DE AQUINO	SANTO ANTONIO	""	""	COLISÃO LATERAL	1,0	0,0	0,0	0,0	0,0	0,0	1,0	0,0	0,0	0,0	0,0	""	""	""	""	""	""	""	""	""	""	""	""	""
1949	202317672,0	2023-08-02T00:00:00	02:47:00	SEM VÍTIMA	FINALIZADA	BOA VISTA	RUA JOAO FERNANDES VIEIRA	675	""	EM FRENTE AO HAPVIDA	BOA VISTA	""	""	COLISÃO LATERAL	1,0	0,0	0,0	0,0	0,0	0,0	0,0	1,0	0,0	0,0	0,0	""	""	""	""	""	""	""	""	""	""	""	""	""
1950	202317674,0	2023-08-02T00:00:00	03:15:00	COM VÍTIMA	FINALIZADA	SAO JOSE	AV SUL	1450	""	APOS O PONTILHAO DO METYRO E/F A PORTELA  MATERIAL DE CONSTRUÇOES	SAO JOSE	""	""	COLISÃO TRASEIRA	0,0	2,0	0,0	0,0	0,0	0,0	0,0	0,0	0,0	1,0	0,0	""	""	""	""	""	""	""	""	""	""	""	""	""
1951	202317676,0	2023-08-02T00:00:00	03:21:00	SEM VÍTIMA	DUPLICIDADE	BOA VISTA	AV GOVERNADOR AGAMENON MAGALHAES	675	""	HAPVIDA DO PARQUE AMORIM	BOA VISTA	""	""	COLISÃO LATERAL	1,0	0,0	0,0	0,0	0,0	0,0	0,0	1,0	0,0	0,0	0,0	""	""	""	""	""	""	""	""	""	""	""	""	""
1952	202317677,0	2023-08-02T00:00:00	03:27:00	COM VÍTIMA	FINALIZADA	CASA AMARELA	AV NORTE MIGUEL ARRAES DE ALENCAR	11460	""	ANTES DA IGREJA DO AMOR	CASA AMARELA	""	""	COLISÃO LATERAL	0,0	0,0	0,0	0,0	0,0	0,0	0,0	0,0	0,0	1,0	0,0	""	""	""	""	""	""	""	""	""	""	""	""	""
1953	202317678,0	2023-08-02T00:00:00	03:31:00	COM VÍTIMA	CANCELADA	ESPINHEIRO	RUA SAO SALVADOR	200	""	AO LADO DO HOSPITAL DOS SERVIDORES	ESPINHEIRO	""	""	ATROPELAMENTO DE PESSOA	1,0	0,0	0,0	0,0	1,0	0,0	0,0	0,0	0,0	1,0	0,0	""	""	""	""	""	""	""	""	""	""	""	""	""
1954	202317680,0	2023-08-02T00:00:00	03:35:00	COM VÍTIMA	FINALIZADA	CASA FORTE	AV DEZESSETE DE AGOSTO	1055	""	MCDONALDS	CASA FORTE	""	""	COLISÃO LATERAL	0,0	0,0	0,0	0,0	0,0	0,0	0,0	0,0	0,0	1,0	0,0	""	""	""	""	""	""	""	""	""	""	""	""	""
1955	202317687,0	2023-08-02T00:00:00	04:35:00	COM VÍTIMA	FINALIZADA	DOIS UNIDOS	AV HILDEBRANDO DE VASCONCELOS	1000	""	COLÉGIO F. PESSOA DE QUEIROZ	DOIS UNIDOS	""	""	QUEDA	0,0	0,0	0,0	0,0	0,0	0,0	0,0	0,0	0,0	1,0	0,0	""	""	""	""	""	""	""	""	""	""	""	""	""
1956	202317706,0	2023-08-02T00:00:00	06:52:00	COM VÍTIMA	CANCELADA	IPSEP	AV RECIFE	11135	""	SAL E BRASA	IPSEP	""	""	COLISÃO LATERAL	0,0	1,0	0,0	0,0	0,0	0,0	0,0	0,0	0,0	1,0	0,0	""	""	""	""	""	""	""	""	""	""	""	""	""
1957	202317707,0	2023-08-02T00:00:00	07:52:00	COM VÍTIMA	FINALIZADA	CAXANGA	RUA RIBEIRO PESSOA	""	""	A MAIS OU MENOS A 100 METROS DA UPA DA CAXANGA	CAXANGA	""	""	COLISÃO FRONTAL	0,0	1,0	0,0	0,0	0,0	1,0	0,0	0,0	0,0	1,0	0,0	""	""	""	""	""	""	""	""	""	""	""	""	""
1958	202317708,0	2023-08-02T00:00:00	08:02:00	COM VÍTIMA	FINALIZADA	CORDEIRO	RUA DR JOAO LACERDA	257	""	PRÓXIMO À DHPP	CORDEIRO	""	""	COLISÃO TRANSVERSAL	0,0	1,0	0,0	0,0	0,0	0,0	0,0	0,0	0,0	1,0	0,0	""	""	""	""	""	""	""	""	""	""	""	""	""