_id	Protocolo	data	hora	natureza	situacao	bairro	endereco	numero	detalhe_endereco_acidente	complemento	bairro_cruzamento	num_semaforo	sentido_via	tipo	auto	moto	ciclom	ciclista	pedestre	onibus	caminhao	viatura	outros	vitimas	vitimasfatais	acidente_verificado	tempo_clima	situacao_semaforo	sinalizacao	condicao_via	conservacao_via	ponto_controle	situacao_placa	velocidade_max_via	mao_direcao	divisao_via1	divisao_via2	divisao_via3
1959	202317709,0	2023-08-02T00:00:00	08:04:00	COM VÍTIMA	CANCELADA	MADALENA	RUA JOSE OSORIO	""	""	APÓS O MERC DA MADALENA - E/F À CONCESSIONÁRIA TEIXEIRA	MADALENA	""	""	COLISÃO TRANSVERSAL	0,0	1,0	0,0	0,0	0,0	0,0	0,0	0,0	0,0	1,0	0,0	""	""	""	""	""	""	""	""	""	""	""	""	""
1960	202317711,0	2023-08-03T00:00:00	01:33:00	COM VÍTIMA	FINALIZADA	PARNAMIRIM	AV PARNAMIRIM	255	RUA SAO SEBASTIAO	PROXIMO À PONTE DA TORRE/CARREFOUR	PARNAMIRIM	10,0	""	COLISÃO TRANSVERSAL	2,0	0,0	0,0	0,0	0,0	0,0	0,0	0,0	0,0	1,0	0,0	""	""	""	""	""	""	""	""	""	""	""	""	""
1961	202317724,0	2023-08-03T00:00:00	07:47:00	COM VÍTIMA	FINALIZADA	SAO JOSE	AV SUL	1450	""	SEMÁFARO 260	SAO JOSE	""	""	COLISÃO LATERAL	1,0	1,0	0,0	0,0	0,0	0,0	0,0	0,0	0,0	1,0	0,0	""	""	""	""	""	""	""	""	""	""	""	""	""
1962	202317725,0	2023-08-03T00:00:00	07:54:00	COM VÍTIMA	FINALIZADA	ESPINHEIRO	AV GOVERNADOR AGAMENON MAGALHAES	2656	""	NA DECIDA DO VIATUDO AGAMENON MAGALHAES / PROX AO EMPRESARIAL AGAMENON MAGALHAES E PROX AO SEMAFORO 711	ESPINHEIRO	""	""	COLISÃO TRASEIRA	1,0	1,0	0,0	0,0	0,0	0,0	0,0	0,0	0,0	1,0	0,0	""	""	""	""	""	""	""	""	""	""	""	""	""
1963	202317727,0	2023-08-03T00:00:00	08:03:00	COM VÍTIMA	FINALIZADA	ENCRUZILHADA	RUA DONA ELVIRA	""	""	PROX A MARTENIDADE CISAM / PROX AO SUPERMERCADO QUINTADARIA	ENCRUZILHADA	""	""	COLISÃO FRONTAL	1,0	1,0	0,0	0,0	0,0	0,0	0,0	0,0	0,0	1,0	0,0	""	""	""	""	""	""	""	""	""	""	""	""	""
1964	202317728,0	2023-08-03T00:00:00	08:27:00	COM VÍTIMA	FINALIZADA	JOANA BEZERRA	VIADUTO CAPITAO TEMUDO	""	""	COMEÇO DO VIADUTO SENTIDO BOA VIAGEM / PROX AO FORUM DE JOANA BEZERRA	JOANA BEZERRA	""	""	COLISÃO LATERAL	1,0	1,0	0,0	0,0	0,0	0,0	0,0	0,0	0,0	1,0	0,0	""	""	""	""	""	""	""	""	""	""	""	""	""
1965	202317730,0	2023-08-03T00:00:00	08:37:00	COM VÍTIMA	CANCELADA	SAO JOSE	PTE SEIS DE MARCO	""	""	EM CIMA DA PONTE VELHA / PROX A CASA DA CULTURA	SAO JOSE	""	""	COLISÃO FRONTAL	0,0	1,0	0,0	0,0	0,0	0,0	0,0	0,0	0,0	1,0	0,0	""	""	""	""	""	""	""	""	""	""	""	""	""
1966	202317738,0	2023-08-03T00:00:00	09:23:00	COM VÍTIMA	FINALIZADA	IMBIRIBEIRA	AV SUL	""	""	ATRÁS DA LOJA CAOA CHERY / PROX A ESTAÇÃO DE METRO DA IMBIRIBEIRA	IMBIRIBEIRA	""	""	COLISÃO COM CICLISTA	1,0	0,0	0,0	1,0	0,0	0,0	0,0	0,0	0,0	1,0	0,0	""	""	""	""	""	""	""	""	""	""	""	""	""
1967	202317739,0	2023-08-03T00:00:00	09:50:00	COM VÍTIMA	FINALIZADA	BOA VISTA	AV GOVERNADOR AGAMENON MAGALHAES	1160	AV RUI BARBOSA	TRIBUNAL ELEITORAL	BOA VISTA	""	""	COLISÃO TRASEIRA	1,0	1,0	0,0	0,0	0,0	0,0	0,0	0,0	0,0	1,0	0,0	""	""	""	""	""	""	""	""	""	""	""	""	""
1968	202317744,0	2023-08-03T00:00:00	10:21:00	COM VÍTIMA	FINALIZADA	SANTO AMARO	RUA DA AURORA	""	""	REF: APOIO AO SUB SÓSTENES: REF: TRIBUNAL DE CONTAS	SANTO AMARO	""	""	COLISÃO TRASEIRA	1,0	1,0	0,0	0,0	0,0	0,0	0,0	0,0	0,0	1,0	0,0	""	""	""	""	""	""	""	""	""	""	""	""	""
1969	202317758,0	2023-08-03T00:00:00	12:11:00	COM VÍTIMA	FINALIZADA	VASCO DA GAMA	AV VEREADOR OTACILIO AZEVEDO	1174	""	ESCOLA IRMÃ MAGNA	VASCO DA GAMA	""	""	COLISÃO LATERAL	1,0	1,0	0,0	0,0	0,0	0,0	0,0	0,0	0,0	1,0	0,0	""	""	""	""	""	""	""	""	""	""	""	""	""
1970	202317766,0	2023-08-03T00:00:00	12:55:00	COM VÍTIMA	FINALIZADA	SANTO AMARO	AV MARIO MELO	""	""	AO LADO DO COLEGIO IEP	SANTO AMARO	171,0	""	COLISÃO LATERAL	2,0	1,0	0,0	0,0	0,0	0,0	0,0	0,0	0,0	1,0	0,0	""	""	""	""	""	""	""	""	""	""	""	""	""
1971	202317769,0	2023-08-03T00:00:00	01:57:00	COM VÍTIMA	FINALIZADA	BOA VIAGEM	RUA DEZ DE JULHO	481	""	METRÔ AEROPORTO	BOA VIAGEM	""	""	COLISÃO LATERAL	1,0	1,0	0,0	0,0	0,0	0,0	0,0	0,0	0,0	1,0	0,0	""	""	""	""	""	""	""	""	""	""	""	""	""
1972	202317779,0	2023-08-03T00:00:00	02:47:00	COM VÍTIMA	FINALIZADA	DOIS IRMAOS	RUA DOIS IRMAOS	371	""	E/F AO SOBRADO CARLOS PENA FILHO  E A FUNDAÇAO GILBERTO FREIRE	DOIS IRMAOS	""	""	COLISÃO LATERAL	1,0	1,0	0,0	0,0	0,0	0,0	0,0	0,0	0,0	1,0	0,0	""	""	""	""	""	""	""	""	""	""	""	""	""
1973	202317781,0	2023-08-03T00:00:00	03:15:00	COM VÍTIMA	FINALIZADA	IMBIRIBEIRA	AV GENERAL MAC ARTHUR	1595	""	EM FRENTE A DO FRIO	IMBIRIBEIRA	""	""	COLISÃO TRASEIRA	1,0	1,0	0,0	0,0	0,0	0,0	0,0	0,0	0,0	1,0	0,0	""	""	""	""	""	""	""	""	""	""	""	""	""
1974	202317782,0	2023-08-03T00:00:00	03:36:00	SEM VÍTIMA	FINALIZADA	MADALENA	AV ENGENHEIRO ABDIAS DE CARVALHO	336	""	MCDONALDS	MADALENA	""	""	COLISÃO LATERAL	1,0	0,0	0,0	0,0	0,0	0,0	0,0	1,0	0,0	0,0	0,0	""	""	""	""	""	""	""	""	""	""	""	""	""
1975	202317786,0	2023-08-03T00:00:00	05:06:00	COM VÍTIMA	FINALIZADA	IMBIRIBEIRA	AV MARECHAL MASCARENHAS DE MORAES	""	""	ALÇA DE RETORNO DO VIADUTO, PROXIMO A UNIDAS ALUGUEL DE CARROS	IMBIRIBEIRA	""	""	TOMBAMENTO	0,0	1,0	0,0	0,0	0,0	0,0	0,0	0,0	0,0	1,0	0,0	""	""	""	""	""	""	""	""	""	""	""	""	""
1976	202317790,0	2023-08-03T00:00:00	06:42:00	COM VÍTIMA	FINALIZADA	MADALENA	RUA BENFICA	198	""	BATALHÃO DE CHOQUE	MADALENA	""	""	COLISÃO LATERAL	0,0	1,0	0,0	0,0	0,0	0,0	0,0	1,0	0,0	1,0	0,0	""	""	""	""	""	""	""	""	""	""	""	""	""
1977	202317801,0	2023-08-03T00:00:00	09:58:00	COM VÍTIMA	FINALIZADA	SANTO AMARO	AV CRUZ CABUGA	""	""	PROXIMO AO SHOPPING TACARUNA	SANTO AMARO	""	""	COLISÃO LATERAL	0,0	1,0	0,0	0,0	0,0	0,0	0,0	0,0	0,0	1,0	0,0	""	""	""	""	""	""	""	""	""	""	""	""	""
1978	202317802,0	2023-08-03T00:00:00	09:58:00	COM VÍTIMA	FINALIZADA	ENCRUZILHADA	AV BEBERIBE	""	""	PROX. À ACADEMIA MATCH FIT. EM FRENTE À CLÍNICA OK DOUTOR	ENCRUZILHADA	""	""	COLISÃO LATERAL	0,0	1,0	0,0	0,0	0,0	0,0	0,0	0,0	0,0	1,0	0,0	""	""	""	""	""	""	""	""	""	""	""	""	""
1979	202317817,0	2023-08-04T00:00:00	06:33:00	COM VÍTIMA	FINALIZADA	IPUTINGA	AV MAURICIO DE NASSAU	""	""	EM FRENTE AO ALTINO VENTURA	IPUTINGA	""	""	QUEDA	0,0	1,0	0,0	0,0	0,0	0,0	0,0	0,0	0,0	1,0	0,0	""	""	""	""	""	""	""	""	""	""	""	""	""
1980	202317830,0	2023-08-04T00:00:00	08:33:00	COM VÍTIMA	FINALIZADA	SANTO AMARO	RUA DOS PALMARES	714	RUA TREZE DE MAIO	PROX AO SINDICATO DOS ADVOGADOS	SANTO AMARO	""	""	COLISÃO FRONTAL	0,0	2,0	0,0	0,0	0,0	0,0	0,0	0,0	0,0	1,0	0,0	""	""	""	""	""	""	""	""	""	""	""	""	""
1981	202317835,0	2023-08-04T00:00:00	09:18:00	COM VÍTIMA	FINALIZADA	ARRUDA	AV PROFESSOR JOSE DOS ANJOS	""	""	PROX AO ARMAZEM CASA E CONSTRUÇÃO E NA BEIRA DO CANAL	ARRUDA	""	""	ATROPELAMENTO DE PESSOA	0,0	1,0	0,0	0,0	1,0	0,0	0,0	0,0	0,0	1,0	0,0	""	""	""	""	""	""	""	""	""	""	""	""	""
1982	202317837,0	2023-08-04T00:00:00	09:32:00	COM VÍTIMA	FINALIZADA	SANTO AMARO	AV NORTE MIGUEL ARRAES DE ALENCAR	2368	""	SOBRE PONTE LIMOEIRO	SANTO AMARO	""	""	COLISÃO TRANSVERSAL	0,0	1,0	0,0	0,0	0,0	0,0	0,0	0,0	0,0	1,0	0,0	""	""	""	""	""	""	""	""	""	""	""	""	""
1983	202317838,0	2023-08-04T00:00:00	09:37:00	COM VÍTIMA	FINALIZADA	NOVA DESCOBERTA	RUA NOVA DESCOBERTA	""	""	APOS O LARGO DONA REGINA / PROX A MILA MULTIMARCAS	NOVA DESCOBERTA	""	""	COLISÃO FRONTAL	0,0	1,0	0,0	0,0	0,0	0,0	0,0	0,0	0,0	1,0	0,0	""	""	""	""	""	""	""	""	""	""	""	""	""
1984	202317840,0	2023-08-04T00:00:00	09:41:00	COM VÍTIMA	DUPLICIDADE	BAIRRO DO RECIFE	CAIS DO APOLO	""	""	APOS A PREFEITURA SENTIDO AV. NORTE	BAIRRO DO RECIFE	""	""	COLISÃO TRASEIRA	1,0	1,0	0,0	0,0	0,0	0,0	0,0	0,0	0,0	1,0	0,0	""	""	""	""	""	""	""	""	""	""	""	""	""
1985	202317858,0	2023-08-04T00:00:00	11:34:00	COM VÍTIMA	FINALIZADA	ROSARINHO	AV SANTOS DUMONT	""	""	EM FRENTE A CASA ROSADA / EM FRENTE AO COND CASA ROSADA	ROSARINHO	""	""	COLISÃO FRONTAL	0,0	1,0	0,0	0,0	0,0	0,0	0,0	0,0	0,0	1,0	0,0	""	""	""	""	""	""	""	""	""	""	""	""	""
1986	202317873,0	2023-08-04T00:00:00	02:41:00	COM VÍTIMA	FINALIZADA	BOA VISTA	AV CONDE DA BOA VISTA	""	""	POSTO BR	BOA VISTA	""	""	COLISÃO LATERAL	0,0	0,0	0,0	0,0	0,0	0,0	0,0	0,0	0,0	1,0	0,0	""	""	""	""	""	""	""	""	""	""	""	""	""
1987	202317878,0	2023-08-04T00:00:00	04:24:00	COM VÍTIMA	FINALIZADA	CASA AMARELA	RUA PADRE LEMOS	""	""	CENTRO COMERCIAL CASA AMARELA	CASA AMARELA	""	""	ATROPELAMENTO DE PESSOA	0,0	1,0	0,0	0,0	1,0	0,0	0,0	0,0	0,0	1,0	0,0	""	""	""	""	""	""	""	""	""	""	""	""	""
1988	202317884,0	2023-08-04T00:00:00	06:10:00	COM VÍTIMA	FINALIZADA	IMBIRIBEIRA	RUA GENERAL GOES MONTEIRO	182	""	PADARIA PAN PINHEIROS	IMBIRIBEIRA	""	""	COLISÃO LATERAL	0,0	0,0	0,0	0,0	0,0	0,0	0,0	0,0	0,0	1,0	0,0	""	""	""	""	""	""	""	""	""	""	""	""	""
1989	202317885,0	2023-08-04T00:00:00	06:15:00	COM VÍTIMA	FINALIZADA	SOLEDADE	AV JOAO DE BARROS	915	""	""	SOLEDADE	""	CIDADE	ATROPELAMENTO DE PESSOA	0,0	0,0	0,0	0,0	1,0	0,0	0,0	0,0	0,0	1,0	0,0	""	""	""	""	""	""	""	""	""	""	""	""	""
1990	202317886,0	2023-08-04T00:00:00	06:42:00	COM VÍTIMA	CANCELADA	BOA VIAGEM	AV ARMINDO MOURA	""	""	EM FRENTE AO POSTO BR  E A CHURRASCARIA CAIPIRA DRILL	BOA VIAGEM	""	""	COLISÃO LATERAL	1,0	1,0	0,0	0,0	0,0	0,0	0,0	0,0	0,0	1,0	0,0	""	""	""	""	""	""	""	""	""	""	""	""	""
1991	202317896,0	2023-08-04T00:00:00	09:32:00	COM VÍTIMA	FINALIZADA	IPUTINGA	AV CAXANGA	""	""	E/F À LANCHONETE SUBWAY - SENTIDO SUBURBIO	IPUTINGA	""	""	COLISÃO TRANSVERSAL	1,0	1,0	0,0	0,0	0,0	0,0	0,0	0,0	0,0	1,0	0,0	""	""	""	""	""	""	""	""	""	""	""	""	""
1992	202317897,0	2023-08-04T00:00:00	11:08:00	COM VÍTIMA	FINALIZADA	VARZEA	RUA GENERAL POLIDORO	161	""	CLINICA VETERINARIA POLIVETI	VARZEA	""	""	COLISÃO FRONTAL	1,0	1,0	0,0	0,0	0,0	0,0	0,0	0,0	0,0	1,0	0,0	""	""	""	""	""	""	""	""	""	""	""	""	""
1993	202317898,0	2023-08-05T00:00:00	01:45:00	COM VÍTIMA	CANCELADA	VASCO DA GAMA	RUA VASCO DA GAMA	2284	""	E/F À ARENA BOLA DE OURO	VASCO DA GAMA	""	""	COLISÃO LATERAL	0,0	1,0	0,0	0,0	0,0	0,0	0,0	0,0	0,0	1,0	0,0	""	""	""	""	""	""	""	""	""	""	""	""	""
1994	202317926,0	2023-08-05T00:00:00	10:24:00	COM VÍTIMA	CANCELADA	IMBIRIBEIRA	RUA DEZ DE JULHO	137	""	PX AO AEROPORTO // PX A LOJA ALUGUE BRASIL // APOS O TI AEROPORTO	IMBIRIBEIRA	""	""	COLISÃO LATERAL	0,0	1,0	0,0	0,0	0,0	0,0	0,0	0,0	0,0	1,0	0,0	""	""	""	""	""	""	""	""	""	""	""	""	""
1995	202317929,0	2023-08-05T00:00:00	10:58:00	COM VÍTIMA	CANCELADA	TEJIPIO	AV DR JOSE RUFINO	4555	""	EM FRENTRE A ESTAÇÃO DE METRO TEJIPIO	TEJIPIO	""	""	COLISÃO LATERAL	0,0	1,0	0,0	0,0	0,0	0,0	0,0	0,0	0,0	1,0	0,0	""	""	""	""	""	""	""	""	""	""	""	""	""
1996	202317938,0	2023-08-05T00:00:00	11:59:00	COM VÍTIMA	CANCELADA	MADALENA	RUA COMENDADOR BENTO AGUIAR	26	""	AO LADO DO ANTIGO EXTRA DA BENFICA NA FRENTE DA MICROOFICE	MADALENA	""	""	COLISÃO LATERAL	0,0	1,0	0,0	0,0	0,0	0,0	0,0	0,0	0,0	1,0	0,0	""	""	""	""	""	""	""	""	""	""	""	""	""
1997	202317939,0	2023-08-05T00:00:00	11:59:00	COM VÍTIMA	FINALIZADA	CORDEIRO	AV CAXANGA	4399	""	PX A REPUBLICA DO PAO PADARIA E RESTORUARANTE EXPOSIÇAO DE ANIMAIS	CORDEIRO	""	""	COLISÃO LATERAL	0,0	1,0	0,0	0,0	0,0	0,0	0,0	0,0	0,0	1,0	0,0	""	""	""	""	""	""	""	""	""	""	""	""	""
1998	202317946,0	2023-08-05T00:00:00	12:53:00	COM VÍTIMA	FINALIZADA	BEBERIBE	AV BEBERIBE	""	""	E/F A ELETRO  EO POSTO DE GASOILINA	BEBERIBE	""	""	COLISÃO LATERAL	0,0	0,0	0,0	0,0	0,0	0,0	0,0	0,0	0,0	1,0	0,0	""	""	""	""	""	""	""	""	""	""	""	""	""
1999	202317957,0	2023-08-05T00:00:00	03:43:00	COM VÍTIMA	FINALIZADA	CAMPO GRANDE	RUA FRANKLIN TAVORA	588	""	APOS A PADARIA SANTO ANTONIO E O MERCADO SITIO NOVO	CAMPO GRANDE	""	""	COLISÃO LATERAL	0,0	0,0	0,0	0,0	0,0	0,0	0,0	0,0	0,0	1,0	0,0	""	""	""	""	""	""	""	""	""	""	""	""	""
2000	202317972,0	2023-08-05T00:00:00	06:16:00	COM VÍTIMA	FINALIZADA	TORRE	RUA JOSE BONIFACIO	4447	""	EM CIMA DO VIADUTO AO LADO DO CARREFUR DA TORRE	TORRE	""	""	COLISÃO LATERAL	0,0	0,0	0,0	0,0	0,0	0,0	0,0	0,0	0,0	1,0	0,0	""	""	""	""	""	""	""	""	""	""	""	""	""
2001	202317974,0	2023-08-05T00:00:00	06:39:00	COM VÍTIMA	FINALIZADA	BOA VIAGEM	RUA DES JOAO PAES	""	RUA CORONEL ANIZIO RODRIGUES COELHO	""	BOA VIAGEM	""	""	COLISÃO FRONTAL	0,0	0,0	0,0	0,0	0,0	0,0	0,0	0,0	0,0	1,0	0,0	""	""	""	""	""	""	""	""	""	""	""	""	""
2002	202317997,0	2023-08-06T00:00:00	07:53:00	COM VÍTIMA	FINALIZADA	BOA VIAGEM	RUA RIBEIRO DE BRITO	""	""	EM CIMA DO VIADUTO TANCREDO NEVES	BOA VIAGEM	""	""	COLISÃO FRONTAL	0,0	1,0	0,0	0,0	0,0	0,0	0,0	0,0	0,0	1,0	0,0	""	""	""	""	""	""	""	""	""	""	""	""	""
2003	202317998,0	2023-08-06T00:00:00	08:22:00	COM VÍTIMA	FINALIZADA	TORRE	RUA CONDE DE IRAJA	""	AV BEIRA RIO	DESCIDA DA PONTE DA TORRE	TORRE	""	""	COLISÃO LATERAL	2,0	0,0	0,0	0,0	0,0	0,0	0,0	0,0	0,0	1,0	0,0	""	""	""	""	""	""	""	""	""	""	""	""	""
2004	202318003,0	2023-08-06T00:00:00	09:34:00	COM VÍTIMA	FINALIZADA	VARZEA	RUA FRANCISCO TORRES	""	""	EM FRENTE A PRAÇA NOVA MORADA	VARZEA	""	""	COLISÃO FRONTAL	0,0	1,0	0,0	0,0	0,0	0,0	0,0	0,0	0,0	1,0	0,0	""	""	""	""	""	""	""	""	""	""	""	""	""
2005	202318022,0	2023-08-06T00:00:00	12:54:00	SEM VÍTIMA	FINALIZADA	JARDIM SAO PAULO	AV RECIFE	""	""	AO LADO DO ASSAI / SENTIDO BOA VIAGEM	JARDIM SAO PAULO	705,0	""	COLISÃO TRASEIRA	2,0	0,0	0,0	0,0	0,0	0,0	0,0	1,0	0,0	0,0	0,0	""	""	""	""	""	""	""	""	""	""	""	""	""
2006	202318027,0	2023-08-06T00:00:00	03:03:00	COM VÍTIMA	FINALIZADA	COHAB	AV SAO PAULO	217	""	TERMINAL DE ÔNIBUS DE TRÊS CARNEIROS	COHAB	""	""	TOMBAMENTO	0,0	0,0	0,0	0,0	0,0	0,0	0,0	0,0	0,0	1,0	0,0	""	""	""	""	""	""	""	""	""	""	""	""	""
2007	202318042,0	2023-08-06T00:00:00	06:06:00	SEM VÍTIMA	CANCELADA	ESTANCIA	AV DR JOSE RUFINO	""	""	IGREJA SANTA LUZIA / MAXIMUS SUPLEMENTOS	ESTANCIA	""	""	COLISÃO FRONTAL	2,0	0,0	0,0	0,0	0,0	0,0	0,0	0,0	0,0	0,0	0,0	""	""	""	""	""	""	""	""	""	""	""	""	""
2008	202318051,0	2023-08-06T00:00:00	07:10:00	COM VÍTIMA	CANCELADA	COQUEIRAL	RUA LINHA NOVA	14	""	PROXIMO A ESTAÇÃO CONQUEIRAL	COQUEIRAL	""	""	COLISÃO FRONTAL	1,0	1,0	0,0	0,0	0,0	0,0	0,0	0,0	0,0	1,0	0,0	""	""	""	""	""	""	""	""	""	""	""	""	""
2009	202318054,0	2023-08-06T00:00:00	09:50:00	COM VÍTIMA	CANCELADA	PINA	AV ENGENHEIRO DOMINGOS FERREIRA	572	""	PRÓXIMO À MEDICAL CENTER	PINA	""	""	COLISÃO LATERAL	1,0	1,0	0,0	0,0	0,0	0,0	0,0	0,0	0,0	1,0	0,0	""	""	""	""	""	""	""	""	""	""	""	""	""
2010	202318057,0	2023-08-06T00:00:00	10:29:00	COM VÍTIMA	CANCELADA	BOMBA DO HEMETERIO	RUA BOMBA DO HEMETERIO	247	""	PRÍXIMO À SEDE DO CLUBE ABANADORES DO ARRUDA	BOMBA DO HEMETERIO	""	""	COLISÃO LATERAL	1,0	1,0	0,0	0,0	0,0	0,0	0,0	0,0	0,0	1,0	0,0	""	""	""	""	""	""	""	""	""	""	""	""	""
2011	202318058,0	2023-08-06T00:00:00	11:38:00	COM VÍTIMA	CANCELADA	IBURA	""	""	""	RUA BARÃO DE TIMBAÚBA (NÃO CADASTRADA NA PLANILHA) ENTRANDO NA TERCEIRA RUA, APÓS O POSTO POLICIAL DA AV DOM HELDER CÂMARA	IBURA	""	""	COLISÃO LATERAL	1,0	1,0	0,0	0,0	0,0	0,0	0,0	0,0	0,0	1,0	0,0	""	""	""	""	""	""	""	""	""	""	""	""	""
2012	202318063,0	2023-08-07T00:00:00	07:03:00	COM VÍTIMA	FINALIZADA	CASA AMARELA	AV NORTE MIGUEL ARRAES DE ALENCAR	""	""	NA ENTRADA DA MANGABEIRA SENTIDO CIDADE	CASA AMARELA	""	""	COLISÃO LATERAL	0,0	1,0	0,0	0,0	0,0	0,0	0,0	0,0	0,0	1,0	0,0	""	""	""	""	""	""	""	""	""	""	""	""	""
2013	202318068,0	2023-08-07T00:00:00	07:45:00	COM VÍTIMA	FINALIZADA	JARDIM SAO PAULO	AV LIBERDADE	""	""	EM FRENTE AO COND VILA JARDIM E A VIDRAÇARIA	JARDIM SAO PAULO	""	""	COLISÃO TRANSVERSAL	0,0	1,0	0,0	0,0	0,0	0,0	0,0	0,0	0,0	1,0	0,0	""	""	""	""	""	""	""	""	""	""	""	""	""
2014	202318082,0	2023-08-07T00:00:00	08:47:00	COM VÍTIMA	FINALIZADA	BOA VIAGEM	AV BOA VIAGEM	""	""	HA 500 METROS DO HOSPITAL DA AERONAUTICA	BOA VIAGEM	""	""	COLISÃO TRASEIRA	1,0	1,0	0,0	0,0	0,0	0,0	0,0	0,0	0,0	1,0	0,0	""	""	""	""	""	""	""	""	""	""	""	""	""
2015	202318097,0	2023-08-07T00:00:00	10:37:00	COM VÍTIMA	FINALIZADA	IMBIRIBEIRA	AV MARECHAL MASCARENHAS DE MORAES	2931	""	EM FRENTE A FACULDADE	IMBIRIBEIRA	""	""	ATROPELAMENTO DE PESSOA	1,0	0,0	0,0	0,0	1,0	0,0	0,0	0,0	0,0	1,0	0,0	""	""	""	""	""	""	""	""	""	""	""	""	""
2016	202318107,0	2023-08-07T00:00:00	11:54:00	COM VÍTIMA	FINALIZADA	IBURA	AV DOIS RIOS	836	""	LABORATORIO GILSOM CIDRIM	IBURA	""	""	COLISÃO LATERAL	1,0	1,0	0,0	0,0	0,0	0,0	0,0	0,0	0,0	1,0	0,0	""	""	""	""	""	""	""	""	""	""	""	""	""
2017	202318127,0	2023-08-07T00:00:00	06:27:00	COM VÍTIMA	FINALIZADA	LINHA DO TIRO	RUA SANTA MERCEDES	133	""	NA SUBIDA DA GONZAGA RECEPÇÕES, PX AO N144	LINHA DO TIRO	""	""	COLISÃO FRONTAL	0,0	1,0	0,0	0,0	0,0	0,0	0,0	0,0	0,0	1,0	0,0	""	""	""	""	""	""	""	""	""	""	""	""	""
2018	202318128,0	2023-08-07T00:00:00	06:42:00	COM VÍTIMA	FINALIZADA	IPSEP	RUA PROFESSOR JOSE VICENTE	600	""	NA RUA DO CANAL PROX AO MERCADINHO CONVENÇÃO	IPSEP	""	""	COLISÃO FRONTAL	0,0	1,0	0,0	0,0	0,0	0,0	0,0	0,0	0,0	1,0	0,0	""	""	""	""	""	""	""	""	""	""	""	""	""
2019	202318135,0	2023-08-07T00:00:00	08:33:00	COM VÍTIMA	FINALIZADA	IPUTINGA	AV MAURICIO DE NASSAU	""	EST DO BARBALHO	""	IPUTINGA	246,0	""	COLISÃO LATERAL	0,0	1,0	0,0	1,0	0,0	0,0	0,0	0,0	0,0	1,0	0,0	""	""	""	""	""	""	""	""	""	""	""	""	""
2020	202318149,0	2023-08-08T00:00:00	07:21:00	COM VÍTIMA	FINALIZADA	SAN MARTIN	AV GENERAL SAN MARTIN	""	""	PROX A CAVALARIA // NA LOMBADA ELETRONICA	SAN MARTIN	""	""	COLISÃO LATERAL	0,0	1,0	0,0	0,0	0,0	0,0	0,0	0,0	0,0	1,0	0,0	""	""	""	""	""	""	""	""	""	""	""	""	""
2021	202318155,0	2023-08-08T00:00:00	07:37:00	COM VÍTIMA	FINALIZADA	BOA VIAGEM	AVENIDA CELSO FURTADO (VIA MANGUE)	""	""	""	BOA VIAGEM	""	""	COLISÃO TRASEIRA	0,0	0,0	0,0	0,0	0,0	0,0	0,0	0,0	0,0	1,0	0,0	""	""	""	""	""	""	""	""	""	""	""	""	""
2022	202318156,0	2023-08-08T00:00:00	07:43:00	COM VÍTIMA	FINALIZADA	CASA FORTE	RUA LEONARDO BEZERRA CAVALCANTE	71	""	HOSPITAL MARIA LUCINDA // PET SHOOP	CASA FORTE	""	""	COLISÃO LATERAL	1,0	1,0	0,0	0,0	0,0	0,0	0,0	0,0	0,0	1,0	0,0	""	""	""	""	""	""	""	""	""	""	""	""	""
2023	202318157,0	2023-08-08T00:00:00	07:55:00	COM VÍTIMA	FINALIZADA	SAN MARTIN	AV GENERAL SAN MARTIN	""	""	PROXIMO A CAVALARIA	SAN MARTIN	""	""	COLISÃO LATERAL	0,0	1,0	0,0	0,0	0,0	0,0	0,0	0,0	0,0	1,0	0,0	""	""	""	""	""	""	""	""	""	""	""	""	""
2024	202318160,0	2023-08-08T00:00:00	08:00:00	COM VÍTIMA	FINALIZADA	IBURA	AV DOIS RIOS	995	""	PROXIMO A FARMACIA DIARIAMENTE E PROX A FARMACIA IDEPENDENTE	IBURA	""	""	COLISÃO LATERAL	0,0	1,0	0,0	0,0	0,0	0,0	0,0	0,0	0,0	1,0	0,0	""	""	""	""	""	""	""	""	""	""	""	""	""
2025	202318163,0	2023-08-08T00:00:00	08:15:00	COM VÍTIMA	FINALIZADA	PINA	AV ENGENHEIRO DOMINGOS FERREIRA	""	""	PROX AO MULTI POSTO / E AO HOTEL IBIS	PINA	""	""	COLISÃO LATERAL	1,0	1,0	0,0	0,0	0,0	0,0	0,0	0,0	0,0	1,0	0,0	""	""	""	""	""	""	""	""	""	""	""	""	""