_id	Protocolo	data	hora	natureza	situacao	bairro	endereco	numero	detalhe_endereco_acidente	complemento	bairro_cruzamento	num_semaforo	sentido_via	tipo	auto	moto	ciclom	ciclista	pedestre	onibus	caminhao	viatura	outros	vitimas	vitimasfatais	acidente_verificado	tempo_clima	situacao_semaforo	sinalizacao	condicao_via	conservacao_via	ponto_controle	situacao_placa	velocidade_max_via	mao_direcao	divisao_via1	divisao_via2	divisao_via3
2026	202318170,0	2023-08-08T00:00:00	10:07:00	COM VÍTIMA	FINALIZADA	BAIRRO DO RECIFE	AV BARBOSA LIMA	""	""	PROX AO SOF PET	BAIRRO DO RECIFE	""	""	COLISÃO LATERAL	0,0	1,0	0,0	0,0	0,0	0,0	0,0	0,0	0,0	1,0	0,0	""	""	""	""	""	""	""	""	""	""	""	""	""
2027	202318174,0	2023-08-08T00:00:00	10:06:00	COM VÍTIMA	FINALIZADA	SAN MARTIN	AV JOAO CABRAL DE MELO NETO	""	RUA TENENTE MINDELO	""	SAN MARTIN	250,0	""	COLISÃO LATERAL	0,0	2,0	0,0	0,0	0,0	0,0	0,0	0,0	0,0	1,0	0,0	""	""	""	""	""	""	""	""	""	""	""	""	""
2028	202318206,0	2023-08-08T00:00:00	03:01:00	COM VÍTIMA	FINALIZADA	BEBERIBE	AV BEBERIBE	""	""	EM FRENTE A FERREIRA PINTO	BEBERIBE	""	""	COLISÃO LATERAL	0,0	1,0	0,0	0,0	0,0	0,0	0,0	0,0	0,0	1,0	0,0	""	""	""	""	""	""	""	""	""	""	""	""	""
2029	202318209,0	2023-08-08T00:00:00	04:20:00	COM VÍTIMA	FINALIZADA	BOA VISTA	RUA DA AURORA	""	RUA PRINCESA IZABEL	""	BOA VISTA	""	""	COLISÃO TRASEIRA	0,0	2,0	0,0	0,0	0,0	0,0	0,0	0,0	0,0	1,0	0,0	""	""	""	""	""	""	""	""	""	""	""	""	""
2030	202318210,0	2023-08-08T00:00:00	04:32:00	COM VÍTIMA	FINALIZADA	IBURA	AV DOIS RIOS	736	""	PROX AO SESI E A CLINICA ODONTO MEDIC	IBURA	""	""	COLISÃO LATERAL	0,0	1,0	0,0	0,0	0,0	0,0	0,0	0,0	0,0	1,0	0,0	""	""	""	""	""	""	""	""	""	""	""	""	""
2031	202318211,0	2023-08-08T00:00:00	04:33:00	COM VÍTIMA	FINALIZADA	SAO JOSE	RUA IMPERADOR PEDRO SEGUNDO	216	""	PROX A LOJA FERRO E AÇO	SAO JOSE	""	""	COLISÃO LATERAL	0,0	1,0	0,0	0,0	0,0	0,0	0,0	0,0	0,0	1,0	0,0	""	""	""	""	""	""	""	""	""	""	""	""	""
2032	202318212,0	2023-08-08T00:00:00	04:38:00	COM VÍTIMA	FINALIZADA	SAO JOSE	RUA IMPERIAL	""	""	PRÓXIMO A JUCEPE	SAO JOSE	510,0	""	COLISÃO LATERAL	0,0	1,0	0,0	0,0	0,0	0,0	1,0	0,0	0,0	1,0	0,0	""	""	""	""	""	""	""	""	""	""	""	""	""
2033	202318215,0	2023-08-08T00:00:00	04:51:00	COM VÍTIMA	FINALIZADA	BOA VIAGEM	AV DOM JOAO VI	""	RUA PEDRO PAES DE MENDONCA	PROX  AO BIG BOMPREÇO  FECHADO  E PROX AO NUMERO 200	BOA VIAGEM	""	""	COLISÃO LATERAL	1,0	1,0	0,0	0,0	0,0	0,0	0,0	0,0	0,0	1,0	0,0	""	""	""	""	""	""	""	""	""	""	""	""	""
2034	202318222,0	2023-08-08T00:00:00	06:10:00	COM VÍTIMA	FINALIZADA	GRACAS	RUA AMELIA	939	""	EM FRENTE AO COLEGIO AGNES E A FARMACIA DROGASIL	GRACAS	""	""	COLISÃO LATERAL	0,0	1,0	0,0	0,0	0,0	0,0	0,0	0,0	0,0	1,0	0,0	""	""	""	""	""	""	""	""	""	""	""	""	""
2035	202318229,0	2023-08-08T00:00:00	06:48:00	COM VÍTIMA	FINALIZADA	IPSEP	AV RECIFE	""	""	EM FRENTE AO POSTO BR	IPSEP	393,0	""	COLISÃO TRASEIRA	0,0	2,0	0,0	0,0	0,0	0,0	0,0	0,0	0,0	1,0	0,0	""	""	""	""	""	""	""	""	""	""	""	""	""
2036	202318241,0	2023-08-08T00:00:00	08:52:00	COM VÍTIMA	CANCELADA	BOA VIAGEM	RUA FELIX DE BRITO E MELO	214	""	EM FRENTA A FARMACIA DEPENDENDE, PROXIMO AO CARRIFOUR	BOA VIAGEM	""	""	COLISÃO FRONTAL	1,0	1,0	0,0	0,0	0,0	0,0	0,0	0,0	0,0	1,0	0,0	""	""	""	""	""	""	""	""	""	""	""	""	""
2037	202318244,0	2023-08-08T00:00:00	10:49:00	COM VÍTIMA	FINALIZADA	TORROES	RUA IRANI	146	RUA ZUMBI DOS PALMARES	E/F AO MERCADINHO BEZERRA - AO LADO DA IGREJA BATISTA	TORROES	""	""	COLISÃO LATERAL	1,0	1,0	0,0	0,0	0,0	0,0	0,0	0,0	0,0	1,0	0,0	""	""	""	""	""	""	""	""	""	""	""	""	""
2038	202318253,0	2023-08-09T00:00:00	06:36:00	COM VÍTIMA	FINALIZADA	MACAXEIRA	AV NORTE MIGUEL ARRAES DE ALENCAR	""	""	INTEGRAÇÃO DA MACAXEIRA	MACAXEIRA	""	""	ATROPELAMENTO DE PESSOA	0,0	0,0	0,0	0,0	0,0	1,0	0,0	0,0	0,0	1,0	0,0	""	""	""	""	""	""	""	""	""	""	""	""	""
2039	202318259,0	2023-08-09T00:00:00	07:23:00	COM VÍTIMA	FINALIZADA	VARZEA	AV AFONSO OLINDENSE	966	""	PROX A LOMBADA ELETRONICA EM FRENTE A ACADEMIA GREEN ATENDIDO PELA BASICA 17 RECIFE(ARLIENE)	VARZEA	""	""	COLISÃO LATERAL	1,0	1,0	0,0	0,0	0,0	0,0	0,0	0,0	0,0	1,0	0,0	""	""	""	""	""	""	""	""	""	""	""	""	""
2040	202318260,0	2023-08-09T00:00:00	07:25:00	COM VÍTIMA	FINALIZADA	BONGI	AV ENGENHEIRO ABDIAS DE CARVALHO	1993	""	EM FRENTE AO NOVO ATACAREJO	BONGI	""	CIDADE	COLISÃO LATERAL	0,0	1,0	0,0	0,0	0,0	0,0	0,0	0,0	0,0	1,0	0,0	""	""	""	""	""	""	""	""	""	""	""	""	""
2041	202318261,0	2023-08-09T00:00:00	07:39:00	COM VÍTIMA	FINALIZADA	IPUTINGA	AV MARIO ALVARES PEREIRA DE LYRA	395	""	PROX AO CANAL DO CAVOCO / PROX A ACADEMIA DA CIDADE	IPUTINGA	""	""	COLISÃO LATERAL	1,0	1,0	0,0	0,0	0,0	0,0	0,0	0,0	0,0	1,0	0,0	""	""	""	""	""	""	""	""	""	""	""	""	""
2042	202318274,0	2023-08-09T00:00:00	08:33:00	COM VÍTIMA	FINALIZADA	AREIAS	AV DR JOSE RUFINO	""	""	EM FRENTE A HONDA	AREIAS	""	""	COLISÃO LATERAL	0,0	1,0	0,0	0,0	0,0	0,0	0,0	0,0	0,0	1,0	0,0	""	""	""	""	""	""	""	""	""	""	""	""	""
2043	202318293,0	2023-08-09T00:00:00	10:55:00	SEM VÍTIMA	FINALIZADA	PINA	AV REPUBLICA DO LIBANO	""	RUA NOGUEIRA DE SOUZA	""	PINA	""	""	COLISÃO FRONTAL	1,0	0,0	0,0	0,0	0,0	0,0	1,0	0,0	0,0	0,0	0,0	""	""	""	""	""	""	""	""	""	""	""	""	""
2044	202318312,0	2023-08-09T00:00:00	12:32:00	COM VÍTIMA	FINALIZADA	SANTO AMARO	AV DR JAYME DA FONTE	12	""	PROX A COMPESA / AO LADO LOJA RAIO BIKE	SANTO AMARO	""	""	ATROPELAMENTO DE PESSOA	1,0	0,0	0,0	0,0	1,0	0,0	0,0	0,0	0,0	1,0	0,0	""	""	""	""	""	""	""	""	""	""	""	""	""
2045	202318315,0	2023-08-09T00:00:00	12:52:00	COM VÍTIMA	FINALIZADA	ARRUDA	RUA DO MACHADO	""	""	PROX AO ESPERTINHO DO BIO / EM FRENTE IMPORIO DA CERVEJA	ARRUDA	""	""	COLISÃO FRONTAL	0,0	1,0	0,0	0,0	0,0	0,0	0,0	0,0	0,0	1,0	0,0	""	""	""	""	""	""	""	""	""	""	""	""	""
2046	202318320,0	2023-08-09T00:00:00	02:01:00	COM VÍTIMA	FINALIZADA	AFOGADOS	RUA SAO MIGUEL	1845	""	E/F A  DISTRIBUIDORA RENASCER	AFOGADOS	""	""	COLISÃO LATERAL	1,0	1,0	0,0	0,0	0,0	0,0	0,0	0,0	0,0	1,0	0,0	""	""	""	""	""	""	""	""	""	""	""	""	""
2047	202318324,0	2023-08-09T00:00:00	02:39:00	COM VÍTIMA	FINALIZADA	BOA VIAGEM	RUA JOAO DIAS MARTINS	258	""	PROIX AO EDIFICIO MIRELAE AO FRATELLI TURISMO	BOA VIAGEM	""	""	COLISÃO LATERAL	0,0	1,0	0,0	0,0	0,0	0,0	0,0	0,0	0,0	1,0	0,0	""	""	""	""	""	""	""	""	""	""	""	""	""
2048	202318326,0	2023-08-09T00:00:00	02:48:00	COM VÍTIMA	DUPLICIDADE	BOA VIAGEM	RUA JOAO DIAS MARTINS	255	""	COLÉGIO SANTOS DUMMONT	BOA VIAGEM	""	""	COLISÃO FRONTAL	1,0	1,0	0,0	0,0	0,0	0,0	0,0	0,0	0,0	1,0	0,0	""	""	""	""	""	""	""	""	""	""	""	""	""
2049	202318359,0	2023-08-09T00:00:00	07:09:00	COM VÍTIMA	FINALIZADA	CABANGA	VIADUTO CAPITAO TEMUDO	""	""	SOBRE O VIADUTO	CABANGA	""	""	COLISÃO TRASEIRA	0,0	0,0	0,0	0,0	0,0	0,0	0,0	0,0	0,0	1,0	0,0	""	""	""	""	""	""	""	""	""	""	""	""	""
2050	202318361,0	2023-08-09T00:00:00	07:16:00	COM VÍTIMA	FINALIZADA	CORDEIRO	AV INACIO MONTEIRO	341	""	ASSEMBLEIA DE DEUS	CORDEIRO	""	""	COLISÃO LATERAL	1,0	1,0	0,0	0,0	0,0	0,0	0,0	0,0	0,0	1,0	0,0	""	""	""	""	""	""	""	""	""	""	""	""	""
2051	202318364,0	2023-08-09T00:00:00	07:33:00	COM VÍTIMA	FINALIZADA	ILHA DO LEITE	RUA FRANCISCO ALVES	""	""	ESQUINA COM HOSPITAL ESPERANÇA	ILHA DO LEITE	""	""	COLISÃO FRONTAL	1,0	1,0	0,0	0,0	0,0	0,0	0,0	0,0	0,0	1,0	0,0	""	""	""	""	""	""	""	""	""	""	""	""	""
2052	202318409,0	2023-08-10T00:00:00	09:58:00	SEM VÍTIMA	FINALIZADA	SANTO AMARO	AV GOVERNADOR AGAMENON MAGALHAES	111	""	PRÓXIMO A REITORIA	SANTO AMARO	""	""	COLISÃO LATERAL	1,0	0,0	0,0	0,0	0,0	0,0	0,0	1,0	0,0	0,0	0,0	""	""	""	""	""	""	""	""	""	""	""	""	""
2053	202318411,0	2023-08-10T00:00:00	10:02:00	COM VÍTIMA	FINALIZADA	SANTO ANTONIO	RUA FLORIANO PEIXOTO	3262	""	AO LADO DA CASA DA CULTURA	SANTO ANTONIO	""	""	COLISÃO FRONTAL	0,0	1,0	0,0	0,0	0,0	0,0	0,0	0,0	0,0	1,0	0,0	""	""	""	""	""	""	""	""	""	""	""	""	""
2054	202318416,0	2023-08-10T00:00:00	11:23:00	COM VÍTIMA	FINALIZADA	TORRE	RUA REAL DA TORRE	""	""	EM FRENTE A ESCOLA DESPERTAR	TORRE	""	""	COLISÃO LATERAL	1,0	1,0	0,0	0,0	0,0	0,0	0,0	0,0	0,0	1,0	0,0	""	""	""	""	""	""	""	""	""	""	""	""	""
2055	202318429,0	2023-08-10T00:00:00	01:26:00	SEM VÍTIMA	FINALIZADA	CASA AMARELA	AV NORTE MIGUEL ARRAES DE ALENCAR	7368	""	ACADEMIA DA SAÚDE	CASA AMARELA	""	""	COLISÃO LATERAL	0,0	0,0	0,0	0,0	0,0	0,0	1,0	1,0	0,0	0,0	0,0	""	""	""	""	""	""	""	""	""	""	""	""	""
2056	202318448,0	2023-08-10T00:00:00	04:08:00	COM VÍTIMA	FINALIZADA	TORROES	AV ENGENHEIRO ABDIAS DE CARVALHO	1387	""	RETIFICA SÃO PEDRO	TORROES	""	""	COLISÃO LATERAL	1,0	2,0	0,0	0,0	0,0	0,0	0,0	0,0	0,0	2,0	0,0	""	""	""	""	""	""	""	""	""	""	""	""	""
2057	202318457,0	2023-08-10T00:00:00	06:03:00	COM VÍTIMA	FINALIZADA	IMBIRIBEIRA	AV MARECHAL MASCARENHAS DE MORAES	5241	""	EM FRENTE A FOCUS LOCADORA DE VEICULOS E PROX AO AEROPORTO	IMBIRIBEIRA	""	""	COLISÃO LATERAL	0,0	1,0	0,0	0,0	0,0	0,0	0,0	0,0	0,0	1,0	0,0	""	""	""	""	""	""	""	""	""	""	""	""	""
2058	202318468,0	2023-08-10T00:00:00	08:02:00	COM VÍTIMA	FINALIZADA	AREIAS	AV DR JOSE RUFINO	2178	""	PRÓXIMO À FARMÁCIA DROGASIL E POSTO SHELL	AREIAS	""	""	COLISÃO LATERAL	0,0	1,0	0,0	0,0	0,0	0,0	0,0	0,0	0,0	1,0	0,0	""	""	""	""	""	""	""	""	""	""	""	""	""
2059	202318469,0	2023-08-10T00:00:00	08:31:00	COM VÍTIMA	CANCELADA	ZUMBI	RUA TOMAZ GONZAGA	""	""	PROXIMO AO EDF TEMER	ZUMBI	""	""	COLISÃO LATERAL	0,0	1,0	0,0	0,0	0,0	0,0	0,0	0,0	0,0	1,0	0,0	""	""	""	""	""	""	""	""	""	""	""	""	""
2060	202318473,0	2023-08-11T00:00:00	03:59:00	SEM VÍTIMA	FINALIZADA	MADALENA	RUA MENEZES DRUMOND	98	""	PROSSIMO DA PRAÇA DA MADALENA	MADALENA	""	""	COLISÃO TRASEIRA	3,0	0,0	0,0	0,0	0,0	0,0	0,0	1,0	0,0	0,0	0,0	""	""	""	""	""	""	""	""	""	""	""	""	""
2061	202318486,0	2023-08-11T00:00:00	07:55:00	COM VÍTIMA	FINALIZADA	IBURA	RUA DR BENIGNO JORDAO DE VASCONCELOS	""	""	PROX A UPA DE LAGOA ENCANTADA IBURA DE CIMA	IBURA	""	""	COLISÃO FRONTAL	0,0	1,0	0,0	0,0	0,0	0,0	0,0	0,0	0,0	1,0	0,0	""	""	""	""	""	""	""	""	""	""	""	""	""
2062	202318487,0	2023-08-11T00:00:00	07:59:00	SEM VÍTIMA	FINALIZADA	AREIAS	AV RECIFE	232	""	PROX A LOJA ARMAZEM CORAL / NA DESCINDA DO VIATUDO DA ESTAÇÃO SANTA LUZIA, PROX AO SUPERMERCADO ATACADÃO	AREIAS	""	SUBURBIO	COLISÃO LATERAL	1,0	0,0	0,0	0,0	0,0	0,0	1,0	0,0	0,0	0,0	0,0	""	""	""	""	""	""	""	""	""	""	""	""	""
2063	202318503,0	2023-08-11T00:00:00	10:45:00	COM VÍTIMA	FINALIZADA	MORRO DA CONCEICAO	RUA ITACOATIARA	""	""	SUB DO MORRO DA CONCEIÇÃO / EM FRENTE AO CALDO DE CANA	MORRO DA CONCEICAO	""	""	COLISÃO FRONTAL	0,0	1,0	0,0	0,0	0,0	0,0	0,0	0,0	0,0	1,0	0,0	""	""	""	""	""	""	""	""	""	""	""	""	""
2064	202318504,0	2023-08-11T00:00:00	10:55:00	COM VÍTIMA	FINALIZADA	MADALENA	RUA REAL DA TORRE	""	""	PROX AO POSTO SETA / ANTES DO MERCADO DA MADALENA	MADALENA	""	""	COLISÃO LATERAL	0,0	1,0	0,0	0,0	0,0	0,0	0,0	0,0	0,0	1,0	0,0	""	""	""	""	""	""	""	""	""	""	""	""	""
2065	202318509,0	2023-08-11T00:00:00	12:11:00	COM VÍTIMA	FINALIZADA	BOMBA DO HEMETERIO	RUA BOMBA DO HEMETERIO	414	""	PROX AO CONSULTORIO MEDICO /  E FUNERARIA CANAA	BOMBA DO HEMETERIO	""	""	COLISÃO LATERAL	0,0	1,0	0,0	0,0	0,0	0,0	0,0	0,0	0,0	1,0	0,0	""	""	""	""	""	""	""	""	""	""	""	""	""
2066	202318512,0	2023-08-11T00:00:00	12:44:00	COM VÍTIMA	FINALIZADA	CABANGA	AV ENGENHEIRO JOSE ESTELITA	""	""	EM FRENTE A MOURA B / NO CAIS DO ESTELITA AO LADO DO CABANGA	CABANGA	""	""	COLISÃO LATERAL	1,0	0,0	0,0	0,0	0,0	0,0	0,0	0,0	0,0	1,0	0,0	""	""	""	""	""	""	""	""	""	""	""	""	""
2067	202318520,0	2023-08-11T00:00:00	02:32:00	COM VÍTIMA	FINALIZADA	AFOGADOS	RUA SAO MIGUEL	2556	""	PROX A MATERNIDADE BANDEIRA FILHO E AO POSTO DE GASOLINA DISLURB	AFOGADOS	""	""	COLISÃO LATERAL	0,0	1,0	0,0	0,0	0,0	0,0	0,0	0,0	0,0	1,0	0,0	""	""	""	""	""	""	""	""	""	""	""	""	""
2068	202318528,0	2023-08-11T00:00:00	02:54:00	COM VÍTIMA	FINALIZADA	IMBIRIBEIRA	AV GENERAL MAC ARTHUR	612	""	EM FRENTE AO POSTO BR APOS O LE PARQUE	IMBIRIBEIRA	""	""	COLISÃO LATERAL	1,0	0,0	0,0	0,0	0,0	0,0	0,0	0,0	0,0	1,0	0,0	""	""	""	""	""	""	""	""	""	""	""	""	""
2069	202318545,0	2023-08-11T00:00:00	05:05:00	COM VÍTIMA	FINALIZADA	IMBIRIBEIRA	RUA ARQUITETO LUIZ NUNES	""	""	SEMÁFORO 635	IMBIRIBEIRA	""	""	COLISÃO LATERAL	0,0	1,0	0,0	0,0	0,0	0,0	1,0	0,0	0,0	1,0	0,0	""	""	""	""	""	""	""	""	""	""	""	""	""
2070	202318546,0	2023-08-11T00:00:00	05:34:00	COM VÍTIMA	FINALIZADA	PAISSANDU	AV ENGENHEIRO ABDIAS DE CARVALHO	""	""	POSTO IPIRANGA E PROXIMO A BURGER KING	PAISSANDU	""	SUBURBIO	COLISÃO LATERAL	0,0	2,0	0,0	0,0	0,0	0,0	0,0	0,0	0,0	3,0	0,0	""	""	""	""	""	""	""	""	""	""	""	""	""
2071	202318567,0	2023-08-11T00:00:00	09:45:00	COM VÍTIMA	CANCELADA	ESPINHEIRO	RUA DO ESPINHEIRO	774	""	EM FRENTEA A PADARIA ESPINHEIRO	ESPINHEIRO	""	""	COLISÃO LATERAL	1,0	1,0	0,0	0,0	0,0	0,0	0,0	0,0	0,0	1,0	0,0	""	""	""	""	""	""	""	""	""	""	""	""	""
2072	202318569,0	2023-08-11T00:00:00	10:48:00	SEM VÍTIMA	FINALIZADA	BOA VIAGEM	RUA DR LUIZ INACIO PESSOA DE MELO	91	""	PRÓXIMO AO MERCADO RM	BOA VIAGEM	""	""	COLISÃO FRONTAL	2,0	0,0	0,0	0,0	0,0	0,0	0,0	0,0	0,0	0,0	0,0	""	""	""	""	""	""	""	""	""	""	""	""	""
2073	202318591,0	2023-08-12T00:00:00	07:20:00	COM VÍTIMA	FINALIZADA	AFOGADOS	RUA SANTA EDWIRGES	242	""	PROX AO CANAL E A IGREJA PREBITERIANA / DEPOIS DO ARQUIVO TRIBUNAL DE JUSTICA	AFOGADOS	""	""	COLISÃO LATERAL	1,0	1,0	0,0	0,0	0,0	0,0	0,0	0,0	0,0	1,0	0,0	""	""	""	""	""	""	""	""	""	""	""	""	""
2074	202318600,0	2023-08-12T00:00:00	10:09:00	COM VÍTIMA	FINALIZADA	VARZEA	RUA ABATIA	269	""	PROX MERCADO BARATEIRO REAL	VARZEA	""	""	COLISÃO FRONTAL	0,0	1,0	0,0	0,0	0,0	0,0	0,0	0,0	0,0	1,0	0,0	""	""	""	""	""	""	""	""	""	""	""	""	""
2075	202318603,0	2023-08-12T00:00:00	10:33:00	SEM VÍTIMA	CANCELADA	LINHA DO TIRO	RUA SODRELANDIA	343	""	PROX A BARRACA DE BIU	LINHA DO TIRO	""	""	COLISÃO FRONTAL	1,0	1,0	0,0	0,0	0,0	0,0	0,0	0,0	0,0	0,0	0,0	""	""	""	""	""	""	""	""	""	""	""	""	""
2076	202318609,0	2023-08-12T00:00:00	12:28:00	COM VÍTIMA	FINALIZADA	CABANGA	VDO PAPA JOAO PAULO II	""	""	ANTES DA ALÇA DA RUA IMPERIAL	CABANGA	""	BOA VIAGEM	COLISÃO LATERAL	1,0	1,0	0,0	0,0	0,0	0,0	0,0	0,0	0,0	1,0	0,0	""	""	""	""	""	""	""	""	""	""	""	""	""
2077	202318612,0	2023-08-12T00:00:00	12:36:00	COM VÍTIMA	FINALIZADA	SANTO AMARO	RUA DOIS DE JULHO	316	""	AO LADO DO SENAI	SANTO AMARO	""	""	COLISÃO LATERAL	1,0	1,0	0,0	0,0	0,0	0,0	0,0	0,0	0,0	1,0	0,0	""	""	""	""	""	""	""	""	""	""	""	""	""
2078	202318616,0	2023-08-12T00:00:00	01:35:00	COM VÍTIMA	FINALIZADA	ILHA DO LEITE	RUA HENRIQUE DIAS	""	""	NOVO COCO BAMBU / SENTIDO BOA VIAGEM	ILHA DO LEITE	""	""	COLISÃO TRASEIRA	2,0	0,0	0,0	0,0	0,0	0,0	0,0	0,0	0,0	2,0	0,0	""	""	""	""	""	""	""	""	""	""	""	""	""
2079	202318618,0	2023-08-12T00:00:00	02:08:00	COM VÍTIMA	FINALIZADA	CASA AMARELA	AV NORTE MIGUEL ARRAES DE ALENCAR	""	""	EM FRENTE AO RESTAURANTE PAJE	CASA AMARELA	""	CIDADE	COLISÃO TRASEIRA	1,0	3,0	0,0	0,0	0,0	0,0	0,0	0,0	0,0	2,0	0,0	""	""	""	""	""	""	""	""	""	""	""	""	""
2080	202318630,0	2023-08-12T00:00:00	03:41:00	COM VÍTIMA	FINALIZADA	GRACAS	AV RUI BARBOSA	""	""	EM FRENTE AO COLEGIO DAMAS	GRACAS	""	""	COLISÃO LATERAL	0,0	1,0	0,0	0,0	0,0	0,0	0,0	0,0	0,0	1,0	0,0	""	""	""	""	""	""	""	""	""	""	""	""	""
2081	202318633,0	2023-08-12T00:00:00	04:25:00	COM VÍTIMA	FINALIZADA	DOIS IRMAOS	RUA DOIS IRMAOS	1143	""	ANTES DO AÇUDE DE APIPUCOS	DOIS IRMAOS	""	""	COLISÃO LATERAL	0,0	0,0	0,0	0,0	0,0	0,0	0,0	0,0	0,0	1,0	0,0	""	""	""	""	""	""	""	""	""	""	""	""	""
2082	202318634,0	2023-08-12T00:00:00	04:27:00	COM VÍTIMA	CANCELADA	JORDAO	AV DONA CARENTINA	287	""	TERMINAL DE ÔNIBUS	JORDAO	""	""	COLISÃO LATERAL	0,0	0,0	0,0	0,0	0,0	0,0	0,0	0,0	0,0	1,0	0,0	""	""	""	""	""	""	""	""	""	""	""	""	""
2083	202318650,0	2023-08-12T00:00:00	08:48:00	COM VÍTIMA	CANCELADA	JORDAO	AV DONA CARENTINA	287	""	PRÓXIMO AO TERMINAL DE ÔNIBUS DO JORDÃO ALTO	JORDAO	""	""	COLISÃO LATERAL	0,0	1,0	0,0	0,0	0,0	0,0	0,0	0,0	0,0	1,0	0,0	""	""	""	""	""	""	""	""	""	""	""	""	""
2084	202318653,0	2023-08-12T00:00:00	10:46:00	COM VÍTIMA	FINALIZADA	IMBIRIBEIRA	AV MARECHAL MASCARENHAS DE MORAES	436	""	E/F À LOJA GRILLO FLORES E POSTO YPIRANGA	IMBIRIBEIRA	""	""	COLISÃO LATERAL	1,0	1,0	0,0	0,0	0,0	0,0	0,0	0,0	0,0	1,0	0,0	""	""	""	""	""	""	""	""	""	""	""	""	""
2085	202318654,0	2023-08-13T00:00:00	12:03:00	COM VÍTIMA	CANCELADA	IPSEP	AV SALDANHA MARINHO	407	RUA SILVEIRA NETO	PRÓXIMO AO RESTAURANTE DO LUNA	IPSEP	""	""	COLISÃO LATERAL	0,0	1,0	0,0	0,0	0,0	0,0	0,0	0,0	0,0	1,0	0,0	""	""	""	""	""	""	""	""	""	""	""	""	""
2086	202318661,0	2023-08-13T00:00:00	04:00:00	SEM VÍTIMA	FINALIZADA	BOA VIAGEM	AV BOA VIAGEM	4558	""	EDF. MARIA LEOPOLDINA	BOA VIAGEM	""	""	COLISÃO TRASEIRA	0,0	0,0	0,0	0,0	0,0	0,0	0,0	0,0	0,0	0,0	0,0	""	""	""	""	""	""	""	""	""	""	""	""	""
2087	202318662,0	2023-08-13T00:00:00	05:26:00	COM VÍTIMA	FINALIZADA	SANTO AMARO	AV CRUZ CABUGA	""	""	E/F À IGREJA UNIVERSAL DO REINO DE DEUS	SANTO AMARO	""	""	COLISÃO LATERAL	1,0	1,0	0,0	0,0	0,0	0,0	0,0	0,0	0,0	1,0	0,0	""	""	""	""	""	""	""	""	""	""	""	""	""
2088	202318677,0	2023-08-13T00:00:00	09:41:00	COM VÍTIMA	FINALIZADA	IMBIRIBEIRA	AV MARECHAL MASCARENHAS DE MORAES	""	""	AV MARE MASCARENHAS DE MORAES 7571 EM FRENTE AO AEROPORTO NA PARTE DE CARGA QUE ESTA EM CONSTRUÇAO PROX AO HOTEL IBIS PROX AO RETORNO	IMBIRIBEIRA	""	""	COLISÃO LATERAL	0,0	1,0	0,0	0,0	0,0	0,0	0,0	0,0	0,0	1,0	0,0	""	""	""	""	""	""	""	""	""	""	""	""	""
2089	202318685,0	2023-08-13T00:00:00	12:30:00	COM VÍTIMA	FINALIZADA	BOMBA DO HEMETERIO	RUA BOMBA DO HEMETERIO	570	""	E/F A IGREJA UNIVERSAL  PROX AO NOVO ATACAREJO	BOMBA DO HEMETERIO	""	""	COLISÃO LATERAL	0,0	0,0	0,0	0,0	0,0	0,0	0,0	0,0	0,0	1,0	0,0	""	""	""	""	""	""	""	""	""	""	""	""	""
2090	202318689,0	2023-08-13T00:00:00	01:42:00	COM VÍTIMA	FINALIZADA	JOANA BEZERRA	RUA JARAGUARI	161	""	PROX ACADEMIA DA CIDADE E A ESTAÇÃO JOANA BEZERRA	JOANA BEZERRA	""	""	COLISÃO LATERAL	0,0	1,0	0,0	0,0	0,0	0,0	0,0	0,0	0,0	1,0	0,0	""	""	""	""	""	""	""	""	""	""	""	""	""
2091	202318701,0	2023-08-13T00:00:00	05:31:00	COM VÍTIMA	FINALIZADA	CASA AMARELA	EST DO ARRAIAL	1888	""	PROX A ESCOLA DOM VITAL E AO ARMAZEM TOSCANO	CASA AMARELA	""	""	COLISÃO LATERAL	0,0	1,0	0,0	0,0	0,0	0,0	0,0	0,0	0,0	1,0	0,0	""	""	""	""	""	""	""	""	""	""	""	""	""
2092	202318710,0	2023-08-13T00:00:00	07:40:00	COM VÍTIMA	FINALIZADA	JARDIM SAO PAULO	AV SAO PAULO	""	""	EM FRENTE A FARMÁCIA PAGUE MENOS	JARDIM SAO PAULO	""	""	COLISÃO FRONTAL	1,0	1,0	0,0	0,0	0,0	0,0	0,0	0,0	0,0	1,0	0,0	""	""	""	""	""	""	""	""	""	""	""	""	""
2093	202318727,0	2023-08-14T00:00:00	07:01:00	COM VÍTIMA	FINALIZADA	BOA VIAGEM	AV DES JOSE NEVES	""	""	PX TUNEL,SENTIDO ATACADAO , SHOPING BOA VIAGEM	BOA VIAGEM	""	""	COLISÃO LATERAL	0,0	1,0	0,0	0,0	0,0	0,0	0,0	0,0	0,0	1,0	0,0	""	""	""	""	""	""	""	""	""	""	""	""	""