_id	Protocolo	data	hora	natureza	situacao	bairro	endereco	numero	detalhe_endereco_acidente	complemento	bairro_cruzamento	num_semaforo	sentido_via	tipo	auto	moto	ciclom	ciclista	pedestre	onibus	caminhao	viatura	outros	vitimas	vitimasfatais	acidente_verificado	tempo_clima	situacao_semaforo	sinalizacao	condicao_via	conservacao_via	ponto_controle	situacao_placa	velocidade_max_via	mao_direcao	divisao_via1	divisao_via2	divisao_via3
2094	202318730,0	2023-08-14T00:00:00	07:15:00	SEM VÍTIMA	FINALIZADA	BOA VIAGEM	AV ENGENHEIRO DOMINGOS FERREIRA	2600	RUA PROFESSOR JOSE BRANDAO	LADO OPOSTO A FARMACIA INDEPENDENTE	BOA VIAGEM	550,0	SUBURBIO	COLISÃO TRANSVERSAL	1,0	1,0	0,0	0,0	0,0	0,0	0,0	0,0	0,0	0,0	0,0	""	""	""	""	""	""	""	""	""	""	""	""	""
2095	202318736,0	2023-08-14T00:00:00	07:50:00	COM VÍTIMA	FINALIZADA	JIQUIA	AV DR JOSE RUFINO	488	""	EM FRENTE A LOJA ARMAZEM CORAL  / BODE DO NO  / POSTO DO JOÃO DIAS	JIQUIA	""	""	COLISÃO FRONTAL	1,0	1,0	0,0	0,0	0,0	0,0	0,0	0,0	0,0	1,0	0,0	""	""	""	""	""	""	""	""	""	""	""	""	""
2096	202318737,0	2023-08-14T00:00:00	07:53:00	COM VÍTIMA	FINALIZADA	SANTO AMARO	AV GOVERNADOR AGAMENON MAGALHAES	""	""	POSTO BR	SANTO AMARO	""	""	ATROPELAMENTO DE PESSOA	1,0	0,0	0,0	0,0	1,0	0,0	0,0	0,0	0,0	1,0	0,0	""	""	""	""	""	""	""	""	""	""	""	""	""
2097	202318738,0	2023-08-14T00:00:00	07:58:00	COM VÍTIMA	FINALIZADA	SAO JOSE	AV SUL	""	""	PX A SEDE DO GALO E POSTO DE GASOLINA SAO JOSE	SAO JOSE	""	""	QUEDA	0,0	1,0	0,0	0,0	0,0	0,0	0,0	0,0	0,0	1,0	0,0	""	""	""	""	""	""	""	""	""	""	""	""	""
2098	202318740,0	2023-08-14T00:00:00	08:53:00	COM VÍTIMA	FINALIZADA	SANTO AMARO	AV NORTE MIGUEL ARRAES DE ALENCAR	15036	""	PX A PRAÇA DA PICANHA E A CHEVROLET VEICULOS	SANTO AMARO	""	""	COLISÃO LATERAL	0,0	1,0	0,0	0,0	0,0	0,0	0,0	0,0	0,0	1,0	0,0	""	""	""	""	""	""	""	""	""	""	""	""	""
2099	202318741,0	2023-08-14T00:00:00	09:17:00	COM VÍTIMA	FINALIZADA	SAO JOSE	RUA DAS CALCADAS	""	""	PROX A FARMACIA SUCESSO FARMA EM FRENTE AO ATACADO DOS PRESENTES	SAO JOSE	""	""	COLISÃO LATERAL	0,0	1,0	0,0	0,0	0,0	0,0	0,0	0,0	0,0	1,0	0,0	""	""	""	""	""	""	""	""	""	""	""	""	""
2100	202318742,0	2023-08-14T00:00:00	09:20:00	COM VÍTIMA	FINALIZADA	BOA VIAGEM	AV ENGENHEIRO DOMINGOS FERREIRA	""	""	PROX A FARMACIA INDEPENDENTE	BOA VIAGEM	""	""	COLISÃO LATERAL	0,0	1,0	0,0	0,0	0,0	0,0	0,0	0,0	0,0	1,0	0,0	""	""	""	""	""	""	""	""	""	""	""	""	""
2101	202318746,0	2023-08-14T00:00:00	09:50:00	COM VÍTIMA	FINALIZADA	TORRE	RUA SOUZA BANDEIRA	496	""	PROX A PADARIA DELIA DO TRIGO PROX A CASA DO BOLO	TORRE	""	""	COLISÃO LATERAL	0,0	1,0	0,0	0,0	0,0	0,0	0,0	0,0	0,0	1,0	0,0	""	""	""	""	""	""	""	""	""	""	""	""	""
2102	202318751,0	2023-08-14T00:00:00	10:11:00	COM VÍTIMA	FINALIZADA	ARRUDA	RUA CLARA	""	""	PROX AO ARMAZEM DA VIVIANE	ARRUDA	""	""	COLISÃO FRONTAL	0,0	1,0	0,0	0,0	0,0	0,0	0,0	0,0	0,0	1,0	0,0	""	""	""	""	""	""	""	""	""	""	""	""	""
2103	202318752,0	2023-08-14T00:00:00	10:23:00	COM VÍTIMA	FINALIZADA	CASA AMARELA	RUA ARNOLDO MAGALHAES	""	""	PROX COLEGIO CARLOS DE LIMA CAVALCANTE	CASA AMARELA	""	""	COLISÃO FRONTAL	0,0	1,0	0,0	0,0	0,0	0,0	0,0	0,0	0,0	1,0	0,0	""	""	""	""	""	""	""	""	""	""	""	""	""
2104	202318764,0	2023-08-14T00:00:00	12:00:00	COM VÍTIMA	FINALIZADA	VARZEA	AV JOAQUIM RIBEIRO	""	""	PROX A FACUDADE UNINASSAL PROX A ESTACAO BRT BARREIRAS NO RETORNO	VARZEA	0,0	""	COLISÃO LATERAL	0,0	1,0	0,0	0,0	0,0	0,0	0,0	0,0	0,0	1,0	0,0	""	""	""	""	""	""	""	""	""	""	""	""	""
2105	202318765,0	2023-08-14T00:00:00	12:00:00	COM VÍTIMA	FINALIZADA	CAXANGA	RUA RIBEIRO PESSOA	""	""	EM FRENTE A UPA DA CAXANGA / SENTIDO CAMARAGIBE	CAXANGA	""	SUBURBIO	COLISÃO FRONTAL	1,0	1,0	0,0	0,0	0,0	0,0	0,0	0,0	0,0	1,0	0,0	""	""	""	""	""	""	""	""	""	""	""	""	""
2106	202318776,0	2023-08-14T00:00:00	12:53:00	COM VÍTIMA	FINALIZADA	TAMARINEIRA	EST DO ARRAIAL	""	""	PROX A LOJA JOSÉ ARAUJO	TAMARINEIRA	""	""	COLISÃO FRONTAL	0,0	1,0	0,0	0,0	0,0	0,0	0,0	0,0	0,0	1,0	0,0	""	""	""	""	""	""	""	""	""	""	""	""	""
2107	202318780,0	2023-08-14T00:00:00	02:28:00	COM VÍTIMA	FINALIZADA	ESPINHEIRO	AV JOAO DE BARROS	3230	""	E/F AO POSTO SELECTA	ESPINHEIRO	""	""	QUEDA	0,0	1,0	0,0	0,0	0,0	0,0	0,0	0,0	0,0	1,0	0,0	""	""	""	""	""	""	""	""	""	""	""	""	""
2108	202318781,0	2023-08-14T00:00:00	03:37:00	SEM VÍTIMA	FINALIZADA	SANTO AMARO	AV MARIO MELO	""	""	ASSEMBLEIA DE DEUS	SANTO AMARO	""	""	COLISÃO LATERAL	0,0	1,0	0,0	0,0	0,0	0,0	0,0	1,0	0,0	0,0	0,0	""	""	""	""	""	""	""	""	""	""	""	""	""
2109	202318783,0	2023-08-14T00:00:00	03:49:00	COM VÍTIMA	FINALIZADA	CASA FORTE	AV DEZESSETE DE AGOSTO	1553	""	HA 100 METROS DA PRAÇA DE CASA FORTE  E PROX AO ESCRITORIO CALDAS	CASA FORTE	""	""	COLISÃO LATERAL	0,0	1,0	0,0	0,0	0,0	0,0	0,0	0,0	0,0	1,0	0,0	""	""	""	""	""	""	""	""	""	""	""	""	""
2110	202318790,0	2023-08-14T00:00:00	05:46:00	COM VÍTIMA	FINALIZADA	BONGI	RUA ISAAC MARKMAN	492	""	NEOENERGIA	BONGI	""	""	COLISÃO LATERAL	0,0	0,0	0,0	0,0	0,0	0,0	0,0	0,0	0,0	1,0	0,0	""	""	""	""	""	""	""	""	""	""	""	""	""
2111	202318791,0	2023-08-14T00:00:00	05:46:00	COM VÍTIMA	FINALIZADA	SANTO AMARO	AV GOVERNADOR AGAMENON MAGALHAES	6078	""	PROXIMO AO POSTO POLICIAL / SENTIDO OLINDA	SANTO AMARO	""	""	COLISÃO LATERAL	0,0	1,0	0,0	0,0	0,0	0,0	0,0	0,0	0,0	1,0	0,0	""	""	""	""	""	""	""	""	""	""	""	""	""
2112	202318792,0	2023-08-14T00:00:00	05:46:00	COM VÍTIMA	FINALIZADA	CAXANGA	AV CAXANGA	2800	""	E/F A PADARIA REPUBLICA DO PAO   E PROX A EXPOSIÇAO DE ANIMAIS	CAXANGA	""	""	COLISÃO LATERAL	0,0	0,0	0,0	0,0	0,0	0,0	0,0	0,0	0,0	1,0	0,0	""	""	""	""	""	""	""	""	""	""	""	""	""
2113	202318807,0	2023-08-14T00:00:00	06:46:00	COM VÍTIMA	CANCELADA	BAIRRO DO RECIFE	RUA DO BRUM	621	""	PREFEITURA	BAIRRO DO RECIFE	""	""	COLISÃO LATERAL	0,0	1,0	0,0	0,0	0,0	0,0	0,0	0,0	0,0	1,0	0,0	""	""	""	""	""	""	""	""	""	""	""	""	""
2114	202318818,0	2023-08-15T00:00:00	06:40:00	COM VÍTIMA	FINALIZADA	CORDEIRO	RUA JORNALISTA TRAJANO CHACON	""	""	EM FRENTE AO PARQUE DE EXPOSIÇÕES DO CORDEIRO	CORDEIRO	""	""	COLISÃO LATERAL	0,0	1,0	0,0	0,0	0,0	1,0	0,0	0,0	0,0	1,0	0,0	""	""	""	""	""	""	""	""	""	""	""	""	""
2115	202318831,0	2023-08-15T00:00:00	09:29:00	COM VÍTIMA	FINALIZADA	IPSEP	AV RECIFE	""	""	PROX AO POSTO DE GASOLINA FEDERAL / PROX A GUSTAVO VEÍCULOS	IPSEP	""	""	COLISÃO TRASEIRA	0,0	1,0	0,0	0,0	0,0	0,0	0,0	0,0	0,0	1,0	0,0	""	""	""	""	""	""	""	""	""	""	""	""	""
2116	202318835,0	2023-08-15T00:00:00	09:45:00	COM VÍTIMA	FINALIZADA	AFOGADOS	RUA VINTE E UM DE ABRIL	""	""	EM FRENTE A PADARIA IPIRANGA	AFOGADOS	""	""	COLISÃO TRASEIRA	0,0	2,0	0,0	0,0	0,0	0,0	0,0	0,0	0,0	1,0	0,0	""	""	""	""	""	""	""	""	""	""	""	""	""
2117	202318836,0	2023-08-15T00:00:00	09:51:00	COM VÍTIMA	FINALIZADA	AFOGADOS	RUA VINTE E UM DE ABRIL	398	""	PROX AO ARRETADO DE BOM	AFOGADOS	""	""	COLISÃO LATERAL	1,0	1,0	0,0	0,0	0,0	0,0	0,0	0,0	0,0	1,0	0,0	""	""	""	""	""	""	""	""	""	""	""	""	""
2118	202318852,0	2023-08-15T00:00:00	11:31:00	SEM VÍTIMA	FINALIZADA	BAIRRO DO RECIFE	RUA DO OBSERVATORIO	""	RUA DE SAO JORGE	POR TRÁS DA RECEITA FEDERAL   PEGANDO A ESQUINA DA MARINHA	BAIRRO DO RECIFE	""	""	COLISÃO TRASEIRA	1,0	0,0	0,0	0,0	0,0	0,0	0,0	1,0	0,0	0,0	0,0	""	""	""	""	""	""	""	""	""	""	""	""	""
2119	202318853,0	2023-08-15T00:00:00	11:39:00	COM VÍTIMA	FINALIZADA	IMBIRIBEIRA	AV MARECHAL MASCARENHAS DE MORAES	""	""	EM FRENTE ASSOCIAÇÃO DOS FORNECEDORES DE CANA  / PROX A FACULDADE UNIVERSO	IMBIRIBEIRA	""	""	COLISÃO LATERAL	0,0	1,0	0,0	0,0	0,0	0,0	0,0	0,0	0,0	1,0	0,0	""	""	""	""	""	""	""	""	""	""	""	""	""
2120	202318859,0	2023-08-15T00:00:00	01:35:00	COM VÍTIMA	FINALIZADA	JOANA BEZERRA	VDO PAPA JOAO PAULO II	""	""	NA SUBIDA DO VIADUTO  S/T FORUM JOANA BEZERRA EO PINA	JOANA BEZERRA	""	""	COLISÃO TRASEIRA	1,0	1,0	0,0	0,0	0,0	0,0	0,0	0,0	0,0	1,0	0,0	""	""	""	""	""	""	""	""	""	""	""	""	""
2121	202318870,0	2023-08-15T00:00:00	02:43:00	SEM VÍTIMA	FINALIZADA	SAO JOSE	RUA FLORIANO PEIXOTO	""	RUA PASSO DA PATRIA	EM FRENTE À ESTAÇÃO METRÔ DO RECIFE	SAO JOSE	""	CIDADE	COLISÃO TRASEIRA	2,0	0,0	0,0	0,0	0,0	0,0	0,0	0,0	0,0	0,0	0,0	""	""	""	""	""	""	""	""	""	""	""	""	""
2122	202318872,0	2023-08-15T00:00:00	02:49:00	SEM VÍTIMA	FINALIZADA	SAO JOSE	RUA PASSO DA PATRIA	383	""	EM FRENTE A MOTO CRUZ	SAO JOSE	""	""	COLISÃO TRASEIRA	1,0	0,0	0,0	0,0	0,0	0,0	0,0	1,0	0,0	0,0	0,0	""	""	""	""	""	""	""	""	""	""	""	""	""
2123	202318881,0	2023-08-15T00:00:00	04:14:00	COM VÍTIMA	FINALIZADA	GRACAS	RUA DO FUTURO	492	""	EDF. SENHOR DO BONFIM	GRACAS	""	""	COLISÃO LATERAL	1,0	1,0	0,0	0,0	0,0	0,0	0,0	0,0	0,0	1,0	0,0	""	""	""	""	""	""	""	""	""	""	""	""	""
2124	202318888,0	2023-08-15T00:00:00	06:17:00	SEM VÍTIMA	FINALIZADA	MADALENA	AV CAXANGA	""	""	POSTO IPIRANGA	MADALENA	""	SUBURBIO	COLISÃO	0,0	0,0	0,0	0,0	0,0	1,0	0,0	1,0	0,0	0,0	0,0	""	""	""	""	""	""	""	""	""	""	""	""	""
2125	202318890,0	2023-08-15T00:00:00	06:43:00	COM VÍTIMA	FINALIZADA	BOA VISTA	RUA JOAO LIRA	""	RUA DA UNIAO	AO LADO DA COMPESA	BOA VISTA	""	""	ATROPELAMENTO DE PESSOA	1,0	0,0	0,0	0,0	1,0	0,0	0,0	0,0	0,0	1,0	0,0	""	""	""	""	""	""	""	""	""	""	""	""	""
2126	202318898,0	2023-08-15T00:00:00	09:55:00	COM VÍTIMA	FINALIZADA	IMBIRIBEIRA	VIADUTO TANCREDO NEVES	""	""	EM CIMA DO VIADUTO TANCREDO NEVES	IMBIRIBEIRA	""	""	COLISÃO TRASEIRA	1,0	1,0	0,0	0,0	0,0	0,0	0,0	0,0	0,0	1,0	0,0	""	""	""	""	""	""	""	""	""	""	""	""	""
2127	202318899,0	2023-08-15T00:00:00	10:12:00	COM VÍTIMA	FINALIZADA	SAN MARTIN	RUA OUREM	""	""	RESIDENCIAL QUINTA DE SANTO ANTONIO	SAN MARTIN	""	""	COLISÃO LATERAL	0,0	1,0	0,0	0,0	0,0	0,0	0,0	0,0	0,0	1,0	0,0	""	""	""	""	""	""	""	""	""	""	""	""	""
2128	202318900,0	2023-08-15T00:00:00	10:42:00	COM VÍTIMA	FINALIZADA	JOANA BEZERRA	RUA JARAGUARI	""	""	PRÓXIMO AO FORUM E ACADEMIA DA CIDADE	JOANA BEZERRA	""	""	ATROPELAMENTO DE PESSOA	0,0	0,0	0,0	0,0	1,0	1,0	0,0	0,0	0,0	1,0	0,0	""	""	""	""	""	""	""	""	""	""	""	""	""
2129	202318901,0	2023-08-16T00:00:00	01:20:00	COM VÍTIMA	FINALIZADA	CAXANGA	AV JOAQUIM RIBEIRO	868	""	EM FRENTE AO POSTO DISLUB	CAXANGA	""	""	COLISÃO LATERAL	0,0	0,0	0,0	0,0	0,0	0,0	0,0	0,0	0,0	1,0	0,0	""	""	""	""	""	""	""	""	""	""	""	""	""
2130	202318912,0	2023-08-16T00:00:00	06:54:00	COM VÍTIMA	FINALIZADA	SANTO AMARO	AV GOVERNADOR AGAMENON MAGALHAES	""	""	EM FRENTE A FABRICA TACARUNA	SANTO AMARO	""	""	COLISÃO LATERAL	0,0	1,0	0,0	0,0	0,0	0,0	0,0	0,0	0,0	1,0	0,0	""	""	""	""	""	""	""	""	""	""	""	""	""
2131	202318918,0	2023-08-16T00:00:00	08:05:00	COM VÍTIMA	FINALIZADA	TAMARINEIRA	RUA CONEGO BARATA	""	AV CONS ROSA E SILVA	ANTES DO SINAL 061 COMENDORIA DA PIZZA	TAMARINEIRA	61,0	""	COLISÃO FRONTAL	1,0	1,0	0,0	0,0	0,0	0,0	0,0	0,0	0,0	1,0	0,0	""	""	""	""	""	""	""	""	""	""	""	""	""
2132	202318939,0	2023-08-16T00:00:00	10:45:00	COM VÍTIMA	FINALIZADA	BOA VISTA	RUA DA SOLEDADE	""	""	EM FRENTE AO ALTINO VENTURA	BOA VISTA	""	""	COLISÃO FRONTAL	2,0	0,0	0,0	0,0	0,0	0,0	0,0	0,0	0,0	1,0	0,0	""	""	""	""	""	""	""	""	""	""	""	""	""
2133	202318954,0	2023-08-16T00:00:00	12:45:00	COM VÍTIMA	FINALIZADA	MUSTARDINHA	AV MANOEL GONCALVES DA LUZ	""	""	PROX A FARMACIA INDEPENDENTE / PROX A PRAÇA DO ABC	MUSTARDINHA	""	""	COLISÃO FRONTAL	1,0	1,0	0,0	0,0	0,0	0,0	0,0	0,0	0,0	1,0	0,0	""	""	""	""	""	""	""	""	""	""	""	""	""
2134	202318955,0	2023-08-16T00:00:00	12:55:00	COM VÍTIMA	FINALIZADA	CAMPO GRANDE	RUA FARIAS NEVES	""	""	PROX A PRAÇA DE CAMPO GRANDE	CAMPO GRANDE	""	""	COLISÃO LATERAL	1,0	1,0	0,0	0,0	0,0	0,0	0,0	0,0	0,0	2,0	0,0	""	""	""	""	""	""	""	""	""	""	""	""	""
2135	202318970,0	2023-08-16T00:00:00	03:50:00	COM VÍTIMA	FINALIZADA	IMBIRIBEIRA	AV MARECHAL MASCARENHAS DE MORAES	""	""	LADO OPOSTO À FERREIRA COSTA	IMBIRIBEIRA	""	""	COLISÃO LATERAL	0,0	1,0	0,0	0,0	0,0	0,0	0,0	0,0	0,0	1,0	0,0	""	""	""	""	""	""	""	""	""	""	""	""	""
2136	202318972,0	2023-08-16T00:00:00	04:09:00	COM VÍTIMA	DUPLICIDADE	IMBIRIBEIRA	AV MARECHAL MASCARENHAS DE MORAES	""	""	E/F A FERREIRA COSTA	IMBIRIBEIRA	""	""	COLISÃO LATERAL	0,0	0,0	0,0	0,0	0,0	0,0	0,0	0,0	0,0	1,0	0,0	""	""	""	""	""	""	""	""	""	""	""	""	""
2137	202318974,0	2023-08-16T00:00:00	04:18:00	COM VÍTIMA	FINALIZADA	ARRUDA	AV BEBERIBE	""	""	SEMÁFORO 492	ARRUDA	""	""	COLISÃO LATERAL	1,0	1,0	0,0	0,0	0,0	0,0	0,0	0,0	0,0	1,0	0,0	""	""	""	""	""	""	""	""	""	""	""	""	""
2138	202318976,0	2023-08-16T00:00:00	04:47:00	COM VÍTIMA	FINALIZADA	IMBIRIBEIRA	AV PINHEIROS	820	""	E/F AO CONDOMINIO  ILHA  CIRIUS   PROX A LAGOA DO ARAÇA	IMBIRIBEIRA	""	""	COLISÃO LATERAL	0,0	1,0	0,0	0,0	0,0	0,0	0,0	0,0	0,0	1,0	0,0	""	""	""	""	""	""	""	""	""	""	""	""	""
2139	202318978,0	2023-08-16T00:00:00	05:05:00	COM VÍTIMA	FINALIZADA	DOIS IRMAOS	RUA MANUEL DE MEDEIROS	223	""	BIBLIOTECA CENTRAL DA RURAL	DOIS IRMAOS	""	""	COLISÃO LATERAL	0,0	0,0	0,0	0,0	0,0	0,0	0,0	0,0	0,0	1,0	0,0	""	""	""	""	""	""	""	""	""	""	""	""	""
2140	202318994,0	2023-08-16T00:00:00	07:17:00	COM VÍTIMA	CANCELADA	NOVA DESCOBERTA	AV VEREADOR OTACILIO AZEVEDO	1998	""	EM FRENTE AO ESPETINHO DO JUCA	NOVA DESCOBERTA	""	""	COLISÃO FRONTAL	1,0	1,0	0,0	0,0	0,0	0,0	0,0	0,0	0,0	1,0	0,0	""	""	""	""	""	""	""	""	""	""	""	""	""
2141	202318995,0	2023-08-16T00:00:00	07:21:00	COM VÍTIMA	CANCELADA	ESPINHEIRO	AV GOVERNADOR AGAMENON MAGALHAES	6402	""	PROXIMO AO VIADUTO DA AV. JOÃO DE BARROS	ESPINHEIRO	""	""	COLISÃO FRONTAL	1,0	1,0	0,0	0,0	0,0	0,0	0,0	0,0	0,0	1,0	0,0	""	""	""	""	""	""	""	""	""	""	""	""	""
2142	202318999,0	2023-08-16T00:00:00	11:39:00	COM VÍTIMA	CANCELADA	JARDIM SAO PAULO	""	""	""	- RUA TAVARES DE HOLANDA, . - SOBRE O VIADUTO DA AV RECIFE, QUE DAR ACESSO A CEASA.	JARDIM SAO PAULO	""	""	COLISÃO FRONTAL	0,0	1,0	0,0	0,0	0,0	0,0	0,0	0,0	0,0	1,0	0,0	""	""	""	""	""	""	""	""	""	""	""	""	""
2143	202319000,0	2023-08-17T00:00:00	01:41:00	COM VÍTIMA	FINALIZADA	CASA AMARELA	EST DO ARRAIAL	2385	""	DEPOIS DA LOJA FERREIRA COSTA	CASA AMARELA	""	""	COLISÃO LATERAL	0,0	1,0	0,0	0,0	0,0	0,0	1,0	0,0	0,0	1,0	0,0	""	""	""	""	""	""	""	""	""	""	""	""	""
2144	202319001,0	2023-08-17T00:00:00	02:01:00	COM VÍTIMA	FINALIZADA	CURADO	""	""	""	PROX. DA JUSTIÇA FEDERAL, NO SENTIDO CEASA	CURADO	""	""	COLISÃO FRONTAL	1,0	1,0	0,0	0,0	0,0	0,0	0,0	0,0	0,0	1,0	0,0	""	""	""	""	""	""	""	""	""	""	""	""	""
2145	202319002,0	2023-08-17T00:00:00	02:13:00	COM VÍTIMA	FINALIZADA	SANTO AMARO	AV NORTE MIGUEL ARRAES DE ALENCAR	""	RUA TREZE DE MAIO	""	SANTO AMARO	36,0	""	COLISÃO LATERAL	1,0	1,0	0,0	0,0	0,0	0,0	0,0	0,0	0,0	1,0	0,0	""	""	""	""	""	""	""	""	""	""	""	""	""
2146	202319003,0	2023-08-17T00:00:00	02:45:00	COM VÍTIMA	FINALIZADA	SANTO AMARO	RUA DA AURORA	""	""	EM FRENTE A ESCULTURA (TORTURA NUNCA MAIS)	SANTO AMARO	""	""	CHOQUE	1,0	0,0	0,0	0,0	0,0	0,0	0,0	0,0	0,0	1,0	0,0	""	""	""	""	""	""	""	""	""	""	""	""	""
2147	202319010,0	2023-08-17T00:00:00	06:45:00	COM VÍTIMA	FINALIZADA	VARZEA	RUA PROFESSOR ANTONIO COELHO	""	RUA JOAO SALES MENEZES	NO SEMAFORO 651	VARZEA	""	""	COLISÃO LATERAL	2,0	0,0	0,0	0,0	0,0	0,0	0,0	0,0	0,0	1,0	0,0	""	""	""	""	""	""	""	""	""	""	""	""	""
2148	202319015,0	2023-08-17T00:00:00	07:21:00	COM VÍTIMA	FINALIZADA	SANTO AMARO	AV CRUZ CABUGA	""	""	EM FRENTE AO HOSPITAL DE SANTO AMARO	SANTO AMARO	""	""	ATROPELAMENTO DE PESSOA	0,0	1,0	0,0	0,0	1,0	0,0	0,0	0,0	0,0	1,0	0,0	""	""	""	""	""	""	""	""	""	""	""	""	""
2149	202319016,0	2023-08-17T00:00:00	07:43:00	COM VÍTIMA	FINALIZADA	ARRUDA	AV BEBERIBE	""	""	EM FRENTE AO CANAL DA CONSTRUÇÃO	ARRUDA	""	""	COLISÃO FRONTAL	1,0	1,0	0,0	0,0	0,0	0,0	0,0	0,0	0,0	1,0	0,0	""	""	""	""	""	""	""	""	""	""	""	""	""
2150	202319041,0	2023-08-17T00:00:00	10:25:00	COM VÍTIMA	FINALIZADA	SANTO AMARO	AV CRUZ CABUGA	""	""	EM FRENTE AO HOSPITAL NAVAL	SANTO AMARO	""	""	COLISÃO LATERAL	0,0	1,0	0,0	0,0	0,0	1,0	0,0	0,0	0,0	1,0	0,0	""	""	""	""	""	""	""	""	""	""	""	""	""
2151	202319049,0	2023-08-17T00:00:00	11:03:00	SEM VÍTIMA	FINALIZADA	CASA AMARELA	EST DO ARRAIAL	""	""	EM FRENTE AO GOPSITAL AGAMENON MAGALHAES	CASA AMARELA	""	""	COLISÃO LATERAL	2,0	0,0	0,0	0,0	0,0	0,0	0,0	0,0	0,0	0,0	0,0	""	""	""	""	""	""	""	""	""	""	""	""	""
2152	202319050,0	2023-08-17T00:00:00	11:16:00	COM VÍTIMA	FINALIZADA	AGUA FRIA	EST VELHA DE AGUA FRIA	""	""	EM FRENTE AO DENOX	AGUA FRIA	""	""	COLISÃO LATERAL	0,0	1,0	0,0	0,0	0,0	0,0	0,0	0,0	0,0	1,0	0,0	""	""	""	""	""	""	""	""	""	""	""	""	""
2153	202319069,0	2023-08-17T00:00:00	01:11:00	COM VÍTIMA	FINALIZADA	BOA VISTA	AV CONDE DA BOA VISTA	2479	RUA DOM BOSCO	E/F A EMLURB	BOA VISTA	""	""	COLISÃO LATERAL	0,0	1,0	0,0	0,0	0,0	0,0	0,0	0,0	0,0	1,0	0,0	""	""	""	""	""	""	""	""	""	""	""	""	""
2154	202319077,0	2023-08-17T00:00:00	02:33:00	COM VÍTIMA	FINALIZADA	TORRE	RUA MARQUES DE MARICA	271	""	PROX A PRAÇA BARRETO DE CAMPELO	TORRE	""	""	COLISÃO LATERAL	0,0	1,0	0,0	0,0	0,0	0,0	0,0	0,0	0,0	1,0	0,0	""	""	""	""	""	""	""	""	""	""	""	""	""
2155	202319092,0	2023-08-17T00:00:00	05:09:00	COM VÍTIMA	FINALIZADA	CORREGO DO JENIPAPO	AV DA RECUPERACAO	6425	""	PROX A UPA	CORREGO DO JENIPAPO	""	""	COLISÃO TRASEIRA	1,0	1,0	0,0	0,0	0,0	0,0	0,0	0,0	0,0	1,0	0,0	""	""	""	""	""	""	""	""	""	""	""	""	""
2156	202319110,0	2023-08-17T00:00:00	09:17:00	COM VÍTIMA	CANCELADA	IMBIRIBEIRA	RUA ITACARI	95	""	PRÓXIMO AO BANCO ITAÚ	IMBIRIBEIRA	""	""	COLISÃO TRANSVERSAL	0,0	1,0	0,0	0,0	0,0	0,0	0,0	0,0	0,0	1,0	0,0	""	""	""	""	""	""	""	""	""	""	""	""	""
2157	202319112,0	2023-08-17T00:00:00	09:19:00	COM VÍTIMA	FINALIZADA	BOA VIAGEM	AV BOA VIAGEM	""	""	EM FRENTE AO QUIOSQUE 53 E EDF. EL GRECO	BOA VIAGEM	""	""	COLISÃO LATERAL	1,0	1,0	0,0	0,0	0,0	0,0	0,0	0,0	0,0	1,0	0,0	""	""	""	""	""	""	""	""	""	""	""	""	""
2158	202319114,0	2023-08-17T00:00:00	10:41:00	COM VÍTIMA	CANCELADA	BOA VIAGEM	RUA CRUZEIRO DO FORTE	240	""	PROXIMO AO SINDICATO DOS AEROVIÁRIOS	BOA VIAGEM	""	""	COLISÃO LATERAL	1,0	1,0	0,0	0,0	0,0	0,0	0,0	0,0	0,0	1,0	0,0	""	""	""	""	""	""	""	""	""	""	""	""	""
2159	202319132,0	2023-08-18T00:00:00	07:23:00	COM VÍTIMA	FINALIZADA	ENCRUZILHADA	AV BEBERIBE	176	""	EM FRENTE AO POSTO DE GASOLINA SHELL / PROX A FARMACIA DROGASIL	ENCRUZILHADA	""	""	COLISÃO FRONTAL	0,0	1,0	0,0	0,0	0,0	0,0	0,0	0,0	0,0	1,0	0,0	""	""	""	""	""	""	""	""	""	""	""	""	""
2160	202319135,0	2023-08-18T00:00:00	07:38:00	COM VÍTIMA	FINALIZADA	CAMPO GRANDE	RUA ODORICO MENDES	""	""	EM FRENTE AO STTYLLO SUPERMERCADO / PROX A CENTRAL DE F	CAMPO GRANDE	""	""	COLISÃO FRONTAL	0,0	0,0	0,0	0,0	0,0	0,0	0,0	0,0	0,0	1,0	0,0	""	""	""	""	""	""	""	""	""	""	""	""	""
2161	202319138,0	2023-08-18T00:00:00	07:59:00	COM VÍTIMA	FINALIZADA	JARDIM SAO PAULO	AV LIBERDADE	839	""	PROX A ANTIGA DELEGACIA ROUBOS E FURTOS	JARDIM SAO PAULO	""	""	COLISÃO LATERAL	0,0	1,0	0,0	0,0	0,0	0,0	0,0	0,0	0,0	1,0	0,0	""	""	""	""	""	""	""	""	""	""	""	""	""
2162	202319139,0	2023-08-18T00:00:00	08:00:00	COM VÍTIMA	FINALIZADA	ESTANCIA	AV RECIFE	3471	""	EM FRENTE AO RESTAURANTE PICANHA REAL / PROX AO POSTO SHELL. SENTIDO  SAN MARTINS	ESTANCIA	""	""	COLISÃO LATERAL	0,0	1,0	0,0	0,0	0,0	0,0	0,0	0,0	0,0	1,0	0,0	""	""	""	""	""	""	""	""	""	""	""	""	""