_id	Protocolo	data	hora	natureza	situacao	bairro	endereco	numero	detalhe_endereco_acidente	complemento	bairro_cruzamento	num_semaforo	sentido_via	tipo	auto	moto	ciclom	ciclista	pedestre	onibus	caminhao	viatura	outros	vitimas	vitimasfatais	acidente_verificado	tempo_clima	situacao_semaforo	sinalizacao	condicao_via	conservacao_via	ponto_controle	situacao_placa	velocidade_max_via	mao_direcao	divisao_via1	divisao_via2	divisao_via3
2163	202319143,0	2023-08-18T00:00:00	08:37:00	COM VÍTIMA	FINALIZADA	TEJIPIO	AV LIBERDADE	860	""	PROX AO CEMITERIO PARQUE DAS FLORES	TEJIPIO	""	""	COLISÃO TRANSVERSAL	1,0	1,0	0,0	0,0	0,0	0,0	0,0	0,0	0,0	1,0	0,0	""	""	""	""	""	""	""	""	""	""	""	""	""
2164	202319149,0	2023-08-18T00:00:00	09:21:00	COM VÍTIMA	FINALIZADA	IPSEP	AV RECIFE	""	""	EM FRENTE A LOJA PNUS DAIVE SERNTIDO HOSPITAL GERAL DE AREIAS	IPSEP	""	""	COLISÃO TRASEIRA	0,0	1,0	0,0	0,0	0,0	0,0	0,0	0,0	0,0	1,0	0,0	""	""	""	""	""	""	""	""	""	""	""	""	""
2165	202319168,0	2023-08-18T00:00:00	11:05:00	COM VÍTIMA	FINALIZADA	BARRO	AV DR JOSE RUFINO	""	""	PROX A IGREJA CATOLICA / E PROX A ESCOLA IMACULADA CONCEIÇÃO	BARRO	""	""	COLISÃO LATERAL	0,0	1,0	0,0	0,0	0,0	0,0	0,0	0,0	0,0	1,0	0,0	""	""	""	""	""	""	""	""	""	""	""	""	""
2166	202319174,0	2023-08-18T00:00:00	11:44:00	COM VÍTIMA	FINALIZADA	VASCO DA GAMA	RUA PIRIZAL	183	""	PROX A OFICINA MARCELO MOTOS , SEGUINDO PELA AV NORTE , SUBINDO O ALTO DO EUCALPTO PRIMEIRA RUA A DIREITA	VASCO DA GAMA	""	""	QUEDA	0,0	1,0	0,0	0,0	0,0	0,0	0,0	0,0	0,0	1,0	0,0	""	""	""	""	""	""	""	""	""	""	""	""	""
2167	202319181,0	2023-08-18T00:00:00	12:24:00	COM VÍTIMA	FINALIZADA	MADALENA	RUA JOSE OSORIO	""	""	EM FRENTE A AUTO CAR / PROX A CONCERSIONARIASR KALANGO	MADALENA	""	""	COLISÃO LATERAL	1,0	1,0	0,0	0,0	0,0	0,0	0,0	0,0	0,0	1,0	0,0	""	""	""	""	""	""	""	""	""	""	""	""	""
2168	202319183,0	2023-08-18T00:00:00	12:27:00	COM VÍTIMA	FINALIZADA	CORDEIRO	AV MAURICIO DE NASSAU	402	""	PROX AO POSTO DE SAUDE JOSE DUSTAN / EMFRENTE AO RESTAURANTE AZINHA MASTER	CORDEIRO	""	""	COLISÃO FRONTAL	1,0	1,0	0,0	0,0	0,0	0,0	0,0	0,0	0,0	1,0	0,0	""	""	""	""	""	""	""	""	""	""	""	""	""
2169	202319188,0	2023-08-18T00:00:00	12:54:00	COM VÍTIMA	FINALIZADA	AFOGADOS	EST DOS REMEDIOS	""	""	PROX AO ARMAZEM CORAL /  POSTO PRETONEC	AFOGADOS	""	""	COLISÃO LATERAL	0,0	1,0	0,0	0,0	0,0	0,0	0,0	0,0	0,0	1,0	0,0	""	""	""	""	""	""	""	""	""	""	""	""	""
2170	202319189,0	2023-08-18T00:00:00	01:00:00	COM VÍTIMA	FINALIZADA	BOA VISTA	RUA DO RIACHUELO	453	""	POR TRÁS DO HOSPITAL DO EXERCITO	BOA VISTA	""	""	COLISÃO LATERAL	0,0	2,0	0,0	0,0	0,0	0,0	0,0	0,0	0,0	2,0	0,0	""	""	""	""	""	""	""	""	""	""	""	""	""
2171	202319191,0	2023-08-18T00:00:00	01:17:00	COM VÍTIMA	FINALIZADA	BOA VIAGEM	RUA PADRE CABRAL	304	""	POR TRÁS DO RESTAURANTE TIO PEPI	BOA VIAGEM	""	""	COLISÃO LATERAL	0,0	1,0	0,0	0,0	0,0	0,0	0,0	0,0	0,0	1,0	0,0	""	""	""	""	""	""	""	""	""	""	""	""	""
2172	202319192,0	2023-08-18T00:00:00	01:29:00	SEM VÍTIMA	FINALIZADA	JARDIM SAO PAULO	AV RECIFE	""	""	EM FRENTE A LOJA FUMÊ E PROXIMO AO RESTAURANTE SOMBRA DA MANGUEIRA/ SENTIDO BOA VIAGEM	JARDIM SAO PAULO	""	""	COLISÃO LATERAL	0,0	2,0	0,0	0,0	0,0	0,0	0,0	0,0	0,0	0,0	0,0	""	""	""	""	""	""	""	""	""	""	""	""	""
2173	202319199,0	2023-08-18T00:00:00	01:59:00	COM VÍTIMA	FINALIZADA	PINA	AV REPUBLICA DO LIBANO	""	""	ENTRADA DO RIOMAR	PINA	""	""	COLISÃO FRONTAL	1,0	1,0	0,0	0,0	0,0	0,0	0,0	0,0	0,0	1,0	0,0	""	""	""	""	""	""	""	""	""	""	""	""	""
2174	202319200,0	2023-08-18T00:00:00	02:20:00	COM VÍTIMA	FINALIZADA	PINA	RUA NOGUEIRA DE SOUZA	166	""	PROX A ENTRADA DO SHOPPING RIOMAR	PINA	""	""	COLISÃO LATERAL	0,0	0,0	0,0	0,0	0,0	0,0	0,0	0,0	0,0	1,0	0,0	""	""	""	""	""	""	""	""	""	""	""	""	""
2175	202319212,0	2023-08-18T00:00:00	04:22:00	COM VÍTIMA	FINALIZADA	BOA VIAGEM	AV DES JOSE NEVES	1881	RUA RIBEIRO DE BRITO	PROX AO COLEGIO 2001  E  A OFICINA MARTELINHO DE OURO	BOA VIAGEM	""	""	COLISÃO LATERAL	1,0	0,0	0,0	0,0	0,0	0,0	0,0	0,0	0,0	1,0	0,0	""	""	""	""	""	""	""	""	""	""	""	""	""
2176	202319213,0	2023-08-18T00:00:00	04:23:00	COM VÍTIMA	FINALIZADA	BOA VIAGEM	AV DES JOSE NEVES	""	""	NA SAIDA DO TUNEL	BOA VIAGEM	""	""	COLISÃO TRASEIRA	2,0	0,0	0,0	0,0	0,0	0,0	0,0	0,0	0,0	1,0	0,0	""	""	""	""	""	""	""	""	""	""	""	""	""
2177	202319215,0	2023-08-18T00:00:00	05:07:00	COM VÍTIMA	FINALIZADA	ARRUDA	RUA ANA MAURICIA WANDERLEY	""	""	PROX AO MR CROCK FRANGO FRITO  E A ESCOLA ANA NERY	ARRUDA	""	""	COLISÃO LATERAL	0,0	0,0	0,0	0,0	0,0	0,0	0,0	0,0	0,0	1,0	0,0	""	""	""	""	""	""	""	""	""	""	""	""	""
2178	202319218,0	2023-08-18T00:00:00	05:12:00	COM VÍTIMA	CANCELADA	BOA VISTA	RUA DO RIACHUELO	685	""	E/F AO  COLEGIO PINTO JUNIOR	BOA VISTA	""	""	COLISÃO LATERAL	0,0	0,0	0,0	0,0	0,0	0,0	0,0	0,0	0,0	1,0	0,0	""	""	""	""	""	""	""	""	""	""	""	""	""
2179	202319232,0	2023-08-18T00:00:00	07:45:00	COM VÍTIMA	FINALIZADA	SANTO AMARO	AV GOVERNADOR AGAMENON MAGALHAES	4928	""	PRÓXIMO AO POSTO BR - SENTIDO OLINDA	SANTO AMARO	""	""	COLISÃO LATERAL	0,0	1,0	0,0	0,0	0,0	0,0	0,0	0,0	0,0	1,0	0,0	""	""	""	""	""	""	""	""	""	""	""	""	""
2180	202319233,0	2023-08-18T00:00:00	08:19:00	COM VÍTIMA	FINALIZADA	VARZEA	RUA GENERAL POLIDORO	""	RUA BATINGA	EM A FARMACIA ESPERANÇA	VARZEA	""	""	COLISÃO LATERAL	1,0	1,0	0,0	0,0	0,0	0,0	0,0	0,0	0,0	1,0	0,0	""	""	""	""	""	""	""	""	""	""	""	""	""
2181	202319237,0	2023-08-18T00:00:00	09:04:00	SEM VÍTIMA	FINALIZADA	AREIAS	AV DR JOSE RUFINO	1495	""	FARMÁCIA DROGASIL / IGREJA PRESBITERIANA	AREIAS	44,0	CIDADE	COLISÃO LATERAL	0,0	1,0	0,0	0,0	0,0	0,0	0,0	1,0	0,0	0,0	0,0	""	""	""	""	""	""	""	""	""	""	""	""	""
2182	202319242,0	2023-08-18T00:00:00	10:20:00	COM VÍTIMA	FINALIZADA	IPUTINGA	AV HISTORIAD JORDAO EMERENCIANO	285	""	PRÓXIMO AO ATACADÃO DA BR 101	IPUTINGA	""	""	COLISÃO LATERAL	0,0	1,0	0,0	0,0	0,0	0,0	0,0	0,0	0,0	1,0	0,0	""	""	""	""	""	""	""	""	""	""	""	""	""
2183	202319244,0	2023-08-19T00:00:00	12:09:00	SEM VÍTIMA	FINALIZADA	TORROES	AV ENGENHEIRO ABDIAS DE CARVALHO	""	""	CIA DA PEÇA	TORROES	""	SUBURBIO	CHOQUE	2,0	0,0	0,0	0,0	0,0	0,0	0,0	1,0	0,0	0,0	0,0	""	""	""	""	""	""	""	""	""	""	""	""	""
2184	202319268,0	2023-08-19T00:00:00	09:19:00	SEM VÍTIMA	FINALIZADA	IMBIRIBEIRA	AV MARECHAL MASCARENHAS DE MORAES	2666	RUA DR TAVARES CORREIA	PRÓXIMO A LOJA CENTER AÇO	IMBIRIBEIRA	289,0	SUBURBIO	COLISÃO	1,0	0,0	0,0	0,0	0,0	0,0	1,0	0,0	0,0	0,0	0,0	""	""	""	""	""	""	""	""	""	""	""	""	""
2185	202319274,0	2023-08-19T00:00:00	12:03:00	COM VÍTIMA	FINALIZADA	TORREAO	AV GOVERNADOR AGAMENON MAGALHAES	""	""	EM FRENTE AO HOSPITAL MANDACARU O POSTO BR NO RETORNO	TORREAO	""	""	COLISÃO LATERAL	1,0	1,0	0,0	0,0	0,0	0,0	0,0	0,0	0,0	2,0	0,0	""	""	""	""	""	""	""	""	""	""	""	""	""
2186	202319277,0	2023-08-19T00:00:00	12:28:00	COM VÍTIMA	FINALIZADA	ARRUDA	AV BEBERIBE	""	""	E/F A LOJA CANAL DA CONSTRUÇAO  E A EMPRESA DE ONIBUS SAO PAULO	ARRUDA	""	""	COLISÃO LATERAL	0,0	1,0	0,0	0,0	0,0	0,0	0,0	0,0	0,0	1,0	0,0	""	""	""	""	""	""	""	""	""	""	""	""	""
2187	202319284,0	2023-08-19T00:00:00	02:21:00	COM VÍTIMA	FINALIZADA	IMBIRIBEIRA	AV MARECHAL MASCARENHAS DE MORAES	""	""	ANTES DO VIADUTO TANCREDO NEVES  S/T CID  NA ENTRADA DA FABRICA SOLOS SANTINI	IMBIRIBEIRA	""	""	CAPOTAMENTO	1,0	0,0	0,0	0,0	0,0	0,0	0,0	0,0	0,0	1,0	0,0	""	""	""	""	""	""	""	""	""	""	""	""	""
2188	202319291,0	2023-08-19T00:00:00	02:58:00	COM VÍTIMA	FINALIZADA	AFOGADOS	RUA SAO MIGUEL	5863	""	PROX AO POSTO DE GASOLINA DISLUB  E OS CORREIOS	AFOGADOS	""	""	COLISÃO LATERAL	0,0	0,0	0,0	0,0	0,0	0,0	0,0	0,0	0,0	1,0	0,0	""	""	""	""	""	""	""	""	""	""	""	""	""
2189	202319294,0	2023-08-19T00:00:00	03:27:00	COM VÍTIMA	FINALIZADA	BOA VIAGEM	RUA VISCONDE DE JEQUITINHONHA	902	""	EM FRENTE AO BRITANIC INGLES	BOA VIAGEM	""	""	COLISÃO LATERAL	1,0	1,0	0,0	0,0	0,0	0,0	0,0	0,0	0,0	1,0	0,0	""	""	""	""	""	""	""	""	""	""	""	""	""
2190	202319310,0	2023-08-19T00:00:00	06:20:00	COM VÍTIMA	FINALIZADA	BARRO	AV DR JOSE RUFINO	3390	""	EM CIMA DO VIADUTO QUE LIGA A BR 101 E PROX A ESCOLA ALBERTO TORRES	BARRO	""	""	COLISÃO LATERAL	0,0	1,0	0,0	0,0	0,0	0,0	0,0	0,0	0,0	1,0	0,0	""	""	""	""	""	""	""	""	""	""	""	""	""
2191	202319311,0	2023-08-19T00:00:00	06:21:00	COM VÍTIMA	FINALIZADA	SANTO AMARO	RUA DA AURORA	1379	""	PROX A PONTO DO LIMOEIRO E PROX A CHEVROLET E  A TV UNIVERSITARIA	SANTO AMARO	""	""	COLISÃO LATERAL	0,0	1,0	0,0	0,0	0,0	0,0	0,0	0,0	0,0	1,0	0,0	""	""	""	""	""	""	""	""	""	""	""	""	""
2192	202319312,0	2023-08-19T00:00:00	06:30:00	COM VÍTIMA	FINALIZADA	CAXANGA	AV CAXANGA	""	AV GENERAL SAN MARTIN	PROX A ESTÇÃO DO TERMINAL DE GETULIO VARGAS	CAXANGA	""	""	COLISÃO COM CICLISTA	1,0	0,0	0,0	1,0	0,0	0,0	0,0	0,0	0,0	1,0	0,0	""	""	""	""	""	""	""	""	""	""	""	""	""
2193	202319314,0	2023-08-19T00:00:00	06:56:00	COM VÍTIMA	FINALIZADA	PAISSANDU	RUA PAISSANDU	""	AV GOVERNADOR AGAMENON MAGALHAES	""	PAISSANDU	69,0	""	COLISÃO TRANSVERSAL	1,0	1,0	0,0	0,0	0,0	0,0	0,0	0,0	0,0	1,0	0,0	""	""	""	""	""	""	""	""	""	""	""	""	""
2194	202319317,0	2023-08-19T00:00:00	07:28:00	COM VÍTIMA	FINALIZADA	BOA VIAGEM	RUA COSMORAMA	""	""	EM FRENTE AO CLUBE DAS AGUIAS	BOA VIAGEM	""	""	COLISÃO FRONTAL	1,0	1,0	0,0	0,0	0,0	0,0	0,0	0,0	0,0	1,0	0,0	""	""	""	""	""	""	""	""	""	""	""	""	""
2195	202319318,0	2023-08-19T00:00:00	07:36:00	COM VÍTIMA	FINALIZADA	SAN MARTIN	AV GENERAL SAN MARTIN	""	""	EM FRENTE A CAVALARIA	SAN MARTIN	""	""	COLISÃO TRANSVERSAL	0,0	1,0	0,0	0,0	0,0	0,0	0,0	0,0	0,0	1,0	0,0	""	""	""	""	""	""	""	""	""	""	""	""	""
2196	202319321,0	2023-08-19T00:00:00	09:25:00	COM VÍTIMA	FINALIZADA	TORRE	RUA MELQUISEDEQUE DE LIMA	13	""	EM FRENTE DO FRUTE VERDE	TORRE	""	""	COLISÃO LATERAL	0,0	1,0	0,0	0,0	0,0	0,0	0,0	0,0	0,0	1,0	0,0	""	""	""	""	""	""	""	""	""	""	""	""	""
2197	202319326,0	2023-08-20T00:00:00	01:38:00	COM VÍTIMA	FINALIZADA	BOA VIAGEM	RUA VISCONDE DE JEQUITINHONHA	""	""	EM FRENTE AO BAR VILA SETÚBAL	BOA VIAGEM	""	""	COLISÃO FRONTAL	0,0	0,0	0,0	0,0	0,0	0,0	0,0	0,0	0,0	1,0	0,0	""	""	""	""	""	""	""	""	""	""	""	""	""
2198	202319364,0	2023-08-20T00:00:00	12:00:00	COM VÍTIMA	FINALIZADA	IMBIRIBEIRA	RUA MARIA VICENTINA DA SILVA	""	""	APOS A FACULDADE BOA VIAGEM SEGUNDA RUA A DIREITA	IMBIRIBEIRA	""	""	COLISÃO TRASEIRA	1,0	0,0	0,0	0,0	0,0	1,0	0,0	0,0	0,0	1,0	0,0	""	""	""	""	""	""	""	""	""	""	""	""	""
2199	202319368,0	2023-08-20T00:00:00	01:41:00	COM VÍTIMA	FINALIZADA	BOA VISTA	AV GOVERNADOR AGAMENON MAGALHAES	""	""	EM FRENTE AO HOSPITAL MEMORIAL SÃO JOSE	BOA VISTA	6861,0	""	COLISÃO LATERAL	0,0	1,0	0,0	0,0	0,0	0,0	0,0	0,0	0,0	1,0	0,0	""	""	""	""	""	""	""	""	""	""	""	""	""
2200	202319378,0	2023-08-20T00:00:00	04:03:00	COM VÍTIMA	FINALIZADA	BOA VIAGEM	RUA JOAO CARDOSO AIRES	421	""	PROXIMO AO RECIBOM	BOA VIAGEM	574,0	""	COLISÃO LATERAL	1,0	1,0	0,0	0,0	0,0	0,0	0,0	0,0	0,0	1,0	0,0	""	""	""	""	""	""	""	""	""	""	""	""	""
2201	202319384,0	2023-08-20T00:00:00	05:26:00	COM VÍTIMA	FINALIZADA	IBURA	RUA PARNARAMA	44	""	PROXIMO A ECO ESTAÇÃO E AO COLEGIO CRISTIANO CORDEIRO	IBURA	""	""	COLISÃO LATERAL	0,0	1,0	0,0	0,0	0,0	0,0	0,0	0,0	0,0	1,0	0,0	""	""	""	""	""	""	""	""	""	""	""	""	""
2202	202319402,0	2023-08-20T00:00:00	09:40:00	COM VÍTIMA	FINALIZADA	CAXANGA	AV CAXANGA	""	""	EM FRENTE AO COMPAZ MIGUEL ARRAES	CAXANGA	""	""	ATROPELAMENTO DE PESSOA	2,0	0,0	0,0	0,0	2,0	0,0	0,0	0,0	0,0	2,0	0,0	""	""	""	""	""	""	""	""	""	""	""	""	""
2203	202319404,0	2023-08-20T00:00:00	10:27:00	COM VÍTIMA	FINALIZADA	SANTO AMARO	AV GOVERNADOR AGAMENON MAGALHAES	3490	""	PROXIMO AO VIADUTO DA AV NORTE, E POSTO DE GASOLINA PETROBRÁS	SANTO AMARO	""	""	COLISÃO LATERAL	0,0	1,0	0,0	0,0	0,0	0,0	0,0	0,0	0,0	1,0	0,0	""	""	""	""	""	""	""	""	""	""	""	""	""
2204	202319406,0	2023-08-20T00:00:00	10:40:00	COM VÍTIMA	FINALIZADA	MADALENA	RUA JOSE OSORIO	""	AV VISCONDE DE ALBUQUERQUE	EM FRENTE A EXTRA FARMA	MADALENA	50,0	""	COLISÃO LATERAL	0,0	2,0	0,0	0,0	0,0	0,0	0,0	0,0	0,0	1,0	0,0	""	""	""	""	""	""	""	""	""	""	""	""	""
2205	202319414,0	2023-08-21T00:00:00	06:22:00	COM VÍTIMA	FINALIZADA	IBURA	RUA RIO XINGU	""	""	EM FRENTE A PADARIA PAN ZILDA	IBURA	""	""	COLISÃO LATERAL	0,0	1,0	0,0	0,0	0,0	0,0	0,0	0,0	8,0	1,0	0,0	""	""	""	""	""	""	""	""	""	""	""	""	""
2206	202319415,0	2023-08-21T00:00:00	06:37:00	COM VÍTIMA	FINALIZADA	APIPUCOS	RUA DE APIPUCOS	""	RUA CORONEL JOAO BATISTA DO REGO BARROS	PROX. AO POSTO DE SAUDE SÃO JOAO	APIPUCOS	540,0	""	COLISÃO LATERAL	1,0	1,0	0,0	0,0	0,0	0,0	0,0	0,0	0,0	1,0	0,0	""	""	""	""	""	""	""	""	""	""	""	""	""
2207	202319417,0	2023-08-21T00:00:00	07:11:00	COM VÍTIMA	FINALIZADA	IMBIRIBEIRA	AVENIDA CELSO FURTADO (VIA MANGUE)	""	""	COMPLEXO DO VIDUTO ENG. ANTONIO DE QUIEROS GALVÃO	IMBIRIBEIRA	""	""	QUEDA	0,0	1,0	0,0	0,0	0,0	0,0	0,0	0,0	0,0	2,0	0,0	""	""	""	""	""	""	""	""	""	""	""	""	""
2208	202319418,0	2023-08-21T00:00:00	07:16:00	COM VÍTIMA	FINALIZADA	BOA VISTA	RUA GONCALVES MAIA	""	""	PROX AO CONSULADO AMERICANO	BOA VISTA	""	""	COLISÃO FRONTAL	0,0	1,0	0,0	0,0	0,0	0,0	0,0	0,0	0,0	1,0	0,0	""	""	""	""	""	""	""	""	""	""	""	""	""
2209	202319421,0	2023-08-21T00:00:00	07:44:00	SEM VÍTIMA	FINALIZADA	BOA VIAGEM	RUA VISCONDE DE JEQUITINHONHA	""	""	APÓS A CAPELA DE NOSSA SRA DO LORETO	BOA VIAGEM	""	SUBURBIO	COLISÃO TRASEIRA	3,0	0,0	0,0	0,0	0,0	0,0	0,0	0,0	0,0	0,0	0,0	""	""	""	""	""	""	""	""	""	""	""	""	""
2210	202319433,0	2023-08-21T00:00:00	09:32:00	COM VÍTIMA	DUPLICIDADE	IMBIRIBEIRA	AV MARECHAL MASCARENHAS DE MORAES	""	""	EM FRENTE A TOYLEX /PROX A VIADUTO	IMBIRIBEIRA	""	""	COLISÃO LATERAL	1,0	0,0	0,0	0,0	0,0	0,0	0,0	0,0	0,0	1,0	0,0	""	""	""	""	""	""	""	""	""	""	""	""	""
2211	202319435,0	2023-08-21T00:00:00	09:44:00	COM VÍTIMA	FINALIZADA	IMBIRIBEIRA	AV MARECHAL MASCARENHAS DE MORAES	4555	""	TOYOLEX	IMBIRIBEIRA	""	""	COLISÃO TRASEIRA	2,0	0,0	0,0	0,0	0,0	0,0	0,0	0,0	0,0	1,0	0,0	""	""	""	""	""	""	""	""	""	""	""	""	""
2212	202319437,0	2023-08-21T00:00:00	10:03:00	COM VÍTIMA	FINALIZADA	JOANA BEZERRA	VIADUTO CAPITAO TEMUDO	""	""	SOBRE VIADUTO NO SENTIDO OLINDA / ANTES DO HOSPITAL PORTUGUÊS	JOANA BEZERRA	""	""	COLISÃO FRONTAL	0,0	1,0	0,0	0,0	0,0	0,0	0,0	0,0	0,0	1,0	0,0	""	""	""	""	""	""	""	""	""	""	""	""	""
2213	202319439,0	2023-08-21T00:00:00	10:09:00	COM VÍTIMA	FINALIZADA	SANTO AMARO	AV GOVERNADOR AGAMENON MAGALHAES	""	""	NA DESCIDA DO VIADUTO AO LADO DO SHOPPING TACARUNA, SENT. BOA VIAGEM	SANTO AMARO	""	""	COLISÃO LATERAL	0,0	1,0	0,0	0,0	0,0	0,0	0,0	0,0	0,0	1,0	0,0	""	""	""	""	""	""	""	""	""	""	""	""	""
2214	202319441,0	2023-08-21T00:00:00	10:19:00	COM VÍTIMA	FINALIZADA	SANTO AMARO	AV CRUZ CABUGA	""	""	E/F ASSEMBLEIA DE DEUS	SANTO AMARO	""	""	COLISÃO TRASEIRA	1,0	1,0	0,0	0,0	0,0	0,0	0,0	0,0	0,0	1,0	0,0	""	""	""	""	""	""	""	""	""	""	""	""	""
2215	202319442,0	2023-08-21T00:00:00	10:23:00	COM VÍTIMA	FINALIZADA	PRADO	AV ENGENHEIRO ABDIAS DE CARVALHO	""	""	PROX. A HABIB´S	PRADO	""	""	COLISÃO LATERAL	0,0	1,0	0,0	0,0	0,0	0,0	0,0	0,0	0,0	1,0	0,0	""	""	""	""	""	""	""	""	""	""	""	""	""
2216	202319445,0	2023-08-21T00:00:00	10:56:00	COM VÍTIMA	FINALIZADA	TAMARINEIRA	AV CONS ROSA E SILVA	1108	""	POSTO SHEL	TAMARINEIRA	""	""	COLISÃO LATERAL	1,0	0,0	0,0	1,0	0,0	0,0	0,0	0,0	0,0	1,0	0,0	""	""	""	""	""	""	""	""	""	""	""	""	""
2217	202319447,0	2023-08-21T00:00:00	11:06:00	COM VÍTIMA	FINALIZADA	IPUTINGA	AV CAXANGA	""	""	EM FRENTE A LOJA DE VEICULOS SM PRIME / EM FRENTE DA ESTAÇÃO BRT PARQUE DO CORDEIRO	IPUTINGA	""	""	COLISÃO FRONTAL	0,0	1,0	0,0	0,0	0,0	0,0	0,0	0,0	0,0	1,0	0,0	""	""	""	""	""	""	""	""	""	""	""	""	""
2218	202319458,0	2023-08-21T00:00:00	01:19:00	COM VÍTIMA	FINALIZADA	ILHA DO RETIRO	AV ENGENHEIRO ABDIAS DE CARVALHO	""	""	DE FRENTE A LOJA DO SPORT	ILHA DO RETIRO	""	""	COLISÃO TRASEIRA	1,0	1,0	0,0	0,0	0,0	0,0	0,0	0,0	0,0	1,0	0,0	""	""	""	""	""	""	""	""	""	""	""	""	""
2219	202319473,0	2023-08-21T00:00:00	04:34:00	COM VÍTIMA	FINALIZADA	AGUA FRIA	RUA NAZARE	64	""	PROXIMO AO MERCADO PUBLICO DE ÁGUA FRIA E PROXIMO A NEXOS TELECON	AGUA FRIA	""	""	COLISÃO LATERAL	0,0	1,0	0,0	0,0	0,0	0,0	0,0	0,0	0,0	1,0	0,0	""	""	""	""	""	""	""	""	""	""	""	""	""
2220	202319475,0	2023-08-21T00:00:00	12:00:00	COM VÍTIMA	FINALIZADA	BONGI	AV ENGENHEIRO ABDIAS DE CARVALHO	2248	""	PROXIMO AO TROCÃO E PROXIMO AO SR AUTO PEÇAS	BONGI	""	""	CHOQUE	1,0	0,0	0,0	0,0	0,0	0,0	0,0	0,0	0,0	1,0	0,0	""	""	""	""	""	""	""	""	""	""	""	""	""
2221	202319478,0	2023-08-21T00:00:00	06:25:00	COM VÍTIMA	FINALIZADA	BOA VIAGEM	AV CONSELHEIRO AGUIAR	""	""	SEMÁFORO 005	BOA VIAGEM	""	""	COLISÃO LATERAL	1,0	1,0	0,0	0,0	0,0	0,0	0,0	0,0	0,0	1,0	0,0	""	""	""	""	""	""	""	""	""	""	""	""	""
2222	202319481,0	2023-08-21T00:00:00	06:51:00	COM VÍTIMA	FINALIZADA	MANGABEIRA	AV NORTE MIGUEL ARRAES DE ALENCAR	""	""	SESC CASA AMARELA	MANGABEIRA	""	""	COLISÃO LATERAL	0,0	0,0	0,0	0,0	0,0	0,0	0,0	0,0	0,0	1,0	0,0	""	""	""	""	""	""	""	""	""	""	""	""	""
2223	202319489,0	2023-08-21T00:00:00	08:31:00	COM VÍTIMA	FINALIZADA	MADALENA	RUA REAL DA TORRE	""	""	PROXIMO À ESCOLA JOAQUIM TÁVORA E AO TÚNEL DA ABOLIÇÃO	MADALENA	""	""	COLISÃO LATERAL	1,0	1,0	0,0	0,0	0,0	0,0	0,0	0,0	0,0	1,0	0,0	""	""	""	""	""	""	""	""	""	""	""	""	""
2224	202319490,0	2023-08-21T00:00:00	08:31:00	COM VÍTIMA	FINALIZADA	BOA VISTA	RUA DOM BOSCO	1000	""	PROXIMO AO SAMU	BOA VISTA	""	""	COLISÃO LATERAL	1,0	1,0	0,0	0,0	0,0	0,0	0,0	0,0	0,0	1,0	0,0	""	""	""	""	""	""	""	""	""	""	""	""	""
2225	202319492,0	2023-08-21T00:00:00	09:04:00	COM VÍTIMA	FINALIZADA	SANTO AMARO	AV GOVERNADOR AGAMENON MAGALHAES	7954	""	PROX AO POSTO DE COMBUSTÍVEL DISLUB	SANTO AMARO	""	SUBURBIO	COLISÃO LATERAL	0,0	2,0	0,0	0,0	0,0	0,0	0,0	0,0	0,0	1,0	0,0	""	""	""	""	""	""	""	""	""	""	""	""	""
2226	202319493,0	2023-08-21T00:00:00	09:18:00	COM VÍTIMA	FINALIZADA	BARRO	AV DR JOSE RUFINO	""	""	SOBRE O VIADUTO DA BR-101	BARRO	""	""	COLISÃO FRONTAL	0,0	0,0	0,0	0,0	0,0	0,0	0,0	0,0	0,0	1,0	0,0	""	""	""	""	""	""	""	""	""	""	""	""	""
2227	202319500,0	2023-08-22T00:00:00	03:16:00	SEM VÍTIMA	FINALIZADA	SAO JOSE	RUA REALEZA	5	""	AO LADO DO NÚMERO 05	SAO JOSE	""	CIDADE	CHOQUE	1,0	0,0	0,0	0,0	0,0	0,0	0,0	0,0	0,0	0,0	0,0	""	""	""	""	""	""	""	""	""	""	""	""	""
2228	202319503,0	2023-08-22T00:00:00	06:54:00	COM VÍTIMA	FINALIZADA	SAN MARTIN	AV JOAO CABRAL DE MELO NETO	134	""	RESTAURANTE XODO	SAN MARTIN	""	""	COLISÃO LATERAL	1,0	1,0	0,0	0,0	0,0	0,0	0,0	0,0	0,0	1,0	0,0	""	""	""	""	""	""	""	""	""	""	""	""	""
2229	202319515,0	2023-08-22T00:00:00	07:16:00	COM VÍTIMA	FINALIZADA	IBURA	AV SANTOS	""	""	PX A COMPESA	IBURA	""	""	COLISÃO LATERAL	0,0	1,0	0,0	0,0	0,0	0,0	0,0	0,0	0,0	1,0	0,0	""	""	""	""	""	""	""	""	""	""	""	""	""