_id	Protocolo	data	hora	natureza	situacao	bairro	endereco	numero	detalhe_endereco_acidente	complemento	bairro_cruzamento	num_semaforo	sentido_via	tipo	auto	moto	ciclom	ciclista	pedestre	onibus	caminhao	viatura	outros	vitimas	vitimasfatais	acidente_verificado	tempo_clima	situacao_semaforo	sinalizacao	condicao_via	conservacao_via	ponto_controle	situacao_placa	velocidade_max_via	mao_direcao	divisao_via1	divisao_via2	divisao_via3
2298	202320059,0	2023-08-28T00:00:00	01:41:00	COM VÍTIMA	FINALIZADA	BOA VIAGEM	RUA JOAO CARDOSO AIRES	1038	""	COLÉGIO MADRE DE DEUS	BOA VIAGEM	""	""	COLISÃO LATERAL	0,0	0,0	0,0	0,0	0,0	0,0	0,0	0,0	0,0	1,0	0,0	""	""	""	""	""	""	""	""	""	""	""	""	""
2299	202320062,0	2023-08-28T00:00:00	02:23:00	COM VÍTIMA	FINALIZADA	CAXANGA	RUA EMILIANO BRAGA	560	""	TERMINAL DA CDU / ESCOLA CONHECER	CAXANGA	""	""	COLISÃO TRANSVERSAL	0,0	1,0	0,0	0,0	0,0	1,0	0,0	0,0	0,0	1,0	0,0	""	""	""	""	""	""	""	""	""	""	""	""	""
2300	202320070,0	2023-08-28T00:00:00	04:25:00	COM VÍTIMA	FINALIZADA	DERBY	AV GOVERNADOR AGAMENON MAGALHAES	""	""	""	DERBY	75,0	OLINDA	ATROPELAMENTO DE PESSOA	0,0	1,0	0,0	0,0	1,0	0,0	0,0	0,0	0,0	2,0	0,0	""	""	""	""	""	""	""	""	""	""	""	""	""
2301	202320074,0	2023-08-28T00:00:00	05:06:00	COM VÍTIMA	FINALIZADA	TAMARINEIRA	RUA JOSE DE VASCONCELOS	""	RUA VISCONDE DE ABAETE	NA FRENTE DO COLEGIO ANGULO DA TAMARINEIRA	TAMARINEIRA	""	""	COLISÃO FRONTAL	0,0	2,0	0,0	0,0	0,0	0,0	0,0	0,0	0,0	1,0	0,0	""	""	""	""	""	""	""	""	""	""	""	""	""
2302	202320076,0	2023-08-28T00:00:00	05:19:00	COM VÍTIMA	FINALIZADA	IMBIRIBEIRA	RUA SARGENTO SILVINO DE MACEDO	179	""	COLÉGIO GGE	IMBIRIBEIRA	""	""	COLISÃO LATERAL	0,0	0,0	0,0	0,0	0,0	0,0	0,0	0,0	0,0	1,0	0,0	""	""	""	""	""	""	""	""	""	""	""	""	""
2303	202320077,0	2023-08-28T00:00:00	05:19:00	COM VÍTIMA	FINALIZADA	CAXANGA	AV CAXANGA	4938	""	BOI E BRASA	CAXANGA	""	""	COLISÃO LATERAL	0,0	0,0	0,0	0,0	0,0	0,0	0,0	0,0	0,0	1,0	0,0	""	""	""	""	""	""	""	""	""	""	""	""	""
2304	202320081,0	2023-08-28T00:00:00	05:58:00	COM VÍTIMA	FINALIZADA	JARDIM SAO PAULO	RUA BRAGANCA	459	""	TATU DIESEL	JARDIM SAO PAULO	""	""	COLISÃO LATERAL	0,0	0,0	0,0	0,0	0,0	0,0	0,0	0,0	0,0	1,0	0,0	""	""	""	""	""	""	""	""	""	""	""	""	""
2305	202320082,0	2023-08-28T00:00:00	05:58:00	COM VÍTIMA	FINALIZADA	IMBIRIBEIRA	RUA ALFREDO MARCONDES	190	""	IGREJA DA RECONCILIAÇÃO	IMBIRIBEIRA	""	""	COLISÃO LATERAL	0,0	0,0	0,0	0,0	0,0	0,0	0,0	0,0	0,0	1,0	0,0	""	""	""	""	""	""	""	""	""	""	""	""	""
2306	202320090,0	2023-08-28T00:00:00	07:34:00	COM VÍTIMA	FINALIZADA	IBURA	AV DOIS RIOS	""	""	POLICLINICA ARNALDO MARQUES	IBURA	""	""	CHOQUE	1,0	1,0	0,0	0,0	0,0	0,0	1,0	0,0	0,0	1,0	0,0	""	""	""	""	""	""	""	""	""	""	""	""	""
2307	202320095,0	2023-08-28T00:00:00	08:31:00	COM VÍTIMA	FINALIZADA	IMBIRIBEIRA	AV MARECHAL MASCARENHAS DE MORAES	""	""	AEROPORTO DO RECIFE	IMBIRIBEIRA	""	""	COLISÃO FRONTAL	0,0	3,0	0,0	0,0	0,0	0,0	0,0	0,0	0,0	1,0	0,0	""	""	""	""	""	""	""	""	""	""	""	""	""
2308	202320096,0	2023-08-28T00:00:00	08:48:00	COM VÍTIMA	CANCELADA	JARDIM SAO PAULO	RUA LEANDRO BARRETO	572	""	EM FRENTE A ACADEMIA ARENA	JARDIM SAO PAULO	""	""	COLISÃO FRONTAL	0,0	1,0	0,0	0,0	0,0	0,0	0,0	0,0	0,0	1,0	0,0	""	""	""	""	""	""	""	""	""	""	""	""	""
2309	202320098,0	2023-08-28T00:00:00	10:39:00	COM VÍTIMA	CANCELADA	JOANA BEZERRA	VIADUTO CAPITAO TEMUDO	""	""	SENTIDO OLINDA	JOANA BEZERRA	""	""	COLISÃO LATERAL	0,0	1,0	0,0	0,0	0,0	0,0	0,0	0,0	0,0	1,0	0,0	""	""	""	""	""	""	""	""	""	""	""	""	""
2310	202320099,0	2023-08-29T00:00:00	12:09:00	COM VÍTIMA	FINALIZADA	MADALENA	AV ENGENHEIRO ABDIAS DE CARVALHO	1601	""	"EM FRENTE A LANCHONETE BOB""S"	MADALENA	""	""	COLISÃO TRANSVERSAL	0,0	1,0	0,0	0,0	0,0	0,0	0,0	0,0	0,0	1,0	0,0	""	""	""	""	""	""	""	""	""	""	""	""	""
2311	202320102,0	2023-08-29T00:00:00	05:36:00	COM VÍTIMA	FINALIZADA	SANTO AMARO	AV GOVERNADOR AGAMENON MAGALHAES	""	RUA ODORICO MENDES	PRÓXIMO À CEHAB  - SENTIDO BOA VIAGEM	SANTO AMARO	""	""	COLISÃO LATERAL	1,0	1,0	0,0	0,0	0,0	0,0	0,0	0,0	0,0	1,0	0,0	""	""	""	""	""	""	""	""	""	""	""	""	""
2312	202320103,0	2023-08-29T00:00:00	06:47:00	COM VÍTIMA	FINALIZADA	CAXANGA	RUA RIBEIRO PESSOA	208	""	SENT. DOIS IRMÃOS APOS A UPA	CAXANGA	""	""	COLISÃO LATERAL	1,0	1,0	0,0	0,0	0,0	0,0	0,0	0,0	0,0	1,0	0,0	""	""	""	""	""	""	""	""	""	""	""	""	""
2313	202320105,0	2023-08-29T00:00:00	07:30:00	COM VÍTIMA	DUPLICIDADE	CAXANGA	AV CAXANGA	""	1SB DA JOSELIA	EM FRENTE A UPA	CAXANGA	""	""	COLISÃO LATERAL	0,0	1,0	0,0	0,0	0,0	0,0	0,0	0,0	0,0	1,0	0,0	""	""	""	""	""	""	""	""	""	""	""	""	""
2314	202320117,0	2023-08-29T00:00:00	08:49:00	COM VÍTIMA	FINALIZADA	DOIS IRMAOS	RUA MANUEL DE MEDEIROS	""	""	PROX. A UFRPE E ESCOLA LIONS DE PARNAMIRIM	DOIS IRMAOS	""	""	COLISÃO LATERAL	0,0	1,0	0,0	0,0	0,0	0,0	0,0	0,0	0,0	1,0	0,0	""	""	""	""	""	""	""	""	""	""	""	""	""
2315	202320129,0	2023-08-29T00:00:00	11:23:00	COM VÍTIMA	FINALIZADA	TOTO	RUA JUVENCIO MARQUES DA CUNHA	""	""	EM FRENTE A CAPELINHA SÃO JOSÉ DO TOTO	TOTO	""	""	COLISÃO LATERAL	0,0	1,0	0,0	0,0	0,0	0,0	0,0	0,0	0,0	1,0	0,0	""	""	""	""	""	""	""	""	""	""	""	""	""
2316	202320136,0	2023-08-29T00:00:00	12:21:00	COM VÍTIMA	FINALIZADA	AREIAS	AV RECIFE	""	""	NO SEMAFORO 085  VT 21 NO LOCAL	AREIAS	""	""	COLISÃO LATERAL	1,0	1,0	0,0	0,0	0,0	0,0	0,0	0,0	0,0	1,0	0,0	""	""	""	""	""	""	""	""	""	""	""	""	""
2317	202320146,0	2023-08-29T00:00:00	02:15:00	COM VÍTIMA	FINALIZADA	BEBERIBE	RUA URIEL DE HOLANDA	473	""	PRAÇA DA CONVENÇÃO	BEBERIBE	""	""	COLISÃO LATERAL	0,0	0,0	0,0	0,0	0,0	0,0	0,0	0,0	0,0	1,0	0,0	""	""	""	""	""	""	""	""	""	""	""	""	""
2318	202320152,0	2023-08-29T00:00:00	04:48:00	COM VÍTIMA	FINALIZADA	SANTO AMARO	AV GOVERNADOR AGAMENON MAGALHAES	8985	""	PROXIMO AO SHOPPING TACARUNA E ANTES DO ESPAÇO CIÊNCIAS	SANTO AMARO	""	""	COLISÃO LATERAL	0,0	1,0	0,0	0,0	0,0	0,0	0,0	0,0	0,0	1,0	0,0	""	""	""	""	""	""	""	""	""	""	""	""	""
2319	202320153,0	2023-08-29T00:00:00	05:43:00	COM VÍTIMA	FINALIZADA	IPSEP	AV RECIFE	""	""	SPLASH PISCINAS / SUPERMERCADO ECONOMICO	IPSEP	""	""	COLISÃO TRASEIRA	0,0	1,0	0,0	0,0	0,0	0,0	1,0	0,0	0,0	1,0	0,0	""	""	""	""	""	""	""	""	""	""	""	""	""
2320	202320155,0	2023-08-29T00:00:00	06:39:00	COM VÍTIMA	FINALIZADA	BOMBA DO HEMETERIO	RUA BOMBA DO HEMETERIO	484	""	EXTRA ATACAREJO	BOMBA DO HEMETERIO	""	""	COLISÃO LATERAL	0,0	0,0	0,0	0,0	0,0	0,0	0,0	0,0	0,0	1,0	0,0	""	""	""	""	""	""	""	""	""	""	""	""	""
2321	202320157,0	2023-08-29T00:00:00	07:28:00	COM VÍTIMA	FINALIZADA	BONGI	AV ENGENHEIRO ABDIAS DE CARVALHO	""	""	PRÓXIMO AOS CORREIOS	BONGI	""	""	COLISÃO LATERAL	1,0	1,0	0,0	0,0	0,0	0,0	0,0	0,0	0,0	1,0	0,0	""	""	""	""	""	""	""	""	""	""	""	""	""
2322	202320160,0	2023-08-29T00:00:00	07:57:00	COM VÍTIMA	FINALIZADA	SANTO AMARO	RUA DOS PALMARES	""	RUA TREZE DE MAIO	""	SANTO AMARO	""	""	COLISÃO LATERAL	1,0	1,0	0,0	0,0	0,0	0,0	0,0	0,0	0,0	2,0	0,0	""	""	""	""	""	""	""	""	""	""	""	""	""
2323	202320180,0	2023-08-30T00:00:00	06:48:00	COM VÍTIMA	FINALIZADA	CASA AMARELA	RUA EUGENIO SAMICO	""	RUA PAULA BATISTA	POR TRAS DA PRAÇA DO TRABALHO	CASA AMARELA	""	""	COLISÃO FRONTAL	1,0	1,0	0,0	0,0	0,0	0,0	0,0	0,0	0,0	1,0	0,0	""	""	""	""	""	""	""	""	""	""	""	""	""
2324	202320188,0	2023-08-30T00:00:00	07:49:00	SEM VÍTIMA	FINALIZADA	JAQUEIRA	AV RUI BARBOSA	""	""	EM FRENTE AO PARQUE DA  JAQUEIRA	JAQUEIRA	452,0	CIDADE	CHOQUE	1,0	0,0	0,0	0,0	0,0	0,0	0,0	0,0	0,0	0,0	0,0	""	""	""	""	""	""	""	""	""	""	""	""	""
2325	202320189,0	2023-08-30T00:00:00	07:56:00	COM VÍTIMA	FINALIZADA	JORDAO	RUA EMILIO MONTEIRO FONSECA	""	""	APOS O TERMINAL DE ONIBUS DO JORDAO BAIXO, PROX. A IGREJA ASSEMBLEIA DE DEUS	JORDAO	""	""	COLISÃO LATERAL	0,0	1,0	0,0	0,0	0,0	0,0	0,0	0,0	0,0	1,0	0,0	""	""	""	""	""	""	""	""	""	""	""	""	""
2326	202320192,0	2023-08-30T00:00:00	08:16:00	COM VÍTIMA	FINALIZADA	IMBIRIBEIRA	AV MARECHAL MASCARENHAS DE MORAES	2666	""	EM FRENTE A CENTER AÇO E GERALDÃO	IMBIRIBEIRA	""	""	COLISÃO LATERAL	0,0	1,0	0,0	0,0	0,0	0,0	0,0	0,0	0,0	1,0	0,0	""	""	""	""	""	""	""	""	""	""	""	""	""
2327	202320199,0	2023-08-30T00:00:00	08:58:00	COM VÍTIMA	FINALIZADA	PRADO	AV ENGENHEIRO ABDIAS DE CARVALHO	""	""	EM FRENTE A OFICINA SR. AUTO PEÇAS, PROX. A FACULDADE ESTACIO	PRADO	""	""	COLISÃO LATERAL	0,0	1,0	0,0	0,0	0,0	0,0	0,0	0,0	0,0	1,0	0,0	""	""	""	""	""	""	""	""	""	""	""	""	""
2328	202320203,0	2023-08-30T00:00:00	09:39:00	COM VÍTIMA	FINALIZADA	BOA VIAGEM	RUA VISCONDE DE JEQUITINHONHA	876	""	POR TRAS DO PARQUE DONA LINDU	BOA VIAGEM	""	""	COLISÃO LATERAL	0,0	1,0	0,0	0,0	0,0	0,0	0,0	0,0	0,0	1,0	0,0	""	""	""	""	""	""	""	""	""	""	""	""	""
2329	202320206,0	2023-08-30T00:00:00	09:49:00	COM VÍTIMA	FINALIZADA	ILHA DO LEITE	AV GOVERNADOR AGAMENON MAGALHAES	""	""	NA DESCIDA DO VIADUTO DE JOANA BEZERRA, SENTIDO OLINDA /  PROX AO EMPRESARIAL CHARLES DAWIS	ILHA DO LEITE	""	""	COLISÃO LATERAL	0,0	1,0	0,0	0,0	0,0	0,0	0,0	0,0	0,0	1,0	0,0	""	""	""	""	""	""	""	""	""	""	""	""	""
2330	202320216,0	2023-08-30T00:00:00	12:47:00	COM VÍTIMA	FINALIZADA	VARZEA	RUA GENERAL POLIDORO	1050	""	PROX AO HOSPITAL DAS CLINICAS / EM FRENTE AO POSTO DE GASOLINA BR	VARZEA	""	""	COLISÃO LATERAL	0,0	1,0	0,0	0,0	0,0	0,0	0,0	0,0	0,0	1,0	0,0	""	""	""	""	""	""	""	""	""	""	""	""	""
2331	202320217,0	2023-08-30T00:00:00	01:15:00	SEM VÍTIMA	FINALIZADA	BOA VIAGEM	RUA PADRE BERNADINO PESSOA	47B	""	PROX PAMESA E O CURSO DE INGLES WIZARD	BOA VIAGEM	""	""	COLISÃO TRASEIRA	1,0	0,0	0,0	0,0	0,0	0,0	0,0	1,0	0,0	0,0	0,0	""	""	""	""	""	""	""	""	""	""	""	""	""
2332	202320232,0	2023-08-30T00:00:00	03:14:00	COM VÍTIMA	FINALIZADA	ENGENHO DO MEIO	AV VISCONDE DE SAO LEOPOLDO	813	""	TERMINAL DE ÔNIBUS DO ENGENHO DO MEIO	ENGENHO DO MEIO	""	""	COLISÃO LATERAL	0,0	1,0	0,0	0,0	0,0	0,0	0,0	0,0	0,0	1,0	0,0	""	""	""	""	""	""	""	""	""	""	""	""	""
2333	202320233,0	2023-08-30T00:00:00	03:15:00	SEM VÍTIMA	FINALIZADA	IMBIRIBEIRA	AV MARECHAL MASCARENHAS DE MORAES	""	RUA NORUEGA	BATERIAS MOURA	IMBIRIBEIRA	631,0	SUBURBIO	COLISÃO	1,0	0,0	0,0	0,0	0,0	0,0	0,0	1,0	0,0	0,0	0,0	""	""	""	""	""	""	""	""	""	""	""	""	""
2334	202320239,0	2023-08-30T00:00:00	04:43:00	COM VÍTIMA	FINALIZADA	IPSEP	AV RAIMUNDO DINIZ	557	""	PADARIA VILA DO PÃO	IPSEP	""	""	COLISÃO LATERAL	0,0	0,0	0,0	0,0	0,0	0,0	0,0	0,0	0,0	1,0	0,0	""	""	""	""	""	""	""	""	""	""	""	""	""
2335	202320265,0	2023-08-30T00:00:00	09:14:00	COM VÍTIMA	CANCELADA	APIPUCOS	RUA MANDACARU	585	""	PRÓXIMO A O AÇUDE DE APIPUCOS	APIPUCOS	""	""	COLISÃO TRANSVERSAL	0,0	1,0	0,0	0,0	0,0	0,0	0,0	0,0	0,0	1,0	0,0	""	""	""	""	""	""	""	""	""	""	""	""	""
2336	202320267,0	2023-08-30T00:00:00	11:00:00	COM VÍTIMA	FINALIZADA	IMBIRIBEIRA	AV MARECHAL MASCARENHAS DE MORAES	""	""	E/F À CONCESSIONÁRIA VENEZA DIESEL  - SENTIDO AFOGADOS	IMBIRIBEIRA	""	""	COLISÃO TRASEIRA	1,0	0,0	0,0	1,0	0,0	0,0	0,0	0,0	0,0	2,0	0,0	""	""	""	""	""	""	""	""	""	""	""	""	""
2337	202320278,0	2023-08-31T00:00:00	07:04:00	COM VÍTIMA	FINALIZADA	ENCRUZILHADA	AV NORTE MIGUEL ARRAES DE ALENCAR	""	""	PROX. AO POSTO DE GASOLINA DISLUB E NEW JATO	ENCRUZILHADA	""	""	COLISÃO LATERAL	0,0	1,0	0,0	0,0	0,0	0,0	0,0	0,0	0,0	1,0	0,0	""	""	""	""	""	""	""	""	""	""	""	""	""
2338	202320279,0	2023-08-31T00:00:00	07:12:00	COM VÍTIMA	FINALIZADA	IBURA	AV DOM HELDER CAMARA	""	""	PROX. A NUPREV, NA ENTRADA DO IBURA	IBURA	""	""	COLISÃO LATERAL	0,0	1,0	0,0	0,0	0,0	0,0	0,0	0,0	0,0	1,0	0,0	""	""	""	""	""	""	""	""	""	""	""	""	""
2339	202320283,0	2023-08-31T00:00:00	07:23:00	COM VÍTIMA	DUPLICIDADE	IBURA	AV DOM HELDER CAMARA	""	""	NUCLEO DA POLICIA MILITAR	IBURA	""	""	COLISÃO FRONTAL	1,0	1,0	0,0	0,0	0,0	0,0	0,0	0,0	0,0	1,0	0,0	""	""	""	""	""	""	""	""	""	""	""	""	""
2340	202320287,0	2023-08-31T00:00:00	07:52:00	COM VÍTIMA	FINALIZADA	IPUTINGA	AV CAXANGA	""	""	PROX. A IGREJA PAZ E VIDA, EM FRENTE AO GOLF CLUB	IPUTINGA	""	""	COLISÃO LATERAL	0,0	1,0	0,0	0,0	0,0	0,0	0,0	0,0	0,0	1,0	0,0	""	""	""	""	""	""	""	""	""	""	""	""	""
2341	202320290,0	2023-08-31T00:00:00	08:10:00	SEM VÍTIMA	FINALIZADA	SANTO AMARO	RUA PRINCESA IZABEL	""	""	CAMERA DE VEREADORES	SANTO AMARO	""	""	COLISÃO LATERAL	1,0	1,0	0,0	0,0	0,0	0,0	0,0	0,0	0,0	0,0	0,0	""	""	""	""	""	""	""	""	""	""	""	""	""
2342	202320294,0	2023-08-31T00:00:00	08:24:00	COM VÍTIMA	FINALIZADA	SAN MARTIN	RUA DELMIRO GOUVEIA	333	""	EM FRENTE A CHESF	SAN MARTIN	""	""	COLISÃO LATERAL	1,0	1,0	0,0	0,0	0,0	0,0	0,0	0,0	0,0	1,0	0,0	""	""	""	""	""	""	""	""	""	""	""	""	""
2343	202320295,0	2023-08-31T00:00:00	08:45:00	COM VÍTIMA	FINALIZADA	SANTO AMARO	RUA ARLINDO MELO	""	""	AO LADO DO SHOPPING TACARUNA, PROX. AO PONTO DE TAXI	SANTO AMARO	""	""	COLISÃO LATERAL	0,0	1,0	0,0	0,0	0,0	0,0	0,0	0,0	0,0	1,0	0,0	""	""	""	""	""	""	""	""	""	""	""	""	""
2344	202320296,0	2023-08-31T00:00:00	08:49:00	COM VÍTIMA	FINALIZADA	BOA VIAGEM	AV ENGENHEIRO DOMINGOS FERREIRA	""	""	PROX. AO EMPRESARIAL MOURA DUBEUX E CONCESSIONARIA NORDESTE IMPORT	BOA VIAGEM	""	""	COLISÃO LATERAL	0,0	1,0	0,0	0,0	0,0	0,0	0,0	0,0	0,0	1,0	0,0	""	""	""	""	""	""	""	""	""	""	""	""	""
2345	202320297,0	2023-08-31T00:00:00	08:49:00	COM VÍTIMA	FINALIZADA	PASSARINHO	RUA PEREIRA BARRETO	2016	""	PROX AO GALPÃO DE AGUA MINERAL VALE NEVADO / PROX A MECEARIA DA IZA / PROX AO NUMERO 2016	PASSARINHO	""	""	COLISÃO LATERAL	0,0	1,0	0,0	0,0	0,0	0,0	0,0	0,0	0,0	1,0	0,0	""	""	""	""	""	""	""	""	""	""	""	""	""
2346	202320306,0	2023-08-31T00:00:00	09:26:00	COM VÍTIMA	DUPLICIDADE	AGUA FRIA	RUA FLORESTOPOLIS	""	""	PROX A COMPESA / TERMINAL DO ONIBUS DE AGUA FRIA	AGUA FRIA	""	""	COLISÃO LATERAL	0,0	1,0	0,0	0,0	0,0	0,0	0,0	0,0	0,0	1,0	0,0	""	""	""	""	""	""	""	""	""	""	""	""	""
2347	202320308,0	2023-08-31T00:00:00	09:30:00	COM VÍTIMA	FINALIZADA	AGUA FRIA	RUA FLORESTOPOLIS	""	""	PROX. A COMPESA E O TERMINAL DE ONIBUS DE AGUA FRIA	AGUA FRIA	""	""	COLISÃO LATERAL	0,0	1,0	0,0	0,0	0,0	0,0	0,0	0,0	0,0	1,0	0,0	""	""	""	""	""	""	""	""	""	""	""	""	""
2348	202320324,0	2023-08-31T00:00:00	11:24:00	SEM VÍTIMA	FINALIZADA	TORRE	RUA CONDE DE IRAJA	360	""	EM FRENTE AO CONDOMÍNIO CINE  TORRE	TORRE	191,0	SUBURBIO	COLISÃO TRASEIRA	0,0	1,0	0,0	0,0	0,0	0,0	0,0	1,0	0,0	0,0	0,0	""	""	""	""	""	""	""	""	""	""	""	""	""
2349	202320330,0	2023-08-31T00:00:00	12:31:00	COM VÍTIMA	FINALIZADA	DOIS IRMAOS	RUA MANUEL DE MEDEIROS	271	""	EM FRENTE A UFRPE E AO PREDIO DA CEGOE	DOIS IRMAOS	""	""	COLISÃO LATERAL	0,0	1,0	0,0	0,0	0,0	0,0	0,0	0,0	0,0	1,0	0,0	""	""	""	""	""	""	""	""	""	""	""	""	""
2350	202320343,0	2023-08-31T00:00:00	04:00:00	COM VÍTIMA	FINALIZADA	SANTO ANTONIO	AV DANTAS BARRETO	2546	""	PROXIMO AO TERMINAL DA 1002 E NO FINAL DO CAMELODROMO	SANTO ANTONIO	""	""	COLISÃO LATERAL	0,0	1,0	0,0	0,0	0,0	0,0	0,0	0,0	0,0	1,0	0,0	""	""	""	""	""	""	""	""	""	""	""	""	""
2351	202320350,0	2023-08-31T00:00:00	06:09:00	COM VÍTIMA	FINALIZADA	TORRE	AV BEIRA RIO	1313	""	PONTE DA TORRE / QUADRA DE FUTEBOL	TORRE	""	""	COLISÃO LATERAL	1,0	1,0	0,0	0,0	0,0	0,0	0,0	0,0	0,0	1,0	0,0	""	""	""	""	""	""	""	""	""	""	""	""	""
2352	202320357,0	2023-09-01T00:00:00	03:54:00	SEM VÍTIMA	FINALIZADA	TAMARINEIRA	RUA GOMES COUTINHO	120	""	TORRES DA TAMARINEIRA	TAMARINEIRA	""	""	COLISÃO LATERAL	4,0	0,0	0,0	0,0	0,0	0,0	0,0	0,0	0,0	0,0	0,0	""	""	""	""	""	""	""	""	""	""	""	""	""
2353	202320386,0	2023-09-01T00:00:00	09:36:00	COM VÍTIMA	FINALIZADA	BOA VIAGEM	AVENIDA CELSO FURTADO (VIA MANGUE)	""	""	SENT. CENTRO,  APOS O ASSAI ATACADISTA	BOA VIAGEM	""	""	COLISÃO	0,0	1,0	0,0	0,0	0,0	0,0	0,0	0,0	0,0	1,0	0,0	""	""	""	""	""	""	""	""	""	""	""	""	""
2354	202320387,0	2023-09-01T00:00:00	09:36:00	COM VÍTIMA	FINALIZADA	APIPUCOS	RUA DE APIPUCOS	235	""	EM FRENTE AO EDF. SARDENHA// APOS O LARGO DO APIPUCOS	APIPUCOS	""	""	COLISÃO	0,0	1,0	0,0	0,0	0,0	0,0	0,0	0,0	0,0	1,0	0,0	""	""	""	""	""	""	""	""	""	""	""	""	""
2355	202320390,0	2023-09-01T00:00:00	10:13:00	COM VÍTIMA	FINALIZADA	AFOGADOS	RUA VINTE E UM DE ABRIL	""	""	PROX A GALERIA CENTER / ESTAÇÃO IPIRANGA / CLUBE FERROVIARIO	AFOGADOS	""	""	COLISÃO LATERAL	2,0	1,0	0,0	0,0	0,0	0,0	0,0	0,0	0,0	1,0	0,0	""	""	""	""	""	""	""	""	""	""	""	""	""
2356	202320399,0	2023-09-01T00:00:00	12:03:00	COM VÍTIMA	FINALIZADA	DOIS UNIDOS	AV HILDEBRANDO DE VASCONCELOS	""	""	PROX A PADARIA ESTELANÇA	DOIS UNIDOS	""	""	COLISÃO	0,0	1,0	0,0	0,0	0,0	0,0	0,0	0,0	0,0	1,0	0,0	""	""	""	""	""	""	""	""	""	""	""	""	""
2357	202320406,0	2023-09-01T00:00:00	12:45:00	COM VÍTIMA	FINALIZADA	TORROES	AV ENGENHEIRO ABDIAS DE CARVALHO	""	""	DEPOIS DA UPA / SENTIDO CURADO PROX A LOMBADA ELETRONICA	TORROES	271,0	""	COLISÃO LATERAL	0,0	2,0	0,0	0,0	0,0	0,0	0,0	0,0	0,0	1,0	0,0	""	""	""	""	""	""	""	""	""	""	""	""	""
2358	202320421,0	2023-09-01T00:00:00	03:49:00	COM VÍTIMA	FINALIZADA	BONGI	AV ENGENHEIRO ABDIAS DE CARVALHO	2266	""	BIG CAR	BONGI	""	""	COLISÃO LATERAL	0,0	0,0	0,0	0,0	0,0	0,0	0,0	0,0	0,0	1,0	0,0	""	""	""	""	""	""	""	""	""	""	""	""	""
2359	202320424,0	2023-09-01T00:00:00	04:46:00	COM VÍTIMA	FINALIZADA	SAO JOSE	RUA DA CONCORDIA	818	""	EM FRENTE A CASA DAS PLACAS E PROXIMO AO SINDICATO DOS TRABALHADORES	SAO JOSE	""	""	COLISÃO LATERAL	0,0	1,0	0,0	0,0	0,0	0,0	0,0	0,0	0,0	1,0	0,0	""	""	""	""	""	""	""	""	""	""	""	""	""
2360	202320426,0	2023-09-01T00:00:00	05:18:00	COM VÍTIMA	FINALIZADA	CAXANGA	PTE PROFESSOR MORAES REGO	37	""	HOSPITAL BARÃO DE LUCENA	CAXANGA	""	""	COLISÃO LATERAL	0,0	0,0	0,0	0,0	0,0	0,0	0,0	0,0	0,0	1,0	0,0	""	""	""	""	""	""	""	""	""	""	""	""	""
2361	202320428,0	2023-09-01T00:00:00	05:50:00	COM VÍTIMA	FINALIZADA	MONTEIRO	AV DEZESSETE DE AGOSTO	211	""	HOSPITAL ERMIRIO DE MORAES	MONTEIRO	""	""	COLISÃO LATERAL	0,0	0,0	0,0	0,0	0,0	0,0	0,0	0,0	0,0	1,0	0,0	""	""	""	""	""	""	""	""	""	""	""	""	""
2362	202320430,0	2023-09-01T00:00:00	06:09:00	COM VÍTIMA	FINALIZADA	ROSARINHO	RUA DR JOSE MARIA	1045	""	PORTAL DA PICANHA	ROSARINHO	""	""	COLISÃO LATERAL	0,0	0,0	0,0	0,0	0,0	0,0	0,0	0,0	0,0	1,0	0,0	""	""	""	""	""	""	""	""	""	""	""	""	""
2363	202320432,0	2023-09-01T00:00:00	06:22:00	COM VÍTIMA	FINALIZADA	IPSEP	RUA PINTOR ANTONIO ALBUQUERQUE	311	""	ASSOCIAÇÃO DOS MOTORISTAS DE PE	IPSEP	""	""	COLISÃO LATERAL	0,0	0,0	0,0	0,0	0,0	0,0	0,0	0,0	0,0	1,0	0,0	""	""	""	""	""	""	""	""	""	""	""	""	""
2364	202320440,0	2023-09-01T00:00:00	07:15:00	VÍTIMA FATAL	FINALIZADA	FUNDAO	AV BEBERIBE	""	""	PROXIMO AO COLEGIO PEDRO AUGUSTO	FUNDAO	""	CIDADE	ATROPELAMENTO DE PESSOA	0,0	0,0	0,0	0,0	1,0	1,0	0,0	0,0	0,0	0,0	1,0	""	""	""	""	""	""	""	""	""	""	""	""	""
2365	202320451,0	2023-09-01T00:00:00	10:58:00	COM VÍTIMA	CANCELADA	PORTO DA MADEIRA	AV BEBERIBE	4024	""	E/F À ANTIGA PIZZARIA DO GORDO	PORTO DA MADEIRA	""	""	COLISÃO TRANSVERSAL	0,0	1,0	0,0	0,0	0,0	0,0	0,0	0,0	0,0	1,0	0,0	""	""	""	""	""	""	""	""	""	""	""	""	""