_id	Protocolo	data	hora	natureza	situacao	bairro	endereco	numero	detalhe_endereco_acidente	complemento	bairro_cruzamento	num_semaforo	sentido_via	tipo	auto	moto	ciclom	ciclista	pedestre	onibus	caminhao	viatura	outros	vitimas	vitimasfatais	acidente_verificado	tempo_clima	situacao_semaforo	sinalizacao	condicao_via	conservacao_via	ponto_controle	situacao_placa	velocidade_max_via	mao_direcao	divisao_via1	divisao_via2	divisao_via3
2435	202320793,0	2023-09-06T00:00:00	08:57:00	COM VÍTIMA	FINALIZADA	IMBIRIBEIRA	AV MARECHAL MASCARENHAS DE MORAES	""	""	EM FRENTE AO HOTEL IBIS , LADO OPOSTO DO AEREOPORTO	IMBIRIBEIRA	""	""	COLISÃO LATERAL	0,0	1,0	0,0	0,0	0,0	0,0	0,0	0,0	0,0	1,0	0,0	""	""	""	""	""	""	""	""	""	""	""	""	""
2436	202320806,0	2023-09-06T00:00:00	11:03:00	COM VÍTIMA	FINALIZADA	BAIRRO DO RECIFE	AV BARBOSA LIMA	""	""	PROX AO MARCO ZERO  / AO LADO DA CAIXA CULTURAL	BAIRRO DO RECIFE	""	""	COLISÃO	0,0	1,0	0,0	0,0	0,0	0,0	0,0	0,0	0,0	1,0	0,0	""	""	""	""	""	""	""	""	""	""	""	""	""
2437	202320808,0	2023-09-06T00:00:00	11:06:00	COM VÍTIMA	FINALIZADA	MADALENA	RUA ERNANI BRAGA	222	""	POR TRAS DO MERCADO PUBLICO DA MADALENA	MADALENA	""	""	COLISÃO LATERAL	1,0	1,0	0,0	0,0	0,0	0,0	0,0	0,0	0,0	1,0	0,0	""	""	""	""	""	""	""	""	""	""	""	""	""
2438	202320812,0	2023-09-06T00:00:00	11:14:00	COM VÍTIMA	FINALIZADA	DERBY	AV GOVERNADOR AGAMENON MAGALHAES	""	""	E/F HOSPITAL DA RESTAURAÇÃO	DERBY	""	""	COLISÃO TRASEIRA	1,0	2,0	0,0	0,0	0,0	0,0	0,0	0,0	0,0	2,0	0,0	""	""	""	""	""	""	""	""	""	""	""	""	""
2439	202320839,0	2023-09-06T00:00:00	04:06:00	COM VÍTIMA	FINALIZADA	IMBIRIBEIRA	RUA JALISCO	""	""	AO LADO DO GINASIO DE ESPORTES GERALDAO	IMBIRIBEIRA	""	""	""	1,0	0,0	0,0	0,0	1,0	0,0	0,0	0,0	0,0	1,0	0,0	""	""	""	""	""	""	""	""	""	""	""	""	""
2440	202320840,0	2023-09-06T00:00:00	04:08:00	COM VÍTIMA	FINALIZADA	IPUTINGA	AV MAURICIO DE NASSAU	1151	""	PROX AO ALTINO VENTURA E AO RESIDENCIAL MULHERES DE TECUJUPAPO	IPUTINGA	""	""	COLISÃO LATERAL	0,0	0,0	0,0	0,0	0,0	0,0	0,0	0,0	0,0	1,0	0,0	""	""	""	""	""	""	""	""	""	""	""	""	""
2441	202320842,0	2023-09-06T00:00:00	04:44:00	COM VÍTIMA	FINALIZADA	CORDEIRO	AV INACIO MONTEIRO	638	""	EM FRENTE A DROGARIA DO CORDEIRO	CORDEIRO	""	""	COLISÃO LATERAL	1,0	1,0	0,0	0,0	0,0	0,0	0,0	0,0	0,0	1,0	0,0	""	""	""	""	""	""	""	""	""	""	""	""	""
2442	202320843,0	2023-09-06T00:00:00	04:49:00	COM VÍTIMA	FINALIZADA	TAMARINEIRA	AV NORTE MIGUEL ARRAES DE ALENCAR	4893	""	PROX AO ANTIGO MOTEL VILA NOVA	TAMARINEIRA	""	""	COLISÃO LATERAL	0,0	1,0	0,0	0,0	0,0	0,0	0,0	0,0	0,0	1,0	0,0	""	""	""	""	""	""	""	""	""	""	""	""	""
2443	202320847,0	2023-09-06T00:00:00	06:55:00	COM VÍTIMA	FINALIZADA	SANTO AMARO	AV GOVERNADOR AGAMENON MAGALHAES	""	""	POSTO DISLUB PRÓX A UPE	SANTO AMARO	""	""	COLISÃO LATERAL	1,0	1,0	0,0	0,0	0,0	0,0	0,0	0,0	0,0	1,0	0,0	""	""	""	""	""	""	""	""	""	""	""	""	""
2444	202320849,0	2023-09-06T00:00:00	07:20:00	COM VÍTIMA	FINALIZADA	BONGI	AV ENGENHEIRO ABDIAS DE CARVALHO	""	""	EM FRENTE A OFICINA POINTS / PRÓXIMO A ENGEFRIO / PRÓXIMO A IGREJA SANTA EDWIRGES	BONGI	""	""	COLISÃO	0,0	1,0	0,0	0,0	0,0	0,0	0,0	0,0	0,0	1,0	0,0	""	""	""	""	""	""	""	""	""	""	""	""	""
2445	202320873,0	2023-09-07T00:00:00	10:08:00	COM VÍTIMA	FINALIZADA	ESTANCIA	AV RECIFE	""	""	LADO OPOSTO AO Nº 150 - ATACADÃO	ESTANCIA	""	SUB	COLISÃO COM CICLISTA	1,0	0,0	0,0	1,0	0,0	0,0	0,0	0,0	0,0	1,0	0,0	""	""	""	""	""	""	""	""	""	""	""	""	""
2446	202320887,0	2023-09-07T00:00:00	01:35:00	COM VÍTIMA	FINALIZADA	IMBIRIBEIRA	RUA PARIS	552	RUA NORUEGA	""	IMBIRIBEIRA	637,0	""	COLISÃO FRONTAL	1,0	2,0	0,0	0,0	0,0	0,0	0,0	0,0	0,0	4,0	0,0	""	""	""	""	""	""	""	""	""	""	""	""	""
2447	202320888,0	2023-09-07T00:00:00	02:47:00	COM VÍTIMA	FINALIZADA	CAMPO GRANDE	RUA ODORICO MENDES	""	""	DROGASIL	CAMPO GRANDE	""	""	COLISÃO LATERAL	0,0	0,0	0,0	0,0	0,0	0,0	0,0	0,0	0,0	1,0	0,0	""	""	""	""	""	""	""	""	""	""	""	""	""
2448	202320889,0	2023-09-07T00:00:00	02:47:00	COM VÍTIMA	DUPLICIDADE	IPSEP	RUA ARQUITETO LUIZ NUNES	""	""	POR TRÁS DO ASSAI	IPSEP	""	""	COLISÃO LATERAL	0,0	0,0	0,0	0,0	0,0	0,0	0,0	0,0	0,0	1,0	0,0	""	""	""	""	""	""	""	""	""	""	""	""	""
2449	202320894,0	2023-09-07T00:00:00	04:05:00	COM VÍTIMA	FINALIZADA	IPUTINGA	AV CAXANGA	3222	""	EM FRENTE À MOTO CRUZ	IPUTINGA	""	""	COLISÃO COM CICLISTA	0,0	1,0	0,0	1,0	0,0	0,0	0,0	0,0	0,0	2,0	0,0	""	""	""	""	""	""	""	""	""	""	""	""	""
2450	202320895,0	2023-09-07T00:00:00	06:19:00	COM VÍTIMA	FINALIZADA	IBURA	AV PERNAMBUCO	104	""	ACADEMIA DE CROSSFIT	IBURA	""	""	COLISÃO LATERAL	0,0	0,0	0,0	0,0	0,0	0,0	0,0	0,0	0,0	1,0	0,0	""	""	""	""	""	""	""	""	""	""	""	""	""
2451	202320904,0	2023-09-07T00:00:00	09:01:00	COM VÍTIMA	CANCELADA	POCO DA PANELA	AV DEZESSETE DE AGOSTO	""	""	PRÓXIMO AO MUSEU DO HOMEM DO HOMEM DO NORDESTE E  BAR CHÁ COM CHITA	POCO DA PANELA	""	""	COLISÃO	0,0	1,0	0,0	0,0	0,0	0,0	0,0	0,0	0,0	1,0	0,0	""	""	""	""	""	""	""	""	""	""	""	""	""
2452	202320912,0	2023-09-08T00:00:00	07:37:00	COM VÍTIMA	DUPLICIDADE	DERBY	AV GOVERNADOR AGAMENON MAGALHAES	""	RUA JOAQUIM NABUCO	SEMAFORO 174. PROXIMO HOSPITAL DA RESTAURAÇÃO SENTIDO BOA VIAGEM	DERBY	""	""	COLISÃO LATERAL	1,0	1,0	0,0	0,0	0,0	0,0	0,0	0,0	0,0	1,0	0,0	""	""	""	""	""	""	""	""	""	""	""	""	""
2453	202320913,0	2023-09-08T00:00:00	07:37:00	COM VÍTIMA	FINALIZADA	DERBY	AV GOVERNADOR AGAMENON MAGALHAES	""	1 TRV DOUTOR SABINO PINHO	EM FRENTE AO HOSPITAL DA RESTAURAÇÃO, SENT. BOA VIAGEM	DERBY	""	""	COLISÃO LATERAL	0,0	1,0	0,0	0,0	0,0	0,0	0,0	0,0	0,0	1,0	0,0	""	""	""	""	""	""	""	""	""	""	""	""	""
2454	202320915,0	2023-09-08T00:00:00	08:03:00	COM VÍTIMA	FINALIZADA	CASA FORTE	AV DEZESSETE DE AGOSTO	""	""	VIA LOCAL, PRAÇA DE CASA FORTE	CASA FORTE	""	""	COLISÃO LATERAL	0,0	1,0	0,0	0,0	0,0	0,0	0,0	0,0	0,0	1,0	0,0	""	""	""	""	""	""	""	""	""	""	""	""	""
2455	202320917,0	2023-09-08T00:00:00	09:21:00	COM VÍTIMA	FINALIZADA	BOA VIAGEM	RUA BARAO DE SOUZA LEAO	""	""	EM FRENTE AO COLEGIOSANTOS DUMONT	BOA VIAGEM	""	""	COLISÃO LATERAL	0,0	1,0	0,0	0,0	0,0	0,0	0,0	0,0	0,0	1,0	0,0	""	""	""	""	""	""	""	""	""	""	""	""	""
2456	202320922,0	2023-09-08T00:00:00	11:16:00	COM VÍTIMA	FINALIZADA	BONGI	AV ENGENHEIRO ABDIAS DE CARVALHO	""	""	PROX A FUNASE CARUARU	BONGI	""	""	COLISÃO	0,0	1,0	0,0	0,0	0,0	0,0	0,0	0,0	0,0	1,0	0,0	""	""	""	""	""	""	""	""	""	""	""	""	""
2457	202320924,0	2023-09-08T00:00:00	01:46:00	COM VÍTIMA	FINALIZADA	BEBERIBE	AV BEBERIBE	""	""	E/F AO MAGAZINE LUIZA PROX  PRAÇA DA CONVENÇAO	BEBERIBE	""	""	COLISÃO LATERAL	0,0	0,0	0,0	0,0	0,0	0,0	0,0	0,0	0,0	1,0	0,0	""	""	""	""	""	""	""	""	""	""	""	""	""
2458	202320927,0	2023-09-08T00:00:00	02:43:00	COM VÍTIMA	FINALIZADA	SANTO AMARO	RUA PRINCESA IZABEL	2097	""	PROXIMO A POLICIA CIVIL	SANTO AMARO	""	""	COLISÃO LATERAL	0,0	1,0	0,0	0,0	0,0	0,0	0,0	0,0	0,0	1,0	0,0	""	""	""	""	""	""	""	""	""	""	""	""	""
2459	202320932,0	2023-09-08T00:00:00	08:09:00	COM VÍTIMA	FINALIZADA	CASA FORTE	AV DEZESSETE DE AGOSTO	1641	""	EM FRENTE AO POSTO DISLUB	CASA FORTE	""	""	COLISÃO	0,0	1,0	0,0	0,0	0,0	0,0	0,0	0,0	0,0	1,0	0,0	""	""	""	""	""	""	""	""	""	""	""	""	""
2460	202320934,0	2023-09-08T00:00:00	09:49:00	COM VÍTIMA	FINALIZADA	SANTO AMARO	RUA DA AURORA	""	""	EM FRENTE AO TAVARES BURIL	SANTO AMARO	""	""	COLISÃO FRONTAL	0,0	1,0	0,0	0,0	0,0	0,0	0,0	0,0	0,0	2,0	0,0	""	""	""	""	""	""	""	""	""	""	""	""	""
2461	202320935,0	2023-09-08T00:00:00	09:53:00	COM VÍTIMA	FINALIZADA	AGUA FRIA	RUA ZEFERINO AGRA	815	""	PRÓX. A DELEGACIA	AGUA FRIA	""	""	COLISÃO	0,0	1,0	0,0	0,0	0,0	0,0	0,0	0,0	0,0	1,0	0,0	""	""	""	""	""	""	""	""	""	""	""	""	""
2462	202320956,0	2023-09-09T00:00:00	08:27:00	COM VÍTIMA	FINALIZADA	NOVA DESCOBERTA	AV VEREADOR OTACILIO AZEVEDO	1575	""	PROXIMO AO BAR DE TEREZINHA	NOVA DESCOBERTA	""	""	COLISÃO	0,0	1,0	0,0	0,0	0,0	0,0	0,0	0,0	0,0	1,0	0,0	""	""	""	""	""	""	""	""	""	""	""	""	""
2463	202320958,0	2023-09-09T00:00:00	08:46:00	COM VÍTIMA	FINALIZADA	TORRE	RUA CONDE DE IRAJA	779	""	PROXIMO AO POSTO POLICIAL	TORRE	""	""	COLISÃO	0,0	1,0	0,0	0,0	0,0	0,0	0,0	0,0	0,0	1,0	0,0	""	""	""	""	""	""	""	""	""	""	""	""	""
2464	202320959,0	2023-09-09T00:00:00	08:58:00	COM VÍTIMA	FINALIZADA	AFOGADOS	AV SUL	2625	""	APOS A CAIXA ECÕNOMICA	AFOGADOS	""	""	COLISÃO	0,0	1,0	0,0	0,0	0,0	1,0	0,0	0,0	0,0	1,0	0,0	""	""	""	""	""	""	""	""	""	""	""	""	""
2465	202320960,0	2023-09-09T00:00:00	09:20:00	COM VÍTIMA	FINALIZADA	ALTO JOSE BONIFACIO	RUA ALTO JOSE BONIFACIO	1146	""	APOS A QUADRA DE SPORTE DESCENDO PARA RODINHA	ALTO JOSE BONIFACIO	""	""	COLISÃO LATERAL	0,0	1,0	0,0	0,0	0,0	1,0	0,0	0,0	0,0	2,0	0,0	""	""	""	""	""	""	""	""	""	""	""	""	""
2466	202320966,0	2023-09-09T00:00:00	11:38:00	SEM VÍTIMA	FINALIZADA	BOA VIAGEM	AV BOA VIAGEM	""	""	EM FRENTE AO ATLANTE PLAZA	BOA VIAGEM	""	""	COLISÃO TRASEIRA	4,0	0,0	0,0	0,0	0,0	0,0	0,0	0,0	0,0	0,0	0,0	""	""	""	""	""	""	""	""	""	""	""	""	""
2467	202320971,0	2023-09-09T00:00:00	01:54:00	COM VÍTIMA	FINALIZADA	MADALENA	RUA REAL DA TORRE	""	""	PROXIMO AO ARMAZEM DIAS E PROXIMO AO ACQUAZERO MADALENA	MADALENA	""	""	COLISÃO LATERAL	0,0	1,0	0,0	0,0	0,0	0,0	0,0	0,0	0,0	1,0	0,0	""	""	""	""	""	""	""	""	""	""	""	""	""
2468	202320973,0	2023-09-09T00:00:00	02:30:00	COM VÍTIMA	FINALIZADA	SAO JOSE	RUA DAS CALCADAS	222	""	PROXIMO A IGREJA DA PENHA	SAO JOSE	""	""	COLISÃO LATERAL	0,0	1,0	0,0	0,0	0,0	0,0	0,0	0,0	0,0	1,0	0,0	""	""	""	""	""	""	""	""	""	""	""	""	""
2469	202320990,0	2023-09-09T00:00:00	08:18:00	COM VÍTIMA	CANCELADA	MADALENA	RUA JOSE OSORIO	448	""	ENTRE O MERCADO DA MADALENA E A AV. CAXANGÁ	MADALENA	""	""	COLISÃO	0,0	1,0	0,0	0,0	0,0	0,0	0,0	0,0	0,0	1,0	0,0	""	""	""	""	""	""	""	""	""	""	""	""	""
2470	202320992,0	2023-09-09T00:00:00	08:48:00	COM VÍTIMA	CANCELADA	AREIAS	RUA BARROS SOBRINHO	271	""	POR TRÁS DO MERCADO PUBLICO DE AREAIS	AREIAS	""	""	COLISÃO	0,0	0,0	0,0	0,0	0,0	0,0	0,0	0,0	0,0	1,0	0,0	""	""	""	""	""	""	""	""	""	""	""	""	""
2471	202321008,0	2023-09-10T00:00:00	08:19:00	COM VÍTIMA	FINALIZADA	NOVA DESCOBERTA	AV VEREADOR OTACILIO AZEVEDO	""	""	EM FRENTE AO CLUBE DA FAZENDA	NOVA DESCOBERTA	""	""	COLISÃO LATERAL	0,0	1,0	0,0	0,0	0,0	0,0	0,0	0,0	0,0	1,0	0,0	""	""	""	""	""	""	""	""	""	""	""	""	""
2472	202321009,0	2023-09-10T00:00:00	08:38:00	COM VÍTIMA	FINALIZADA	IMBIRIBEIRA	AV MARECHAL MASCARENHAS DE MORAES	""	""	EM FRENTE AO GERALDÃO, SENT. AEROPORTO	IMBIRIBEIRA	""	""	COLISÃO LATERAL	1,0	1,0	0,0	0,0	0,0	0,0	0,0	0,0	0,0	1,0	0,0	""	""	""	""	""	""	""	""	""	""	""	""	""
2473	202321015,0	2023-09-10T00:00:00	11:39:00	COM VÍTIMA	FINALIZADA	SAO JOSE	AV SUL	""	""	APOS AS TORRES GEMEAS, SENT. PONTE GIRATORIA	SAO JOSE	""	""	ATROPELAMENTO DE PESSOA	1,0	0,0	0,0	0,0	1,0	0,0	0,0	0,0	0,0	1,0	0,0	""	""	""	""	""	""	""	""	""	""	""	""	""
2474	202321022,0	2023-09-10T00:00:00	02:33:00	COM VÍTIMA	FINALIZADA	CAMPO GRANDE	RUA JERONIMO VILELA	""	""	PROX AO FISIO PRINT / HELENA VARIEDADE	CAMPO GRANDE	""	""	COLISÃO	0,0	1,0	0,0	0,0	0,0	0,0	0,0	0,0	0,0	1,0	0,0	""	""	""	""	""	""	""	""	""	""	""	""	""
2475	202321034,0	2023-09-10T00:00:00	05:40:00	COM VÍTIMA	FINALIZADA	IMBIRIBEIRA	RUA OLIVIA MENELAU	""	""	PROX POSTO DE GASOLINA IPIRANGA / LOJA NILO FLORES	IMBIRIBEIRA	""	""	COLISÃO TRANSVERSAL	1,0	1,0	0,0	0,0	0,0	0,0	0,0	0,0	0,0	1,0	0,0	""	""	""	""	""	""	""	""	""	""	""	""	""
2476	202321038,0	2023-09-10T00:00:00	07:42:00	COM VÍTIMA	FINALIZADA	MONTEIRO	AV DEZESSETE DE AGOSTO	""	""	COLEGIO SILVA JARDIM	MONTEIRO	""	""	COLISÃO LATERAL	0,0	2,0	0,0	0,0	0,0	0,0	0,0	0,0	0,0	1,0	0,0	""	""	""	""	""	""	""	""	""	""	""	""	""
2477	202321039,0	2023-09-10T00:00:00	07:47:00	COM VÍTIMA	FINALIZADA	APIPUCOS	RUA DE APIPUCOS	1102	""	""	APIPUCOS	""	""	COLISÃO	0,0	1,0	0,0	0,0	0,0	0,0	0,0	0,0	0,0	1,0	0,0	""	""	""	""	""	""	""	""	""	""	""	""	""
2478	202321042,0	2023-09-10T00:00:00	09:33:00	COM VÍTIMA	FINALIZADA	GRACAS	RUA ALBERTO PAIVA	508	""	PRÓXIMO A PIZZARIA  HUT	GRACAS	""	""	COLISÃO	0,0	1,0	0,0	0,0	0,0	0,0	0,0	0,0	0,0	1,0	0,0	""	""	""	""	""	""	""	""	""	""	""	""	""
2479	202321044,0	2023-09-10T00:00:00	11:38:00	VÍTIMA FATAL	FINALIZADA	DOIS IRMAOS	RUA MANUEL DE MEDEIROS	179	1 TRV DOUTOR SABINO PINHO	PRÓXIMO AO UNIVERSIDADE RURAL E AO LADO DO EDUCANDÁRIO TIA  ANISSE	DOIS IRMAOS	""	""	COLISÃO	0,0	1,0	0,0	0,0	0,0	0,0	0,0	0,0	0,0	0,0	1,0	""	""	""	""	""	""	""	""	""	""	""	""	""
2480	202321063,0	2023-09-11T00:00:00	07:21:00	COM VÍTIMA	FINALIZADA	ESPINHEIRO	RUA QUARENTA E OITO	815	""	EM FRENTE AO RESTAURANTE SABOR RANCHO	ESPINHEIRO	""	""	COLISÃO LATERAL	1,0	1,0	0,0	0,0	0,0	0,0	0,0	0,0	0,0	2,0	0,0	""	""	""	""	""	""	""	""	""	""	""	""	""
2481	202321068,0	2023-09-11T00:00:00	08:03:00	COM VÍTIMA	FINALIZADA	CAXANGA	AV CAXANGA	""	""	EM CIMA DO VIADUTO	CAXANGA	""	""	QUEDA	0,0	1,0	0,0	0,0	0,0	0,0	0,0	0,0	0,0	1,0	0,0	""	""	""	""	""	""	""	""	""	""	""	""	""
2482	202321069,0	2023-09-11T00:00:00	08:05:00	COM VÍTIMA	FINALIZADA	IMBIRIBEIRA	AV MARECHAL MASCARENHAS DE MORAES	""	""	EM FRENTE A LOJA RENAULT	IMBIRIBEIRA	""	""	COLISÃO LATERAL	0,0	1,0	0,0	0,0	0,0	0,0	0,0	0,0	0,0	1,0	0,0	""	""	""	""	""	""	""	""	""	""	""	""	""
2483	202321071,0	2023-09-11T00:00:00	08:08:00	COM VÍTIMA	CANCELADA	CAMPO GRANDE	RUA ODORICO MENDES	""	EST DE BELEM	""	CAMPO GRANDE	""	""	COLISÃO TRASEIRA	0,0	0,0	0,0	0,0	0,0	0,0	0,0	0,0	0,0	1,0	0,0	""	""	""	""	""	""	""	""	""	""	""	""	""
2484	202321072,0	2023-09-11T00:00:00	08:57:00	COM VÍTIMA	FINALIZADA	CAXANGA	AV CAXANGA	""	""	UPA DA CAXANGA	CAXANGA	""	""	COLISÃO TRASEIRA	0,0	1,0	0,0	0,0	0,0	0,0	0,0	0,0	0,0	1,0	0,0	""	""	""	""	""	""	""	""	""	""	""	""	""
2485	202321074,0	2023-09-11T00:00:00	08:58:00	COM VÍTIMA	FINALIZADA	AGUA FRIA	AV BEBERIBE	""	""	E/F AO MERCADO PUBLICO DA ENCRUZILHADA	AGUA FRIA	""	""	COLISÃO LATERAL	0,0	1,0	0,0	0,0	0,0	0,0	0,0	0,0	0,0	1,0	0,0	""	""	""	""	""	""	""	""	""	""	""	""	""
2486	202321081,0	2023-09-11T00:00:00	09:54:00	COM VÍTIMA	FINALIZADA	IPSEP	AV RECIFE	""	""	EM FRENTE AO POSTO FEDERAL	IPSEP	""	""	COLISÃO	0,0	1,0	0,0	0,0	0,0	0,0	0,0	0,0	0,0	1,0	0,0	""	""	""	""	""	""	""	""	""	""	""	""	""
2487	202321085,0	2023-09-11T00:00:00	10:45:00	COM VÍTIMA	FINALIZADA	PINA	PTE GOVERNADOR PAULO GUERRA	""	""	ENTRADA DA VIA MANGUE /SOBRE A PONTE QUE DA DA ACESSO AO  PROX AO SHOPPING RIOMAR	PINA	""	""	COLISÃO COM CICLISTA	0,0	1,0	0,0	1,0	0,0	0,0	0,0	0,0	0,0	2,0	0,0	""	""	""	""	""	""	""	""	""	""	""	""	""
2488	202321086,0	2023-09-11T00:00:00	10:57:00	COM VÍTIMA	FINALIZADA	AREIAS	AV RECIFE	""	""	EM FRENTE A EMLURB	AREIAS	""	""	COLISÃO	0,0	1,0	0,0	0,0	0,0	0,0	0,0	0,0	0,0	1,0	0,0	""	""	""	""	""	""	""	""	""	""	""	""	""
2489	202321088,0	2023-09-11T00:00:00	11:59:00	COM VÍTIMA	FINALIZADA	PINA	PRC GOVERNADOR PAULO GUERRA	""	""	AO LONGO DA PONTE	PINA	""	""	COLISÃO LATERAL	1,0	0,0	1,0	0,0	0,0	0,0	0,0	0,0	0,0	1,0	0,0	""	""	""	""	""	""	""	""	""	""	""	""	""
2490	202321095,0	2023-09-11T00:00:00	12:54:00	COM VÍTIMA	FINALIZADA	ESPINHEIRO	AV RUI BARBOSA	""	""	ENTRE O MUSEU DO ESTADO / E A PEDRAGON CONCESSIONARIA	ESPINHEIRO	""	""	COLISÃO	0,0	1,0	0,0	0,0	0,0	1,0	0,0	0,0	0,0	1,0	0,0	""	""	""	""	""	""	""	""	""	""	""	""	""
2491	202321096,0	2023-09-11T00:00:00	12:56:00	COM VÍTIMA	FINALIZADA	PINA	PRC GOVERNADOR PAULO GUERRA	36	""	AO LONGO DA PONTE	PINA	""	""	COLISÃO LATERAL	1,0	1,0	0,0	0,0	0,0	0,0	0,0	0,0	0,0	1,0	0,0	""	""	""	""	""	""	""	""	""	""	""	""	""
2492	202321097,0	2023-09-11T00:00:00	01:04:00	COM VÍTIMA	FINALIZADA	SANTO AMARO	RUA ARTUR COUTINHO	177	""	PROX A FACULDADE DE ODONTOLOGIA	SANTO AMARO	""	""	COLISÃO LATERAL	0,0	0,0	0,0	0,0	0,0	0,0	0,0	0,0	0,0	1,0	0,0	""	""	""	""	""	""	""	""	""	""	""	""	""
2493	202321102,0	2023-09-11T00:00:00	03:05:00	COM VÍTIMA	FINALIZADA	CAXANGA	AV CAXANGA	5982	""	PROX AO HOSPITAL GETULIO VARGAS	CAXANGA	""	""	COLISÃO LATERAL	1,0	1,0	0,0	0,0	0,0	0,0	0,0	0,0	0,0	1,0	0,0	""	""	""	""	""	""	""	""	""	""	""	""	""
2494	202321108,0	2023-09-11T00:00:00	05:14:00	COM VÍTIMA	FINALIZADA	PARNAMIRIM	EST DO ENCANAMENTO	""	RUA DA HARMONIA	""	PARNAMIRIM	""	""	COLISÃO TRANSVERSAL	0,0	0,0	0,0	0,0	0,0	0,0	0,0	0,0	0,0	1,0	0,0	""	""	""	""	""	""	""	""	""	""	""	""	""
2495	202321109,0	2023-09-11T00:00:00	05:34:00	COM VÍTIMA	FINALIZADA	DERBY	AV GOVERNADOR AGAMENON MAGALHAES	""	""	APÓS A PRAÇA DO DERBY	DERBY	""	BOA VIAGEM	COLISÃO TRASEIRA	1,0	1,0	0,0	0,0	0,0	0,0	0,0	0,0	0,0	1,0	0,0	""	""	""	""	""	""	""	""	""	""	""	""	""
2496	202321110,0	2023-09-11T00:00:00	06:13:00	COM VÍTIMA	CANCELADA	TORROES	AV ENGENHEIRO ABDIAS DE CARVALHO	7499	""	PROX AO POSTO BR E AO RESTAURANTE YOQUE	TORROES	""	""	COLISÃO	0,0	1,0	0,0	0,0	0,0	0,0	0,0	0,0	0,0	1,0	0,0	""	""	""	""	""	""	""	""	""	""	""	""	""
2497	202321112,0	2023-09-11T00:00:00	06:14:00	VÍTIMA FATAL	CANCELADA	SANTO AMARO	AV CRUZ CABUGA	""	""	PRÓXIMO AO HOSPITAL DA MARINHA	SANTO AMARO	""	""	COLISÃO LATERAL	0,0	0,0	0,0	0,0	1,0	0,0	0,0	0,0	0,0	1,0	1,0	""	""	""	""	""	""	""	""	""	""	""	""	""
2498	202321113,0	2023-09-11T00:00:00	06:17:00	COM VÍTIMA	CANCELADA	ENGENHO DO MEIO	RUA WASHINGTON DUARTE ESPINDOLA	67	""	PROX AO FERRO VELHO DA RODA DE FOGO E SENTIDO UNIVERSIDADE FEDERAL	ENGENHO DO MEIO	""	""	COLISÃO	0,0	1,0	0,0	0,0	0,0	0,0	0,0	0,0	0,0	1,0	0,0	""	""	""	""	""	""	""	""	""	""	""	""	""
2499	202321114,0	2023-09-11T00:00:00	06:23:00	COM VÍTIMA	CANCELADA	MADALENA	PRC DO INTERNACIONAL	""	""	EM FRENTE AO CLUBE DO INTERNACIONAL	MADALENA	""	""	COLISÃO	0,0	1,0	0,0	0,0	0,0	0,0	0,0	0,0	0,0	1,0	0,0	""	""	""	""	""	""	""	""	""	""	""	""	""
2500	202321115,0	2023-09-11T00:00:00	06:35:00	COM VÍTIMA	CANCELADA	DOIS IRMAOS	RUA RIBEIRO PESSOA	172	""	EM FRENTE AO MOTEL PARAISO DEPOIS DA UPA DA CAXANGA	DOIS IRMAOS	""	""	COLISÃO	0,0	1,0	0,0	0,0	0,0	0,0	0,0	0,0	0,0	1,0	0,0	""	""	""	""	""	""	""	""	""	""	""	""	""
2501	202321123,0	2023-09-11T00:00:00	11:15:00	COM VÍTIMA	FINALIZADA	CASA FORTE	AV DEZESSETE DE AGOSTO	""	""	ENTRE O CENTRO MÉDICO SEN ERMIRIO DE MORAES E A ESCOLA ESTADUAL SILVA JARDIM - PRÓXIMO AO POSTO SHELL	CASA FORTE	""	""	QUEDA	0,0	1,0	0,0	0,0	0,0	0,0	0,0	0,0	0,0	1,0	0,0	""	""	""	""	""	""	""	""	""	""	""	""	""
2502	202321145,0	2023-09-12T00:00:00	08:39:00	COM VÍTIMA	FINALIZADA	JAQUEIRA	AV RUI BARBOSA	""	""	EM FRENTE AO  HOPSITAL MARIA LUCIDA / PROX AO AMAIS DIAGNOSTICO	JAQUEIRA	""	""	COLISÃO FRONTAL	1,0	1,0	0,0	0,0	0,0	0,0	0,0	0,0	0,0	1,0	0,0	""	""	""	""	""	""	""	""	""	""	""	""	""
2503	202321146,0	2023-09-12T00:00:00	08:51:00	SEM VÍTIMA	FINALIZADA	ILHA DO LEITE	AV GOVERNADOR AGAMENON MAGALHAES	4775	""	EM FRENTE AO EMPRESARIAL THOMAS EDSON	ILHA DO LEITE	672,0	""	""	1,0	0,0	0,0	0,0	0,0	0,0	1,0	0,0	0,0	0,0	0,0	""	""	""	""	""	""	""	""	""	""	""	""	""