_id	Protocolo	data	hora	natureza	situacao	bairro	endereco	numero	detalhe_endereco_acidente	complemento	bairro_cruzamento	num_semaforo	sentido_via	tipo	auto	moto	ciclom	ciclista	pedestre	onibus	caminhao	viatura	outros	vitimas	vitimasfatais	acidente_verificado	tempo_clima	situacao_semaforo	sinalizacao	condicao_via	conservacao_via	ponto_controle	situacao_placa	velocidade_max_via	mao_direcao	divisao_via1	divisao_via2	divisao_via3
2504	202321153,0	2023-09-12T00:00:00	10:15:00	COM VÍTIMA	FINALIZADA	SANTO AMARO	AV DR JAYME DA FONTE	298	""	PROX A COMPESA	SANTO AMARO	""	SUBURBIO	COLISÃO COM CICLISTA	1,0	0,0	0,0	1,0	0,0	0,0	0,0	0,0	0,0	1,0	0,0	""	""	""	""	""	""	""	""	""	""	""	""	""
2505	202321161,0	2023-09-12T00:00:00	11:11:00	COM VÍTIMA	FINALIZADA	CABANGA	PTE JOSE DE BARROS LIMA	""	""	PROXIMO AO FORUN DE JOANA BEZERRA	CABANGA	""	""	COLISÃO TRASEIRA	1,0	0,0	1,0	0,0	0,0	0,0	0,0	0,0	0,0	1,0	0,0	""	""	""	""	""	""	""	""	""	""	""	""	""
2506	202321162,0	2023-09-12T00:00:00	11:26:00	COM VÍTIMA	FINALIZADA	CORDEIRO	AV GENERAL SAN MARTIN	""	""	DE ESQUINA COM O ATACREJO IDEAL	CORDEIRO	""	""	COLISÃO LATERAL	0,0	1,0	0,0	0,0	0,0	0,0	0,0	0,0	0,0	1,0	0,0	""	""	""	""	""	""	""	""	""	""	""	""	""
2507	202321165,0	2023-09-12T00:00:00	11:54:00	COM VÍTIMA	FINALIZADA	CORDEIRO	AV CAXANGA	""	RUA ANTERO MOTA	PROX A EXPOSIÇÃO DE ANIMAIS / PROX A PADARIA REPUBLICA DO PÃO - SEMÁFORO 235	CORDEIRO	235,0	""	COLISÃO	0,0	1,0	0,0	0,0	0,0	0,0	0,0	0,0	0,0	1,0	0,0	""	""	""	""	""	""	""	""	""	""	""	""	""
2508	202321166,0	2023-09-12T00:00:00	11:54:00	COM VÍTIMA	FINALIZADA	TAMARINEIRA	AV NORTE MIGUEL ARRAES DE ALENCAR	""	""	PROX A PIZZARIA IMPERIO / E  POSTO DE GASOLINA PETROBRAS	TAMARINEIRA	""	""	COLISÃO	0,0	1,0	0,0	0,0	0,0	0,0	0,0	0,0	0,0	1,0	0,0	""	""	""	""	""	""	""	""	""	""	""	""	""
2509	202321167,0	2023-09-12T00:00:00	11:54:00	SEM VÍTIMA	FINALIZADA	SAO JOSE	RUA IMPERIAL	132	""	EM FRENTE AO NUMERO 132	SAO JOSE	""	SUBURBIO	COLISÃO TRASEIRA	2,0	0,0	0,0	0,0	0,0	0,0	0,0	0,0	0,0	0,0	0,0	""	""	""	""	""	""	""	""	""	""	""	""	""
2510	202321168,0	2023-09-12T00:00:00	11:54:00	COM VÍTIMA	FINALIZADA	IMBIRIBEIRA	AV MARECHAL MASCARENHAS DE MORAES	""	""	PROX A ESTAÇÃO DE METRO DA IMBIRIBEIRA	IMBIRIBEIRA	""	""	COLISÃO TRASEIRA	1,0	1,0	0,0	0,0	0,0	0,0	0,0	0,0	0,0	1,0	0,0	""	""	""	""	""	""	""	""	""	""	""	""	""
2511	202321172,0	2023-09-12T00:00:00	12:24:00	COM VÍTIMA	FINALIZADA	SANTO AMARO	RUA MAJOR CODECEIRA	""	""	PROX AO ATELIER ODONTOLIGICO DRA VERONICA QUEIROZ / PROX A CLINICA GRIN SELD	SANTO AMARO	""	""	COLISÃO	0,0	1,0	0,0	0,0	0,0	0,0	0,0	0,0	0,0	1,0	0,0	""	""	""	""	""	""	""	""	""	""	""	""	""
2512	202321173,0	2023-09-12T00:00:00	12:44:00	SEM VÍTIMA	FINALIZADA	SANTO AMARO	AV NORTE MIGUEL ARRAES DE ALENCAR	""	RUA VINTE E QUATRO DE AGOSTO	RADIO UNIVERSITÁRIA	SANTO AMARO	463,0	CIDADE	""	2,0	0,0	0,0	0,0	0,0	0,0	0,0	0,0	0,0	0,0	0,0	""	""	""	""	""	""	""	""	""	""	""	""	""
2513	202321176,0	2023-09-12T00:00:00	01:16:00	COM VÍTIMA	FINALIZADA	BOA VISTA	RUA CLUBE NAUTICO CAPIBARIBE	27	""	AO LADO DO CINEMA SÃO LUIZ	BOA VISTA	""	""	COLISÃO LATERAL	0,0	1,0	0,0	0,0	0,0	0,0	0,0	0,0	0,0	1,0	0,0	""	""	""	""	""	""	""	""	""	""	""	""	""
2514	202321180,0	2023-09-12T00:00:00	01:45:00	COM VÍTIMA	FINALIZADA	CAXANGA	AV CAXANGA	""	""	PROX A FIAT ITALIANA E AO GOLF CLUBE	CAXANGA	""	""	COLISÃO	1,0	1,0	0,0	0,0	0,0	0,0	0,0	0,0	0,0	1,0	0,0	""	""	""	""	""	""	""	""	""	""	""	""	""
2515	202321188,0	2023-09-12T00:00:00	02:47:00	COM VÍTIMA	FINALIZADA	ESPINHEIRO	RUA CONS PORTELA	636	""	EM FRENTE A PROCURADORIA REGIONAL DO TRABALHO E PROXIMO A FARMACIA PAGUE MENOS	ESPINHEIRO	""	""	COLISÃO LATERAL	0,0	1,0	0,0	0,0	0,0	0,0	0,0	0,0	0,0	1,0	0,0	""	""	""	""	""	""	""	""	""	""	""	""	""
2516	202321190,0	2023-09-12T00:00:00	03:06:00	COM VÍTIMA	FINALIZADA	BOA VISTA	AV OLIVEIRA LIMA	1051	""	PROXIMO A URB E A IGREJA NOSSA SENHORA DE FATIMA	BOA VISTA	""	""	COLISÃO LATERAL	0,0	1,0	0,0	0,0	0,0	0,0	0,0	0,0	0,0	1,0	0,0	""	""	""	""	""	""	""	""	""	""	""	""	""
2517	202321205,0	2023-09-12T00:00:00	11:00:00	COM VÍTIMA	FINALIZADA	ENCRUZILHADA	RUA CARNEIRO VILELA	420	""	PRÓXIMO A GALERIA CONSELHEIRO PORTELA	ENCRUZILHADA	""	""	COLISÃO	0,0	1,0	0,0	0,0	0,0	0,0	0,0	0,0	0,0	1,0	0,0	""	""	""	""	""	""	""	""	""	""	""	""	""
2518	202321212,0	2023-09-13T00:00:00	07:13:00	COM VÍTIMA	FINALIZADA	BOA VIAGEM	RUA GENERAL AMERICANO FREIRE	""	""	EM FRENTE A FARMACIA PAGUE MENOS	BOA VIAGEM	""	""	COLISÃO TRANSVERSAL	0,0	1,0	0,0	0,0	0,0	0,0	0,0	0,0	0,0	1,0	0,0	""	""	""	""	""	""	""	""	""	""	""	""	""
2519	202321213,0	2023-09-13T00:00:00	07:39:00	SEM VÍTIMA	FINALIZADA	PINA	TUNEL JOSUE DE CASTRO	""	""	""	PINA	""	""	COLISÃO	0,0	0,0	0,0	0,0	0,0	0,0	0,0	0,0	0,0	0,0	0,0	""	""	""	""	""	""	""	""	""	""	""	""	""
2520	202321215,0	2023-09-13T00:00:00	07:54:00	COM VÍTIMA	FINALIZADA	IBURA	RUA JOAO CORDEIRO DE SOUZA	""	""	EM FRENTE A IGREJA BATISTA MISSIONÁRIA	IBURA	""	""	COLISÃO FRONTAL	1,0	1,0	0,0	0,0	0,0	0,0	0,0	0,0	0,0	1,0	0,0	""	""	""	""	""	""	""	""	""	""	""	""	""
2521	202321218,0	2023-09-13T00:00:00	08:24:00	COM VÍTIMA	FINALIZADA	IMBIRIBEIRA	AV MARECHAL MASCARENHAS DE MORAES	""	""	PROX AO ARMAZEM CORAL E PROX A PRO ART	IMBIRIBEIRA	286,0	""	COLISÃO	0,0	1,0	0,0	0,0	0,0	0,0	0,0	0,0	0,0	1,0	0,0	""	""	""	""	""	""	""	""	""	""	""	""	""
2522	202321226,0	2023-09-13T00:00:00	09:27:00	COM VÍTIMA	FINALIZADA	CAXANGA	RUA CLAUDIO BROTHERHOOD	""	""	""	CAXANGA	235,0	""	COLISÃO LATERAL	1,0	1,0	0,0	0,0	0,0	0,0	0,0	0,0	0,0	1,0	0,0	""	""	""	""	""	""	""	""	""	""	""	""	""
2523	202321228,0	2023-09-13T00:00:00	09:44:00	COM VÍTIMA	DUPLICIDADE	CORDEIRO	AV CAXANGA	""	""	PROX A EXPOSIÇÃO DE ANIMAIS / AO LADFO DA REPUBLICA DO PÃO	CORDEIRO	""	""	COLISÃO	0,0	1,0	0,0	0,0	0,0	0,0	0,0	0,0	0,0	1,0	0,0	""	""	""	""	""	""	""	""	""	""	""	""	""
2524	202321236,0	2023-09-13T00:00:00	10:39:00	COM VÍTIMA	FINALIZADA	COELHOS	RUA DOS COELHOS	""	PTE JOAQUIM CARDOSO	APOS O IMIP / SOBRE O VIADUTO JOAQUIM CARDOSO	COELHOS	""	""	COLISÃO TRASEIRA	0,0	1,0	0,0	0,0	0,0	0,0	0,0	0,0	0,0	1,0	0,0	""	""	""	""	""	""	""	""	""	""	""	""	""
2525	202321237,0	2023-09-13T00:00:00	10:48:00	COM VÍTIMA	FINALIZADA	PINA	PTE AGAMENON MAGALHAES	""	""	SOBRE A PONTE	PINA	""	""	QUEDA	0,0	1,0	0,0	0,0	0,0	0,0	0,0	0,0	0,0	1,0	0,0	""	""	""	""	""	""	""	""	""	""	""	""	""
2526	202321238,0	2023-09-13T00:00:00	10:54:00	COM VÍTIMA	FINALIZADA	CASA FORTE	AV DEZESSETE DE AGOSTO	""	""	PRAÇA DE CASA FORTE	CASA FORTE	""	""	COLISÃO LATERAL	0,0	2,0	0,0	0,0	0,0	0,0	0,0	0,0	0,0	1,0	0,0	""	""	""	""	""	""	""	""	""	""	""	""	""
2527	202321239,0	2023-09-13T00:00:00	11:13:00	COM VÍTIMA	FINALIZADA	ALTO DO MANDU	AV DR EURICO CHAVES	""	""	PROX A FARMACIA MANDACARU	ALTO DO MANDU	""	""	COLISÃO	0,0	1,0	0,0	0,0	0,0	0,0	0,0	0,0	0,0	1,0	0,0	""	""	""	""	""	""	""	""	""	""	""	""	""
2528	202321241,0	2023-09-13T00:00:00	12:57:00	COM VÍTIMA	FINALIZADA	SANTO AMARO	AV NORTE MIGUEL ARRAES DE ALENCAR	""	RUA DA AURORA	""	SANTO AMARO	""	""	COLISÃO TRANSVERSAL	2,0	0,0	0,0	0,0	0,0	0,0	0,0	0,0	0,0	2,0	0,0	""	""	""	""	""	""	""	""	""	""	""	""	""
2529	202321245,0	2023-09-13T00:00:00	02:05:00	COM VÍTIMA	FINALIZADA	IPSEP	AV RECIFE	""	AV DOM HELDER CAMARA	ARMAZÉM CORAL	IPSEP	""	""	ATROPELAMENTO DE PESSOA	0,0	1,0	0,0	0,0	1,0	0,0	0,0	0,0	0,0	1,0	0,0	""	""	""	""	""	""	""	""	""	""	""	""	""
2530	202321253,0	2023-09-13T00:00:00	04:16:00	SEM VÍTIMA	FINALIZADA	""	RUA BENFICA	""	AV VISCONDE DE ALBUQUERQUE	""	""	""	CIDADE	COLISÃO TRANSVERSAL	1,0	1,0	0,0	0,0	0,0	0,0	0,0	0,0	0,0	0,0	0,0	""	""	""	""	""	""	""	""	""	""	""	""	""
2531	202321257,0	2023-09-13T00:00:00	05:52:00	COM VÍTIMA	FINALIZADA	SANTO AMARO	AV CRUZ CABUGA	""	""	EM FRENTE AO MERCADO DE SANTO AMARO	SANTO AMARO	455,0	""	CHOQUE	1,0	0,0	0,0	0,0	0,0	0,0	0,0	0,0	0,0	1,0	0,0	""	""	""	""	""	""	""	""	""	""	""	""	""
2532	202321267,0	2023-09-13T00:00:00	07:13:00	COM VÍTIMA	CANCELADA	JORDAO	RUA ESTRELA D'OESTE	""	""	PROXIMO A PANIFICADORA JANAINA	JORDAO	""	""	COLISÃO TRANSVERSAL	2,0	0,0	0,0	0,0	0,0	0,0	0,0	0,0	0,0	1,0	0,0	""	""	""	""	""	""	""	""	""	""	""	""	""
2533	202321273,0	2023-09-14T00:00:00	12:20:00	COM VÍTIMA	CANCELADA	BREJO DA GUABIRABA	AV VEREADOR OTACILIO AZEVEDO	3816	""	PRÓXIMO AO CAMPO DO FLUMINENSE	BREJO DA GUABIRABA	""	""	COLISÃO	0,0	1,0	0,0	0,0	0,0	0,0	0,0	0,0	0,0	1,0	0,0	""	""	""	""	""	""	""	""	""	""	""	""	""
2534	202321282,0	2023-09-14T00:00:00	06:48:00	COM VÍTIMA	FINALIZADA	PRADO	AV ENGENHEIRO ABDIAS DE CARVALHO	""	""	EM FRENTE AO LABORATORIO CERPE	PRADO	""	""	COLISÃO COM CICLISTA	0,0	0,0	0,0	1,0	0,0	0,0	1,0	0,0	0,0	1,0	0,0	""	""	""	""	""	""	""	""	""	""	""	""	""
2535	202321287,0	2023-09-14T00:00:00	07:09:00	COM VÍTIMA	FINALIZADA	AGUA FRIA	AV BEBERIBE	""	""	APOS A LOMBADA ELETRONICA, APOS A PADARIA SUBLIME PAO	AGUA FRIA	""	""	COLISÃO LATERAL	0,0	1,0	0,0	0,0	0,0	0,0	0,0	0,0	0,0	1,0	0,0	""	""	""	""	""	""	""	""	""	""	""	""	""
2536	202321290,0	2023-09-14T00:00:00	07:13:00	COM VÍTIMA	FINALIZADA	DERBY	RUA HENRIQUE DIAS	""	""	PROX AO RESTAURANTE COCO BAMBU / PROX AO COLEGIO DA PM	DERBY	""	""	COLISÃO	0,0	1,0	0,0	0,0	0,0	0,0	0,0	0,0	0,0	1,0	0,0	""	""	""	""	""	""	""	""	""	""	""	""	""
2537	202321293,0	2023-09-14T00:00:00	08:03:00	COM VÍTIMA	FINALIZADA	BOMBA DO HEMETERIO	RUA BOMBA DO HEMETERIO	233	""	PROX AO CLUBE ABANO / E PROX AO CANAL	BOMBA DO HEMETERIO	""	""	COLISÃO	0,0	1,0	0,0	0,0	0,0	0,0	0,0	0,0	0,0	1,0	0,0	""	""	""	""	""	""	""	""	""	""	""	""	""
2538	202321302,0	2023-09-14T00:00:00	09:25:00	COM VÍTIMA	FINALIZADA	BOA VIAGEM	RUA FELIX DE BRITO E MELO	""	""	PROX. AO BANCO BRADESCO	BOA VIAGEM	""	""	COLISÃO LATERAL	0,0	1,0	0,0	0,0	0,0	0,0	0,0	0,0	0,0	1,0	0,0	""	""	""	""	""	""	""	""	""	""	""	""	""
2539	202321303,0	2023-09-14T00:00:00	09:33:00	COM VÍTIMA	FINALIZADA	BRASILIA TEIMOSA	AV BRASILIA FORMOSA	""	RUA PORAQUE	PROX AO BAR DO PÉ DE PORCO DO LULA	BRASILIA TEIMOSA	""	""	COLISÃO LATERAL	1,0	1,0	0,0	0,0	0,0	0,0	0,0	0,0	0,0	1,0	0,0	""	""	""	""	""	""	""	""	""	""	""	""	""
2540	202321315,0	2023-09-14T00:00:00	11:54:00	COM VÍTIMA	FINALIZADA	IMBIRIBEIRA	AV MARECHAL MASCARENHAS DE MORAES	""	""	EM FRENTE A FLOR ART, SENT. AEROPORTO	IMBIRIBEIRA	""	""	COLISÃO TRASEIRA	1,0	1,0	0,0	0,0	0,0	0,0	0,0	0,0	0,0	1,0	0,0	""	""	""	""	""	""	""	""	""	""	""	""	""
2541	202321316,0	2023-09-14T00:00:00	12:30:00	COM VÍTIMA	FINALIZADA	AREIAS	AV DR JOSE RUFINO	""	""	EM FRENTE A LOJAS AMERICANAS	AREIAS	""	""	COLISÃO	0,0	1,0	0,0	0,0	0,0	0,0	0,0	0,0	0,0	1,0	0,0	""	""	""	""	""	""	""	""	""	""	""	""	""
2542	202321323,0	2023-09-14T00:00:00	12:58:00	COM VÍTIMA	CANCELADA	IPUTINGA	AV MAURICIO DE NASSAU	""	""	PROX AO SUPERMERCADO RENDE MAIS  E A LOMBADA ELETRONICA	IPUTINGA	""	""	COLISÃO LATERAL	0,0	1,0	0,0	0,0	0,0	0,0	0,0	0,0	0,0	1,0	0,0	""	""	""	""	""	""	""	""	""	""	""	""	""
2543	202321342,0	2023-09-14T00:00:00	04:08:00	COM VÍTIMA	FINALIZADA	TORRE	RUA CONDE DE IRAJA	1121	""	E/F A PRAÇA CAMPELO BARRETO	TORRE	""	""	COLISÃO FRONTAL	1,0	1,0	0,0	0,0	0,0	0,0	0,0	0,0	0,0	1,0	0,0	""	""	""	""	""	""	""	""	""	""	""	""	""
2544	202321350,0	2023-09-14T00:00:00	06:15:00	SEM VÍTIMA	CANCELADA	AREIAS	AV RECIFE	""	""	PROX A ENTRADA DA VILA TAMANDARÉ  E LADO OPOSTO A LOJA ALEXANDRE GALVÃO SENTIDO BOA VIAGEM CIDADE UNIVERSITARIA	AREIAS	""	""	COLISÃO TRASEIRA	2,0	0,0	0,0	0,0	0,0	0,0	0,0	0,0	0,0	0,0	0,0	""	""	""	""	""	""	""	""	""	""	""	""	""
2545	202321352,0	2023-09-14T00:00:00	07:15:00	COM VÍTIMA	FINALIZADA	IPSEP	RUA JEAN EMILE FAVRE	1011	""	EM FRENTE AO SUPERMERCADO IGUAÇU	IPSEP	""	""	COLISÃO LATERAL	1,0	1,0	0,0	0,0	0,0	0,0	0,0	0,0	0,0	2,0	0,0	""	""	""	""	""	""	""	""	""	""	""	""	""
2546	202321356,0	2023-09-14T00:00:00	09:27:00	COM VÍTIMA	FINALIZADA	CORDEIRO	RUA DR MIGUEL VIEIRA FERREIRA	""	RUA CLAUDIO BROTHERHOOD	""	CORDEIRO	""	""	COLISÃO FRONTAL	1,0	1,0	0,0	0,0	0,0	0,0	0,0	0,0	0,0	1,0	0,0	""	""	""	""	""	""	""	""	""	""	""	""	""
2547	202321371,0	2023-09-15T00:00:00	07:34:00	COM VÍTIMA	FINALIZADA	SAN MARTIN	AV GENERAL SAN MARTIN	""	""	PROX A ACADEMIA SMART GYNFIT	SAN MARTIN	""	""	COLISÃO LATERAL	1,0	1,0	0,0	0,0	0,0	0,0	0,0	0,0	0,0	1,0	0,0	""	""	""	""	""	""	""	""	""	""	""	""	""
2548	202321381,0	2023-09-15T00:00:00	09:13:00	SEM VÍTIMA	FINALIZADA	BOA VIAGEM	AV ENGENHEIRO DOMINGOS FERREIRA	""	""	OPOSTO AO Nº 2391	BOA VIAGEM	""	SUBURBIO	COLISÃO TRANSVERSAL	0,0	0,0	0,0	0,0	0,0	1,0	0,0	1,0	0,0	0,0	0,0	""	""	""	""	""	""	""	""	""	""	""	""	""
2549	202321385,0	2023-09-15T00:00:00	10:05:00	COM VÍTIMA	FINALIZADA	ILHA DO LEITE	AV FREI MATIAS TEVES	""	""	EM FRENTE AO EDIFICIO GRAMBEL / LADO CONTRARIO AO HOSPITAL PORTUGUÊS	ILHA DO LEITE	""	""	COLISÃO	0,0	1,0	0,0	0,0	0,0	0,0	0,0	0,0	0,0	1,0	0,0	""	""	""	""	""	""	""	""	""	""	""	""	""
2550	202321405,0	2023-09-15T00:00:00	02:37:00	COM VÍTIMA	FINALIZADA	AFOGADOS	RUA DA PAZ	""	PRC DA PAZ	EM FRENTE AO BANCO ITAÚ   E A PLICLINICA DO LARGO DA PAZ E A ESTAÇAO DOP METRO	AFOGADOS	""	""	COLISÃO LATERAL	1,0	1,0	0,0	0,0	0,0	0,0	0,0	0,0	0,0	2,0	0,0	""	""	""	""	""	""	""	""	""	""	""	""	""
2551	202321417,0	2023-09-15T00:00:00	05:30:00	COM VÍTIMA	FINALIZADA	SAO JOSE	AV SUL	4607	""	PROX AO QUARTEL DO CABANGA	SAO JOSE	""	""	COLISÃO LATERAL	0,0	0,0	0,0	0,0	0,0	0,0	0,0	0,0	0,0	1,0	0,0	""	""	""	""	""	""	""	""	""	""	""	""	""
2552	202321418,0	2023-09-15T00:00:00	05:41:00	COM VÍTIMA	FINALIZADA	IBURA	AV DOIS RIOS	1028	""	IBURA DE BAIXO PROX AOP SESI  E/F AO POSTO SHELL	IBURA	""	""	COLISÃO LATERAL	0,0	2,0	0,0	0,0	0,0	0,0	0,0	0,0	0,0	1,0	0,0	""	""	""	""	""	""	""	""	""	""	""	""	""
2553	202321419,0	2023-09-15T00:00:00	06:02:00	COM VÍTIMA	FINALIZADA	GRACAS	AV CONS ROSA E SILVA	""	""	EM FRENTE AO  HOSPITAL DO SERVIDOR	GRACAS	""	""	COLISÃO COM CICLISTA	1,0	0,0	0,0	1,0	0,0	0,0	0,0	0,0	0,0	1,0	0,0	""	""	""	""	""	""	""	""	""	""	""	""	""
2554	202321421,0	2023-09-15T00:00:00	07:01:00	COM VÍTIMA	CANCELADA	NOVA DESCOBERTA	RUA SANTA TEREZA	459	""	PROXIMO AO TERMINAL DE NOVA DESCOBERTA	NOVA DESCOBERTA	""	""	COLISÃO FRONTAL	0,0	1,0	0,0	0,0	0,0	0,0	0,0	0,0	0,0	1,0	0,0	""	""	""	""	""	""	""	""	""	""	""	""	""
2555	202321429,0	2023-09-15T00:00:00	07:38:00	COM VÍTIMA	FINALIZADA	SANTO AMARO	AV DR JAYME DA FONTE	542	""	EM FRENTE A COMPESA	SANTO AMARO	""	""	COLISÃO LATERAL	0,0	1,0	0,0	0,0	0,0	0,0	0,0	0,0	0,0	1,0	0,0	""	""	""	""	""	""	""	""	""	""	""	""	""
2556	202321434,0	2023-09-15T00:00:00	10:33:00	COM VÍTIMA	CANCELADA	CAXANGA	AV CAXANGA	1052	""	PROXIMO A FACULDADE SANTA HELENA	CAXANGA	""	""	COLISÃO FRONTAL	0,0	1,0	0,0	0,0	0,0	0,0	0,0	0,0	0,0	1,0	0,0	""	""	""	""	""	""	""	""	""	""	""	""	""
2557	202321435,0	2023-09-15T00:00:00	10:35:00	COM VÍTIMA	CANCELADA	SANCHO	RUA MARIA DE LOURDES DA SILVA	104	""	EM FRENTE A ANTONIO DO LEITE/ APOS O HOSPITAL OTAVIO DE FREITAS	SANCHO	""	""	COLISÃO FRONTAL	0,0	1,0	0,0	0,0	0,0	0,0	0,0	0,0	0,0	1,0	0,0	""	""	""	""	""	""	""	""	""	""	""	""	""
2558	202321437,0	2023-09-16T00:00:00	01:29:00	COM VÍTIMA	CANCELADA	PASSARINHO	RUA CHORAO	201	""	PRÓXIMO AO BIU DO GÁS E ARMAZÉM DO IRMÃO	PASSARINHO	""	""	COLISÃO	0,0	1,0	0,0	0,0	0,0	0,0	0,0	0,0	0,0	1,0	0,0	""	""	""	""	""	""	""	""	""	""	""	""	""
2559	202321455,0	2023-09-16T00:00:00	07:23:00	COM VÍTIMA	FINALIZADA	PASSARINHO	RUA CORREGO DA BICA	""	""	EM FRENTE AO JACARE BURGUER E PROX. AO TERMINAL DE ONIBUS DE NOVA DESCOBERTA	PASSARINHO	""	""	COLISÃO LATERAL	0,0	1,0	0,0	0,0	0,0	0,0	0,0	0,0	0,0	1,0	0,0	""	""	""	""	""	""	""	""	""	""	""	""	""
2560	202321458,0	2023-09-16T00:00:00	08:33:00	COM VÍTIMA	FINALIZADA	AFOGADOS	RUA COSME VIANA	""	EST DOS REMEDIOS	EM FRENTE A TUPAN / E EM FRENTE A PRAÇA AO LADO  DA IGREJA DA NOSSA SENHORA DOS REMEDIOS	AFOGADOS	""	""	COLISÃO	0,0	1,0	0,0	0,0	0,0	0,0	0,0	0,0	0,0	1,0	0,0	""	""	""	""	""	""	""	""	""	""	""	""	""
2561	202321476,0	2023-09-16T00:00:00	12:25:00	COM VÍTIMA	FINALIZADA	IMBIRIBEIRA	AV MARECHAL MASCARENHAS DE MORAES	""	""	EM FRENTE AO HOTEL AEROPORTO / PROX AO VIADUTO TRANCREDO NEVES	IMBIRIBEIRA	""	SUBURBIO	COLISÃO	0,0	1,0	0,0	0,0	0,0	0,0	0,0	0,0	0,0	1,0	0,0	""	""	""	""	""	""	""	""	""	""	""	""	""
2562	202321477,0	2023-09-16T00:00:00	12:28:00	COM VÍTIMA	FINALIZADA	IPSEP	RUA JEAN EMILE FAVRE	""	""	EM FRENTE A DELEGACIA DO IPSEP	IPSEP	""	""	COLISÃO FRONTAL	1,0	1,0	0,0	0,0	0,0	0,0	0,0	0,0	0,0	1,0	0,0	""	""	""	""	""	""	""	""	""	""	""	""	""
2563	202321479,0	2023-09-16T00:00:00	12:53:00	COM VÍTIMA	FINALIZADA	APIPUCOS	RUA DE APIPUCOS	50	RUA DOM MALAN	""	APIPUCOS	""	""	COLISÃO TRANSVERSAL	0,0	0,0	0,0	0,0	0,0	0,0	0,0	0,0	0,0	1,0	0,0	""	""	""	""	""	""	""	""	""	""	""	""	""
2564	202321485,0	2023-09-16T00:00:00	02:38:00	COM VÍTIMA	FINALIZADA	ESPINHEIRO	RUA QUARENTA E OITO	""	AV GOVERNADOR AGAMENON MAGALHAES	EM BAIXO DO  VIADUTO JOÃO DE BARROS	ESPINHEIRO	406,0	""	COLISÃO TRASEIRA	1,0	1,0	0,0	0,0	0,0	0,0	0,0	0,0	0,0	1,0	0,0	""	""	""	""	""	""	""	""	""	""	""	""	""
2565	202321488,0	2023-09-16T00:00:00	03:03:00	COM VÍTIMA	FINALIZADA	CORDEIRO	AV CAXANGA	""	""	E/F A EXPOSIÇAO DE ANIMAIS  S/T SUB	CORDEIRO	""	""	COLISÃO TRASEIRA	0,0	2,0	0,0	0,0	0,0	0,0	0,0	0,0	0,0	1,0	0,0	""	""	""	""	""	""	""	""	""	""	""	""	""
2566	202321500,0	2023-09-16T00:00:00	05:30:00	COM VÍTIMA	FINALIZADA	SANCHO	RUA PAULINO DE FARIAS	659	""	PROX AO HOSPITAL OTAVIO DE FREITAS	SANCHO	""	""	COLISÃO LATERAL	0,0	0,0	0,0	0,0	0,0	0,0	0,0	0,0	0,0	1,0	0,0	""	""	""	""	""	""	""	""	""	""	""	""	""
2567	202321501,0	2023-09-16T00:00:00	06:21:00	COM VÍTIMA	FINALIZADA	CAXANGA	AV CAXANGA	""	""	EM FRENTE DA ESTAÇÃO DO BRT DEPOIS DA PONTE DA CAXANGÁ	CAXANGA	""	CIDADE	COLISÃO TRASEIRA	1,0	1,0	0,0	0,0	0,0	0,0	0,0	0,0	0,0	1,0	0,0	""	""	""	""	""	""	""	""	""	""	""	""	""
2568	202321504,0	2023-09-16T00:00:00	06:58:00	COM VÍTIMA	FINALIZADA	JAQUEIRA	AV SANTOS DUMONT	34	""	""	JAQUEIRA	""	""	COLISÃO	1,0	1,0	0,0	0,0	0,0	0,0	0,0	0,0	0,0	1,0	0,0	""	""	""	""	""	""	""	""	""	""	""	""	""
2569	202321511,0	2023-09-16T00:00:00	09:03:00	COM VÍTIMA	FINALIZADA	PRADO	RUA GOMES TABORDA	442	""	EM FRENTE AO BAILE PERFUMADO E MADEIREIRA SÃO JUDAS TADEU	PRADO	""	""	QUEDA	1,0	1,0	0,0	0,0	0,0	0,0	0,0	0,0	0,0	1,0	0,0	""	""	""	""	""	""	""	""	""	""	""	""	""
2570	202321513,0	2023-09-16T00:00:00	09:18:00	COM VÍTIMA	DUPLICIDADE	PRADO	RUA GOMES TABORDA	""	""	MADEIRA SÃO JUDAS TADEU	PRADO	""	""	QUEDA	0,0	1,0	0,0	0,0	0,0	0,0	0,0	0,0	0,0	1,0	0,0	""	""	""	""	""	""	""	""	""	""	""	""	""
2571	202321514,0	2023-09-16T00:00:00	09:52:00	COM VÍTIMA	FINALIZADA	IPSEP	AV RECIFE	6729	""	PRÓXIMO AO ARMAZÉM CORAL, SAÍDA DO IBURA	IPSEP	""	""	COLISÃO	0,0	0,0	0,0	0,0	0,0	0,0	0,0	0,0	0,0	1,0	0,0	""	""	""	""	""	""	""	""	""	""	""	""	""
2572	202321516,0	2023-09-16T00:00:00	11:20:00	COM VÍTIMA	FINALIZADA	BOMBA DO HEMETERIO	COR DO BARTOLOMEU	484	""	EM FRENTE A SORVETERIA SORVETÃO	BOMBA DO HEMETERIO	""	""	COLISÃO LATERAL	2,0	1,0	0,0	0,0	0,0	0,0	0,0	0,0	0,0	2,0	0,0	""	""	""	""	""	""	""	""	""	""	""	""	""