_id	Protocolo	data	hora	natureza	situacao	bairro	endereco	numero	detalhe_endereco_acidente	complemento	bairro_cruzamento	num_semaforo	sentido_via	tipo	auto	moto	ciclom	ciclista	pedestre	onibus	caminhao	viatura	outros	vitimas	vitimasfatais	acidente_verificado	tempo_clima	situacao_semaforo	sinalizacao	condicao_via	conservacao_via	ponto_controle	situacao_placa	velocidade_max_via	mao_direcao	divisao_via1	divisao_via2	divisao_via3
2709	202322278,0	2023-09-25T00:00:00	02:17:00	COM VÍTIMA	FINALIZADA	CORDEIRO	AV MAURICIO DE NASSAU	685	""	PROXIMO AO GOE	CORDEIRO	""	""	COLISÃO LATERAL	1,0	1,0	0,0	0,0	0,0	0,0	0,0	0,0	0,0	1,0	0,0	""	""	""	""	""	""	""	""	""	""	""	""	""
2710	202322280,0	2023-09-25T00:00:00	02:40:00	COM VÍTIMA	FINALIZADA	MADALENA	RUA REAL DA TORRE	256	""	DEPOIS DO MERCADO DA MADALENA E PROX A MARCOS EQUIPADORA  ANTES DO TUNEL DA ABOLIÇÃO	MADALENA	""	""	COLISÃO	2,0	0,0	0,0	0,0	0,0	0,0	0,0	0,0	0,0	1,0	0,0	""	""	""	""	""	""	""	""	""	""	""	""	""
2711	202322283,0	2023-09-25T00:00:00	03:54:00	COM VÍTIMA	FINALIZADA	PRADO	RUA RICARDO SALAZAR	178	""	GIRADOURO PROXIMO AO SALÃO DE BELEZA NETO	PRADO	""	""	COLISÃO	0,0	1,0	0,0	0,0	0,0	0,0	0,0	0,0	0,0	1,0	0,0	""	""	""	""	""	""	""	""	""	""	""	""	""
2712	202322289,0	2023-09-25T00:00:00	05:07:00	COM VÍTIMA	FINALIZADA	IMBIRIBEIRA	AV MARECHAL MASCARENHAS DE MORAES	4561	""	AO LADO DA TOYOTA S/T AFOGADOS	IMBIRIBEIRA	""	""	COLISÃO LATERAL	1,0	1,0	0,0	0,0	0,0	0,0	0,0	0,0	0,0	1,0	0,0	""	""	""	""	""	""	""	""	""	""	""	""	""
2713	202322295,0	2023-09-25T00:00:00	05:47:00	COM VÍTIMA	FINALIZADA	BONGI	AV ENGENHEIRO ABDIAS DE CARVALHO	1264	""	FACULDADE ESTACIO	BONGI	""	""	COLISÃO	0,0	1,0	0,0	0,0	0,0	0,0	0,0	0,0	0,0	1,0	0,0	""	""	""	""	""	""	""	""	""	""	""	""	""
2714	202322296,0	2023-09-25T00:00:00	06:11:00	COM VÍTIMA	FINALIZADA	HIPODROMO	RUA MARQUES DE BAIPENDI	140	""	PROXIMO AO CALDINHO DA ZEZE	HIPODROMO	""	""	COLISÃO	0,0	1,0	0,0	0,0	0,0	0,0	0,0	0,0	0,0	1,0	0,0	""	""	""	""	""	""	""	""	""	""	""	""	""
2715	202322300,0	2023-09-25T00:00:00	06:22:00	COM VÍTIMA	FINALIZADA	PAISSANDU	AV GOVERNADOR AGAMENON MAGALHAES	2209	""	MEMORIAL SÃO JOSE	PAISSANDU	""	""	COLISÃO	0,0	1,0	0,0	0,0	0,0	0,0	0,0	0,0	0,0	1,0	0,0	""	""	""	""	""	""	""	""	""	""	""	""	""
2716	202322308,0	2023-09-25T00:00:00	06:46:00	COM VÍTIMA	CANCELADA	ARRUDA	AV BEBERIBE	""	""	FEIRA NOVA DE AGUA FRIA	ARRUDA	""	""	COLISÃO	0,0	1,0	0,0	0,0	0,0	0,0	0,0	0,0	0,0	1,0	0,0	""	""	""	""	""	""	""	""	""	""	""	""	""
2717	202322314,0	2023-09-25T00:00:00	11:38:00	COM VÍTIMA	CANCELADA	JIQUIA	RUA SAO MIGUEL	""	""	PRÓXIMO AO BODE DO NÔ	JIQUIA	""	""	COLISÃO TRANSVERSAL	1,0	1,0	0,0	0,0	0,0	0,0	0,0	0,0	0,0	2,0	0,0	""	""	""	""	""	""	""	""	""	""	""	""	""
2718	202322317,0	2023-09-26T00:00:00	01:14:00	COM VÍTIMA	FINALIZADA	DERBY	PRC PROFESSOR AGAMENON MAGALHAES	""	""	COM A AV GOV CARLOS DE LIMA  CAVALCANTI	DERBY	""	""	COLISÃO TRANSVERSAL	0,0	2,0	0,0	0,0	0,0	0,0	0,0	0,0	0,0	1,0	0,0	""	""	""	""	""	""	""	""	""	""	""	""	""
2719	202322326,0	2023-09-26T00:00:00	06:19:00	COM VÍTIMA	FINALIZADA	BOA VIAGEM	AV ENGENHEIRO DOMINGOS FERREIRA	""	RUA PADRE BERNADINO PESSOA	NO SEMAFORO 144	BOA VIAGEM	""	""	COLISÃO COM CICLISTA	1,0	0,0	0,0	1,0	0,0	0,0	0,0	0,0	0,0	1,0	0,0	""	""	""	""	""	""	""	""	""	""	""	""	""
2720	202322345,0	2023-09-26T00:00:00	07:47:00	COM VÍTIMA	FINALIZADA	DERBY	AV GOVERNADOR AGAMENON MAGALHAES	""	RUA JOAQUIM NABUCO	""	DERBY	174,0	""	COLISÃO TRANSVERSAL	1,0	1,0	0,0	0,0	0,0	0,0	0,0	0,0	0,0	1,0	0,0	""	""	""	""	""	""	""	""	""	""	""	""	""
2721	202322348,0	2023-09-26T00:00:00	08:14:00	COM VÍTIMA	FINALIZADA	TORROES	RUA ZUMBI DOS PALMARES	""	""	PROX AO MERCADINHO VEM QUE TEM / PROX AO DEPOSITO BRASIL GÁS	TORROES	""	""	COLISÃO	0,0	1,0	0,0	0,0	0,0	0,0	0,0	0,0	0,0	1,0	0,0	""	""	""	""	""	""	""	""	""	""	""	""	""
2722	202322357,0	2023-09-26T00:00:00	08:50:00	COM VÍTIMA	FINALIZADA	IPUTINGA	AV MAURICIO DE NASSAU	""	""	PROX AO SUPERMERCADO RENDE MAIS	IPUTINGA	""	""	COLISÃO	1,0	1,0	0,0	0,0	1,0	0,0	0,0	0,0	0,0	1,0	0,0	""	""	""	""	""	""	""	""	""	""	""	""	""
2723	202322380,0	2023-09-26T00:00:00	01:14:00	COM VÍTIMA	FINALIZADA	BAIRRO DO RECIFE	AV MILITAR	550	""	POSTO DE GASOLINA // PREFEITURA DO RECIFE	BAIRRO DO RECIFE	""	""	COLISÃO	0,0	1,0	0,0	0,0	0,0	0,0	0,0	0,0	0,0	1,0	0,0	""	""	""	""	""	""	""	""	""	""	""	""	""
2724	202322386,0	2023-09-26T00:00:00	01:55:00	COM VÍTIMA	FINALIZADA	CAMPO GRANDE	EST DE BELEM	848	""	PX AO POSTO PETRONAC // PX A MULTIBOM // EM FRENTE A CLÍNICA CENTRAL	CAMPO GRANDE	""	""	COLISÃO	2,0	0,0	0,0	0,0	0,0	0,0	0,0	0,0	0,0	1,0	0,0	""	""	""	""	""	""	""	""	""	""	""	""	""
2725	202322387,0	2023-09-26T00:00:00	02:01:00	COM VÍTIMA	FINALIZADA	PAISSANDU	AV GOVERNADOR AGAMENON MAGALHAES	""	""	EM FRENTE AO HOSPITAL PORTUGUES	PAISSANDU	""	""	COLISÃO LATERAL	1,0	1,0	0,0	0,0	0,0	0,0	0,0	0,0	0,0	1,0	0,0	""	""	""	""	""	""	""	""	""	""	""	""	""
2726	202322394,0	2023-09-26T00:00:00	02:48:00	COM VÍTIMA	FINALIZADA	IBURA	RUA FRANCISCO BELTRAO	474	""	CONSELHO TUTELAR // SUBINDO A LADEIRA	IBURA	""	""	COLISÃO	0,0	1,0	0,0	0,0	0,0	0,0	0,0	0,0	0,0	1,0	0,0	""	""	""	""	""	""	""	""	""	""	""	""	""
2727	202322395,0	2023-09-26T00:00:00	02:48:00	COM VÍTIMA	FINALIZADA	MACAXEIRA	AV NORTE MIGUEL ARRAES DE ALENCAR	5797	""	PROX A PRAÇA DA MACAXEIRA	MACAXEIRA	""	""	COLISÃO	0,0	1,0	0,0	0,0	0,0	0,0	0,0	0,0	0,0	1,0	0,0	""	""	""	""	""	""	""	""	""	""	""	""	""
2728	202322397,0	2023-09-26T00:00:00	02:52:00	SEM VÍTIMA	FINALIZADA	DOIS UNIDOS	RUA ALTO DO MARACANA	400	""	PADARIA ALTO DO MARACANA	DOIS UNIDOS	""	""	COLISÃO	2,0	0,0	0,0	0,0	0,0	0,0	0,0	0,0	0,0	0,0	0,0	""	""	""	""	""	""	""	""	""	""	""	""	""
2729	202322402,0	2023-09-26T00:00:00	03:58:00	COM VÍTIMA	FINALIZADA	IMBIRIBEIRA	RUA SARGENTO SILVINO DE MACEDO	378	""	POR TRAZ DO VIA CLUBE // MOTEL FANTASY	IMBIRIBEIRA	""	""	COLISÃO	0,0	1,0	0,0	0,0	0,0	0,0	0,0	0,0	0,0	1,0	0,0	""	""	""	""	""	""	""	""	""	""	""	""	""
2730	202322404,0	2023-09-26T00:00:00	04:22:00	COM VÍTIMA	FINALIZADA	PINA	AV REPUBLICA DO LIBANO	419	""	SHOOPING RIO MAR	PINA	""	""	COLISÃO	0,0	1,0	0,0	0,0	0,0	0,0	0,0	0,0	0,0	1,0	0,0	""	""	""	""	""	""	""	""	""	""	""	""	""
2731	202322405,0	2023-09-26T00:00:00	04:28:00	COM VÍTIMA	FINALIZADA	SANTO AMARO	AV CRUZ CABUGA	1899	""	PRAÇA TACARUNA OPOSTO A ESTACAO BRT	SANTO AMARO	""	""	COLISÃO	1,0	1,0	0,0	0,0	0,0	0,0	0,0	0,0	0,0	1,0	0,0	""	""	""	""	""	""	""	""	""	""	""	""	""
2732	202322416,0	2023-09-26T00:00:00	07:29:00	COM VÍTIMA	FINALIZADA	ROSARINHO	AV NORTE MIGUEL ARRAES DE ALENCAR	""	AV SANTOS DUMONT	PRÓXIMO A PADARIA ROSARINHO	ROSARINHO	""	""	COLISÃO	0,0	0,0	0,0	0,0	0,0	0,0	0,0	0,0	0,0	1,0	0,0	""	""	""	""	""	""	""	""	""	""	""	""	""
2733	202322421,0	2023-09-26T00:00:00	09:28:00	COM VÍTIMA	FINALIZADA	DOIS IRMAOS	RUA MANUEL DE MEDEIROS	93	""	APÓS A UNIVERSIDADE RURAL	DOIS IRMAOS	""	""	COLISÃO	0,0	1,0	0,0	0,0	0,0	0,0	0,0	0,0	0,0	1,0	0,0	""	""	""	""	""	""	""	""	""	""	""	""	""
2734	202322445,0	2023-09-27T00:00:00	07:28:00	COM VÍTIMA	FINALIZADA	IMBIRIBEIRA	AV MARECHAL MASCARENHAS DE MORAES	""	""	EM FRENTE A POSTO DE COMBUSTIVEL IPIRANGA SENTIDO AEROPORTO / EM FRENTE A LOJA GRILO	IMBIRIBEIRA	""	""	QUEDA	0,0	1,0	0,0	0,0	0,0	0,0	0,0	0,0	0,0	1,0	0,0	""	""	""	""	""	""	""	""	""	""	""	""	""
2735	202322446,0	2023-09-27T00:00:00	07:43:00	COM VÍTIMA	FINALIZADA	CAMPO GRANDE	RUA SAO CAETANO	""	RUA PROFESSOR FRANCISCO DA TRINDADE	PROX. AO CLUBE DAS PAS	CAMPO GRANDE	""	""	COLISÃO LATERAL	0,0	1,0	0,0	0,0	0,0	0,0	0,0	0,0	0,0	1,0	0,0	""	""	""	""	""	""	""	""	""	""	""	""	""
2736	202322447,0	2023-09-27T00:00:00	07:46:00	COM VÍTIMA	FINALIZADA	VARZEA	AV AFONSO OLINDENSE	""	""	PROX. A SECRETARIA DE EDUCAÇÃO	VARZEA	""	""	COLISÃO LATERAL	0,0	1,0	0,0	0,0	0,0	0,0	0,0	0,0	0,0	1,0	0,0	""	""	""	""	""	""	""	""	""	""	""	""	""
2737	202322454,0	2023-09-27T00:00:00	08:49:00	COM VÍTIMA	DUPLICIDADE	SANTO AMARO	RUA DOS PALMARES	""	""	""	SANTO AMARO	""	""	COLISÃO LATERAL	0,0	0,0	0,0	0,0	0,0	0,0	0,0	0,0	0,0	1,0	0,0	""	""	""	""	""	""	""	""	""	""	""	""	""
2738	202322455,0	2023-09-27T00:00:00	08:52:00	COM VÍTIMA	FINALIZADA	SANTO AMARO	AV MARIO MELO	""	""	PRÓX A ESQUINA DO CEMITÉRIO DE SANTO AMARO	SANTO AMARO	""	""	COLISÃO	1,0	1,0	0,0	0,0	0,0	0,0	0,0	0,0	0,0	1,0	0,0	""	""	""	""	""	""	""	""	""	""	""	""	""
2739	202322462,0	2023-09-27T00:00:00	10:08:00	COM VÍTIMA	FINALIZADA	IPUTINGA	EST DO BARBALHO	""	""	PARALELA COM ANTIGO BOMPREÇO DA CAXANGA	IPUTINGA	""	""	COLISÃO	1,0	1,0	0,0	0,0	0,0	0,0	0,0	0,0	0,0	1,0	0,0	""	""	""	""	""	""	""	""	""	""	""	""	""
2740	202322470,0	2023-09-27T00:00:00	11:37:00	COM VÍTIMA	FINALIZADA	AFOGADOS	RUA QUITERIO INACIO DE MELLO	234	""	EM FRENTE A LOJA BRASIL	AFOGADOS	""	""	QUEDA	0,0	1,0	0,0	0,0	0,0	0,0	0,0	0,0	0,0	1,0	0,0	""	""	""	""	""	""	""	""	""	""	""	""	""
2741	202322478,0	2023-09-27T00:00:00	12:50:00	COM VÍTIMA	FINALIZADA	IPUTINGA	AV MAURICIO DE NASSAU	""	RUA N S DA SAUDE	PROX AO PARQUE DO CAIARA	IPUTINGA	88,0	""	COLISÃO COM CICLISTA	0,0	1,0	0,0	1,0	0,0	0,0	0,0	0,0	0,0	1,0	0,0	""	""	""	""	""	""	""	""	""	""	""	""	""
2742	202322482,0	2023-09-27T00:00:00	01:36:00	COM VÍTIMA	FINALIZADA	BOA VIAGEM	RUA JOAQUIM BANDEIRA	10	""	E/F A MARFEMA MATERIAIS  ELETRICOS    E A ESTAÇAO ANTONIO FALCAO	BOA VIAGEM	""	""	COLISÃO TRASEIRA	1,0	1,0	0,0	0,0	0,0	0,0	0,0	0,0	0,0	1,0	0,0	""	""	""	""	""	""	""	""	""	""	""	""	""
2743	202322490,0	2023-09-27T00:00:00	02:16:00	COM VÍTIMA	FINALIZADA	BOA VISTA	RUA DOM BOSCO	""	""	EM FRENTE AO ESTACIONAMENTO SANPARK	BOA VISTA	""	""	COLISÃO	1,0	1,0	0,0	0,0	0,0	0,0	0,0	0,0	0,0	1,0	0,0	""	""	""	""	""	""	""	""	""	""	""	""	""
2744	202322491,0	2023-09-27T00:00:00	02:21:00	COM VÍTIMA	FINALIZADA	IMBIRIBEIRA	AV RECIFE	14603	""	CHURRASCARIA SAL E BRASA // VIADUTO TRANQUEDO NEVES	IMBIRIBEIRA	""	""	COLISÃO LATERAL	0,0	1,0	0,0	0,0	0,0	0,0	0,0	0,0	0,0	1,0	0,0	""	""	""	""	""	""	""	""	""	""	""	""	""
2745	202322504,0	2023-09-27T00:00:00	04:43:00	COM VÍTIMA	FINALIZADA	VARZEA	RUA ANTONIO PEREIRA	315	""	PROXIMO AO TIP	VARZEA	""	""	COLISÃO FRONTAL	0,0	1,0	0,0	0,0	0,0	1,0	0,0	0,0	0,0	2,0	0,0	""	""	""	""	""	""	""	""	""	""	""	""	""
2746	202322514,0	2023-09-27T00:00:00	05:52:00	COM VÍTIMA	FINALIZADA	VARZEA	RUA GASTAO VIDIGAL	""	""	UPA DA CAXANGÁ	VARZEA	""	""	COLISÃO COM CICLISTA	1,0	0,0	0,0	1,0	0,0	0,0	0,0	0,0	0,0	1,0	0,0	""	""	""	""	""	""	""	""	""	""	""	""	""
2747	202322516,0	2023-09-27T00:00:00	06:06:00	COM VÍTIMA	FINALIZADA	IMBIRIBEIRA	AV MARECHAL MASCARENHAS DE MORAES	291	""	IDRA IPV	IMBIRIBEIRA	""	""	COLISÃO	0,0	1,0	0,0	1,0	0,0	0,0	0,0	0,0	0,0	1,0	0,0	""	""	""	""	""	""	""	""	""	""	""	""	""
2748	202322519,0	2023-09-27T00:00:00	06:13:00	COM VÍTIMA	FINALIZADA	AFOGADOS	EST DOS REMEDIOS	372	""	E/F NOVO ATACAREJO	AFOGADOS	""	""	COLISÃO	0,0	1,0	0,0	0,0	0,0	0,0	0,0	0,0	0,0	1,0	0,0	""	""	""	""	""	""	""	""	""	""	""	""	""
2749	202322536,0	2023-09-27T00:00:00	08:21:00	COM VÍTIMA	CANCELADA	MADALENA	RUA JOSE BONIFACIO	""	""	EM FRENTE AO RESTAURANTE JOÃO DA CARNE DE SOL	MADALENA	""	""	COLISÃO TRASEIRA	1,0	1,0	0,0	0,0	0,0	0,0	0,0	0,0	0,0	1,0	0,0	""	""	""	""	""	""	""	""	""	""	""	""	""
2750	202322537,0	2023-09-27T00:00:00	09:05:00	COM VÍTIMA	FINALIZADA	ARRUDA	RUA DAS MOCAS	""	RUA ZEFERINO AGRA	E/F AO RESTAURANTE KA COLÉ	ARRUDA	""	""	COLISÃO LATERAL	1,0	1,0	0,0	0,0	0,0	0,0	0,0	0,0	0,0	1,0	0,0	""	""	""	""	""	""	""	""	""	""	""	""	""
2751	202322571,0	2023-09-28T00:00:00	07:27:00	COM VÍTIMA	FINALIZADA	ESPINHEIRO	AV GOVERNADOR AGAMENON MAGALHAES	""	""	PROX. AO CLUBE PORTUGUES E MC´DONALD	ESPINHEIRO	""	""	COLISÃO LATERAL	0,0	1,0	0,0	0,0	0,0	0,0	0,0	0,0	0,0	1,0	0,0	""	""	""	""	""	""	""	""	""	""	""	""	""
2752	202322607,0	2023-09-28T00:00:00	11:25:00	COM VÍTIMA	FINALIZADA	ESPINHEIRO	RUA DR FERNANDO ALLAIN	""	RUA MARQUES DO PARANA	POR TRÁS DO MINISTERIO DO TRABALHO / PROX AO MARTELINHO DE OURO	ESPINHEIRO	""	""	COLISÃO	1,0	1,0	0,0	0,0	0,0	0,0	0,0	0,0	0,0	1,0	0,0	""	""	""	""	""	""	""	""	""	""	""	""	""
2753	202322609,0	2023-09-28T00:00:00	12:14:00	COM VÍTIMA	FINALIZADA	ENCRUZILHADA	AV JOAO DE BARROS	1629	""	EM FRENTE A FEDERAÇÃO ESPÍRITA PERNAMBUCANA	ENCRUZILHADA	""	""	COLISÃO	1,0	1,0	0,0	0,0	0,0	0,0	0,0	0,0	0,0	1,0	0,0	""	""	""	""	""	""	""	""	""	""	""	""	""
2754	202322610,0	2023-09-28T00:00:00	12:35:00	COM VÍTIMA	DUPLICIDADE	VARZEA	AV PROFESSOR ARTUR DE SA	""	""	PROXIMO AO SEMITERIO DA VARZEA	VARZEA	""	""	COLISÃO FRONTAL	1,0	0,0	0,0	0,0	0,0	0,0	0,0	0,0	0,0	1,0	0,0	""	""	""	""	""	""	""	""	""	""	""	""	""
2755	202322612,0	2023-09-28T00:00:00	12:43:00	COM VÍTIMA	FINALIZADA	CIDADE UNIVERSITARIA	AV PROFESSOR ARTUR DE SA	1134	""	PROXIMO AO BAR DA KELLY E AO CEMITERIO DA VARZEA	CIDADE UNIVERSITARIA	""	""	COLISÃO LATERAL	0,0	1,0	0,0	0,0	0,0	0,0	0,0	0,0	0,0	1,0	0,0	""	""	""	""	""	""	""	""	""	""	""	""	""
2756	202322620,0	2023-09-28T00:00:00	01:42:00	COM VÍTIMA	FINALIZADA	BOA VIAGEM	RUA BALTAZAR PASSOS	383	""	PROXIMO A CULTURA INGLEZA // PADARIA PAN JOVEM	BOA VIAGEM	""	""	COLISÃO	0,0	1,0	0,0	0,0	0,0	0,0	0,0	0,0	0,0	1,0	0,0	""	""	""	""	""	""	""	""	""	""	""	""	""
2757	202322634,0	2023-09-28T00:00:00	03:33:00	COM VÍTIMA	FINALIZADA	BOA VIAGEM	RUA PROFESSOR JOSE BRANDAO	269	""	E/F AO EDF RIO SENA  ESQUINA DA  CLINICA ARMINDO MOURA	BOA VIAGEM	""	""	ATROPELAMENTO DE PESSOA	1,0	0,0	0,0	0,0	3,0	0,0	0,0	0,0	0,0	1,0	0,0	""	""	""	""	""	""	""	""	""	""	""	""	""
2758	202322636,0	2023-09-28T00:00:00	03:50:00	COM VÍTIMA	FINALIZADA	IMBIRIBEIRA	AV SUL	S/N	""	EM BAIXO DO VIADUTO TANCREDO NEVES E PROXIMO A ESTAÇÃO TANCREDO NEVES	IMBIRIBEIRA	""	""	COLISÃO FRONTAL	0,0	1,0	0,0	0,0	0,0	1,0	0,0	0,0	0,0	1,0	0,0	""	""	""	""	""	""	""	""	""	""	""	""	""
2759	202322638,0	2023-09-28T00:00:00	04:00:00	COM VÍTIMA	FINALIZADA	TORRE	RUA REAL DA TORRE	S/N	""	PROXIMO A LOJA DA SHINERAY	TORRE	""	""	COLISÃO	0,0	1,0	0,0	0,0	0,0	0,0	0,0	0,0	0,0	1,0	0,0	""	""	""	""	""	""	""	""	""	""	""	""	""
2760	202322641,0	2023-09-28T00:00:00	04:36:00	COM VÍTIMA	FINALIZADA	SANTO AMARO	AV CRUZ CABUGA	""	""	EMBAIXO DO VIADUTO  DO TACARUNA ENGENHEIRO ROBERTO  PEREIRA DE CARVALHO	SANTO AMARO	""	""	COLISÃO TRASEIRA	1,0	1,0	0,0	0,0	0,0	0,0	0,0	0,0	0,0	1,0	0,0	""	""	""	""	""	""	""	""	""	""	""	""	""
2761	202322653,0	2023-09-28T00:00:00	07:06:00	COM VÍTIMA	FINALIZADA	JOANA BEZERRA	PTE JOAQUIM CARDOSO	""	TRV DO RAPOSO	""	JOANA BEZERRA	""	""	COLISÃO	1,0	1,0	0,0	0,0	0,0	0,0	0,0	0,0	0,0	1,0	0,0	""	""	""	""	""	""	""	""	""	""	""	""	""
2762	202322655,0	2023-09-28T00:00:00	07:32:00	COM VÍTIMA	FINALIZADA	JOANA BEZERRA	VIADUTO CAPITAO TEMUDO	""	""	""	JOANA BEZERRA	""	""	QUEDA	0,0	1,0	0,0	0,0	0,0	0,0	0,0	0,0	0,0	1,0	0,0	""	""	""	""	""	""	""	""	""	""	""	""	""
2763	202322679,0	2023-09-29T00:00:00	07:15:00	COM VÍTIMA	FINALIZADA	CABANGA	PTE GOVERNADOR PAULO GUERRA	""	""	APÓS AO CABANGA / SOBRE O VIADUTO DO PAULO GUERRA	CABANGA	""	""	QUEDA	0,0	1,0	0,0	0,0	0,0	0,0	0,0	0,0	0,0	2,0	0,0	""	""	""	""	""	""	""	""	""	""	""	""	""
2764	202322688,0	2023-09-29T00:00:00	08:27:00	COM VÍTIMA	FINALIZADA	ENCRUZILHADA	AV BEBERIBE	335	""	EM FRENTE AO BANCO DO BRASIL	ENCRUZILHADA	""	""	COLISÃO LATERAL	0,0	2,0	0,0	0,0	0,0	0,0	0,0	0,0	0,0	2,0	0,0	""	""	""	""	""	""	""	""	""	""	""	""	""
2765	202322695,0	2023-09-29T00:00:00	09:34:00	COM VÍTIMA	FINALIZADA	CASA AMARELA	RUA PADRE LEMOS	""	""	EM FRENTE A MATIAS PEÇAS	CASA AMARELA	""	""	COLISÃO LATERAL	1,0	1,0	0,0	0,0	0,0	0,0	0,0	0,0	0,0	1,0	0,0	""	""	""	""	""	""	""	""	""	""	""	""	""
2766	202322701,0	2023-09-29T00:00:00	10:27:00	COM VÍTIMA	FINALIZADA	DOIS IRMAOS	RUA MANUEL DE MEDEIROS	300	""	PROX. AO RESTAURANTE GUARIBA	DOIS IRMAOS	""	""	COLISÃO COM CICLISTA	1,0	0,0	0,0	1,0	0,0	0,0	0,0	0,0	0,0	1,0	0,0	""	""	""	""	""	""	""	""	""	""	""	""	""
2767	202322703,0	2023-09-29T00:00:00	10:44:00	COM VÍTIMA	FINALIZADA	SANTO AMARO	RUA DA AURORA	1027	""	PROX AO BANCO CENTRAL	SANTO AMARO	""	""	COLISÃO TRASEIRA	1,0	1,0	0,0	0,0	0,0	0,0	0,0	0,0	0,0	1,0	0,0	""	""	""	""	""	""	""	""	""	""	""	""	""
2768	202322711,0	2023-09-29T00:00:00	12:00:00	COM VÍTIMA	FINALIZADA	MADALENA	AV CAXANGA	""	""	EM FRENTE AO COMPAZ / SENTIDO CAMARAGIBE	MADALENA	""	""	COLISÃO	0,0	1,0	0,0	0,0	0,0	0,0	0,0	0,0	0,0	1,0	0,0	""	""	""	""	""	""	""	""	""	""	""	""	""
2769	202322726,0	2023-09-29T00:00:00	02:02:00	COM VÍTIMA	FINALIZADA	MUSTARDINHA	AV MANOEL GONCALVES DA LUZ	489	""	E/F AO SUPERMERCADO TEM	MUSTARDINHA	""	""	COLISÃO LATERAL	0,0	2,0	0,0	0,0	0,0	0,0	0,0	0,0	0,0	1,0	0,0	""	""	""	""	""	""	""	""	""	""	""	""	""
2770	202322743,0	2023-09-29T00:00:00	04:39:00	COM VÍTIMA	FINALIZADA	TORRE	AV BEIRA RIO	1305	""	AO LADO DO MARTELINHO DE OURO  E/F AO EDF AVA GARDNER	TORRE	""	""	COLISÃO	1,0	1,0	0,0	0,0	0,0	0,0	0,0	0,0	0,0	1,0	0,0	""	""	""	""	""	""	""	""	""	""	""	""	""
2771	202322761,0	2023-09-29T00:00:00	07:06:00	COM VÍTIMA	FINALIZADA	SANTO AMARO	AV GOVERNADOR AGAMENON MAGALHAES	""	""	APÓS O SEMÁFORO 378	SANTO AMARO	""	""	COLISÃO	1,0	1,0	0,0	0,0	0,0	0,0	0,0	0,0	0,0	1,0	0,0	""	""	""	""	""	""	""	""	""	""	""	""	""
2772	202322770,0	2023-09-29T00:00:00	08:53:00	COM VÍTIMA	FINALIZADA	VARZEA	AV CAXANGA	""	""	EM FRENTE A DROGRASIL	VARZEA	""	""	COLISÃO	0,0	1,0	0,0	0,0	0,0	0,0	0,0	0,0	0,0	3,0	0,0	""	""	""	""	""	""	""	""	""	""	""	""	""
2773	202322774,0	2023-09-29T00:00:00	09:37:00	COM VÍTIMA	FINALIZADA	ESPINHEIRO	RUA DO ESPINHEIRO	""	""	COM RUA SANTO ELIAS	ESPINHEIRO	""	""	COLISÃO TRANSVERSAL	1,0	1,0	0,0	0,0	0,0	0,0	0,0	0,0	0,0	1,0	0,0	""	""	""	""	""	""	""	""	""	""	""	""	""
2774	202322776,0	2023-09-29T00:00:00	11:51:00	COM VÍTIMA	CANCELADA	ILHA DO RETIRO	RUA JOAO ELISIO RAMOS	204	""	AO LADO DO ESTÁDIO DA ILHA DO RETIRO	ILHA DO RETIRO	""	""	COLISÃO	0,0	1,0	0,0	0,0	0,0	0,0	0,0	0,0	0,0	1,0	0,0	""	""	""	""	""	""	""	""	""	""	""	""	""
2775	202322781,0	2023-09-30T00:00:00	05:50:00	COM VÍTIMA	FINALIZADA	BONGI	RUA COSME VIANA	""	""	COM  A RUA ALFRELDO BUARQUE	BONGI	430,0	""	COLISÃO	0,0	2,0	0,0	0,0	0,0	0,0	0,0	0,0	0,0	3,0	0,0	""	""	""	""	""	""	""	""	""	""	""	""	""
2776	202322782,0	2023-09-30T00:00:00	06:56:00	COM VÍTIMA	FINALIZADA	IMBIRIBEIRA	AV MARECHAL MASCARENHAS DE MORAES	""	""	EM FRENTE A FERREIRA COSTA, SENT. AFOGADOS	IMBIRIBEIRA	""	""	COLISÃO LATERAL	0,0	1,0	0,0	0,0	0,0	0,0	0,0	0,0	0,0	1,0	0,0	""	""	""	""	""	""	""	""	""	""	""	""	""
2777	202322789,0	2023-09-30T00:00:00	06:59:00	COM VÍTIMA	FINALIZADA	TORROES	AV ENGENHEIRO ABDIAS DE CARVALHO	""	""	FRENTE UPA DA ABDIAS	TORROES	""	""	""	1,0	1,0	0,0	0,0	0,0	0,0	0,0	0,0	0,0	1,0	0,0	""	""	""	""	""	""	""	""	""	""	""	""	""
2778	202322800,0	2023-09-30T00:00:00	07:45:00	COM VÍTIMA	FINALIZADA	JOANA BEZERRA	AV GOVERNADOR AGAMENON MAGALHAES	""	""	APOS HOSPITAL PORTUGUES	JOANA BEZERRA	""	""	COLISÃO	1,0	1,0	0,0	0,0	0,0	0,0	0,0	0,0	0,0	1,0	0,0	""	""	""	""	""	""	""	""	""	""	""	""	""