_id	Protocolo	data	hora	natureza	situacao	bairro	endereco	numero	detalhe_endereco_acidente	complemento	bairro_cruzamento	num_semaforo	sentido_via	tipo	auto	moto	ciclom	ciclista	pedestre	onibus	caminhao	viatura	outros	vitimas	vitimasfatais	acidente_verificado	tempo_clima	situacao_semaforo	sinalizacao	condicao_via	conservacao_via	ponto_controle	situacao_placa	velocidade_max_via	mao_direcao	divisao_via1	divisao_via2	divisao_via3
3055	202324717,0	2023-10-20T00:00:00	01:43:00	COM VÍTIMA	FINALIZADA	JORDAO	AV MARIA IRENE	1948	""	BASE AEREA DE RECIFE	JORDAO	""	""	COLISÃO LATERAL	0,0	0,0	0,0	0,0	0,0	0,0	0,0	0,0	0,0	1,0	0,0	""	""	""	""	""	""	""	""	""	""	""	""	""
3056	202324720,0	2023-10-20T00:00:00	02:45:00	COM VÍTIMA	FINALIZADA	BOA VISTA	AV CONDE DA BOA VISTA	2596	""	PROXIMO AO SHOPPING BOA VISTA E DROGARIA SÃO PAULO	BOA VISTA	""	""	COLISÃO	0,0	1,0	0,0	0,0	0,0	2,0	0,0	0,0	0,0	1,0	0,0	""	""	""	""	""	""	""	""	""	""	""	""	""
3057	202324721,0	2023-10-20T00:00:00	02:49:00	COM VÍTIMA	FINALIZADA	AFOGADOS	RUA PADRE JOSE DE SA LEITAO	""	AV SUL	""	AFOGADOS	509,0	""	COLISÃO	1,0	0,0	0,0	0,0	1,0	0,0	0,0	0,0	0,0	1,0	0,0	""	""	""	""	""	""	""	""	""	""	""	""	""
3058	202324724,0	2023-10-20T00:00:00	03:06:00	COM VÍTIMA	FINALIZADA	IMBIRIBEIRA	AV PINHEIROS	""	AV MARECHAL MASCARENHAS DE MORAES	""	IMBIRIBEIRA	""	""	COLISÃO	1,0	1,0	0,0	0,0	0,0	0,0	0,0	0,0	0,0	1,0	0,0	""	""	""	""	""	""	""	""	""	""	""	""	""
3059	202324733,0	2023-10-20T00:00:00	03:59:00	COM VÍTIMA	FINALIZADA	ALTO JOSE DO PINHO	RUA MARAGOGI	422	""	E/F A IGRJA UNIVERSAL	ALTO JOSE DO PINHO	""	""	COLISÃO FRONTAL	0,0	2,0	0,0	0,0	0,0	0,0	0,0	0,0	0,0	1,0	0,0	""	""	""	""	""	""	""	""	""	""	""	""	""
3060	202324736,0	2023-10-20T00:00:00	04:32:00	COM VÍTIMA	DUPLICIDADE	ALTO JOSE DO PINHO	RUA MARAGOGIPE	422	""	EM FRENTE A IGREJA UNIVERSAL	ALTO JOSE DO PINHO	""	""	COLISÃO	0,0	1,0	0,0	0,0	0,0	0,0	0,0	0,0	0,0	1,0	0,0	""	""	""	""	""	""	""	""	""	""	""	""	""
3061	202324744,0	2023-10-20T00:00:00	05:57:00	COM VÍTIMA	FINALIZADA	CAMPO GRANDE	RUA JERONIMO VILELA	367	""	PROXIMO A PADARIA SANTO ANTONIO	CAMPO GRANDE	""	""	COLISÃO	0,0	1,0	0,0	0,0	0,0	0,0	0,0	0,0	0,0	1,0	0,0	""	""	""	""	""	""	""	""	""	""	""	""	""
3062	202324751,0	2023-10-20T00:00:00	06:58:00	COM VÍTIMA	CANCELADA	IMBIRIBEIRA	AV MARECHAL MASCARENHAS DE MORAES	""	""	JUIZADO ESPECIAIS DO RECIFE / POSTO DE SAUDE	IMBIRIBEIRA	""	""	QUEDA	0,0	1,0	0,0	0,0	0,0	0,0	0,0	0,0	0,0	1,0	0,0	""	""	""	""	""	""	""	""	""	""	""	""	""
3063	202324762,0	2023-10-20T00:00:00	08:12:00	COM VÍTIMA	FINALIZADA	JOANA BEZERRA	VIADUTO CAPITAO TEMUDO	""	""	SUBIDA DO VIADUTO	JOANA BEZERRA	""	""	COLISÃO	0,0	2,0	0,0	0,0	0,0	1,0	0,0	0,0	0,0	1,0	0,0	""	""	""	""	""	""	""	""	""	""	""	""	""
3064	202324766,0	2023-10-20T00:00:00	11:14:00	COM VÍTIMA	FINALIZADA	CASA AMARELA	EST DO ARRAIAL	""	RUA PAULA BATISTA	AGENCIA NACIONAL DE MINERAÇÃO	CASA AMARELA	""	""	COLISÃO	1,0	1,0	0,0	0,0	0,0	0,0	0,0	0,0	0,0	1,0	0,0	""	""	""	""	""	""	""	""	""	""	""	""	""
3065	202324769,0	2023-10-20T00:00:00	11:39:00	SEM VÍTIMA	FINALIZADA	SAO JOSE	RUA JARAGUARI	80	""	""	SAO JOSE	""	SUBURBIO	COLISÃO LATERAL	0,0	1,0	0,0	0,0	0,0	0,0	0,0	0,0	0,0	0,0	0,0	""	""	""	""	""	""	""	""	""	""	""	""	""
3066	202324770,0	2023-10-21T00:00:00	12:10:00	SEM VÍTIMA	FINALIZADA	TAMARINEIRA	RUA SILVEIRA DE CARVALHO	208	""	""	TAMARINEIRA	""	SUBURBIO	COLISÃO LATERAL	2,0	0,0	0,0	0,0	0,0	0,0	0,0	0,0	0,0	0,0	0,0	""	""	""	""	""	""	""	""	""	""	""	""	""
3067	202324780,0	2023-10-21T00:00:00	04:45:00	COM VÍTIMA	FINALIZADA	BAIRRO DO RECIFE	CAIS DO APOLO	""	""	PROXIMO A PCR	BAIRRO DO RECIFE	""	""	ATROPELAMENTO DE PESSOA	1,0	0,0	0,0	0,0	1,0	0,0	0,0	0,0	0,0	1,0	0,0	""	""	""	""	""	""	""	""	""	""	""	""	""
3068	202324820,0	2023-10-21T00:00:00	12:50:00	COM VÍTIMA	FINALIZADA	AREIAS	RUA IPOJUCA	273	""	PROXIMO A ESCOLA PROFISSIONALIZANTE DE AREIAS	AREIAS	""	""	COLISÃO	0,0	1,0	0,0	0,0	0,0	0,0	0,0	0,0	0,0	1,0	0,0	""	""	""	""	""	""	""	""	""	""	""	""	""
3069	202324821,0	2023-10-21T00:00:00	01:02:00	COM VÍTIMA	FINALIZADA	TORRE	RUA REAL DA TORRE	""	""	PROXIMO AO RECIBOM DA TORRE	TORRE	""	""	COLISÃO	0,0	1,0	0,0	0,0	0,0	0,0	0,0	0,0	0,0	1,0	0,0	""	""	""	""	""	""	""	""	""	""	""	""	""
3070	202324822,0	2023-10-21T00:00:00	01:09:00	COM VÍTIMA	FINALIZADA	BOA VIAGEM	RUA CAPITAO ZUZINHA	365	""	PROXIMO AO BAR DA AZINHA	BOA VIAGEM	""	""	COLISÃO	0,0	1,0	0,0	0,0	0,0	0,0	0,0	0,0	0,0	1,0	0,0	""	""	""	""	""	""	""	""	""	""	""	""	""
3071	202324823,0	2023-10-21T00:00:00	01:55:00	COM VÍTIMA	FINALIZADA	ESPINHEIRO	RUA QUARENTA E OITO	""	""	EM FRENTE AO RESTAURANTE SABOR DO RANCHO	ESPINHEIRO	""	""	COLISÃO	0,0	1,0	0,0	0,0	0,0	0,0	0,0	0,0	0,0	1,0	0,0	""	""	""	""	""	""	""	""	""	""	""	""	""
3072	202324824,0	2023-10-21T00:00:00	02:23:00	COM VÍTIMA	FINALIZADA	DOIS IRMAOS	RUA MANUEL DE MEDEIROS	11	""	PROXIMO AO ARMAZEM COUTO E A UFRPE	DOIS IRMAOS	""	""	COLISÃO	0,0	1,0	0,0	0,0	0,0	0,0	0,0	0,0	0,0	1,0	0,0	""	""	""	""	""	""	""	""	""	""	""	""	""
3073	202324831,0	2023-10-21T00:00:00	04:08:00	COM VÍTIMA	FINALIZADA	AREIAS	RUA RIO SOLIMOES	385	""	PADARIA SOLIMOES	AREIAS	""	""	COLISÃO LATERAL	0,0	0,0	0,0	0,0	0,0	0,0	0,0	0,0	0,0	1,0	0,0	""	""	""	""	""	""	""	""	""	""	""	""	""
3074	202324834,0	2023-10-21T00:00:00	04:39:00	COM VÍTIMA	FINALIZADA	SANTO AMARO	RUA AURORA	1267	""	INSTITUTO TAVARES BURIL	SANTO AMARO	""	""	COLISÃO LATERAL	0,0	0,0	0,0	0,0	0,0	0,0	0,0	0,0	0,0	1,0	0,0	""	""	""	""	""	""	""	""	""	""	""	""	""
3075	202324836,0	2023-10-21T00:00:00	05:39:00	COM VÍTIMA	FINALIZADA	BOA VIAGEM	AV ENGENHEIRO DOMINGOS FERREIRA	""	RUA CORONEL SERGIO HENRIQUE CARDIM	""	BOA VIAGEM	444,0	""	ATROPELAMENTO DE PESSOA	0,0	0,0	0,0	0,0	1,0	0,0	0,0	0,0	0,0	1,0	0,0	""	""	""	""	""	""	""	""	""	""	""	""	""
3076	202324848,0	2023-10-21T00:00:00	10:18:00	COM VÍTIMA	FINALIZADA	CASA FORTE	AV DEZESSETE DE AGOSTO	1447	""	EM FRENTE AO ERMIRIO DE MORAES	CASA FORTE	""	""	COLISÃO LATERAL	1,0	1,0	0,0	0,0	0,0	0,0	0,0	0,0	0,0	1,0	0,0	""	""	""	""	""	""	""	""	""	""	""	""	""
3077	202324883,0	2023-10-22T00:00:00	02:29:00	COM VÍTIMA	FINALIZADA	IBURA	AV DOIS RIOS	899	""	""	IBURA	""	""	COLISÃO FRONTAL	1,0	1,0	0,0	0,0	0,0	0,0	0,0	0,0	0,0	1,0	0,0	""	""	""	""	""	""	""	""	""	""	""	""	""
3078	202324886,0	2023-10-22T00:00:00	03:33:00	SEM VÍTIMA	FINALIZADA	BOA VIAGEM	RUA DEZ DE JULHO	210	RUA CAMBOIM	PRÓXIMO AO ESTABELECIMENTO ALUGUEL BRASIL DE CARROS	BOA VIAGEM	""	CIDADE	COLISÃO	2,0	0,0	0,0	0,0	0,0	0,0	0,0	0,0	0,0	0,0	0,0	""	""	""	""	""	""	""	""	""	""	""	""	""
3079	202324906,0	2023-10-22T00:00:00	09:05:00	COM VÍTIMA	FINALIZADA	IMBIRIBEIRA	AV MARECHAL MASCARENHAS DE MORAES	1482	""	EM FRENTE A ENCRUZILHADA PNEUS	IMBIRIBEIRA	""	""	COLISÃO	2,0	0,0	0,0	0,0	0,0	0,0	0,0	0,0	0,0	1,0	0,0	""	""	""	""	""	""	""	""	""	""	""	""	""
3080	202324909,0	2023-10-23T00:00:00	04:27:00	COM VÍTIMA	FINALIZADA	MADALENA	RUA REAL DA TORRE	""	RUA PADRE ANCHIETA	NO CRUZAMENTO	MADALENA	192,0	""	COLISÃO	0,0	1,0	0,0	0,0	0,0	1,0	0,0	0,0	0,0	1,0	0,0	""	""	""	""	""	""	""	""	""	""	""	""	""
3081	202324912,0	2023-10-23T00:00:00	06:10:00	COM VÍTIMA	FINALIZADA	SAO JOSE	AV SUL	""	""	PROX. A FENIX PROMAGEM E GALVANIZAÇÃO SUL	SAO JOSE	260,0	""	COLISÃO LATERAL	0,0	1,0	0,0	0,0	0,0	0,0	0,0	0,0	0,0	1,0	0,0	""	""	""	""	""	""	""	""	""	""	""	""	""
3082	202324920,0	2023-10-23T00:00:00	07:30:00	COM VÍTIMA	FINALIZADA	PONTO DE PARADA	RUA PROFESSOR JERONIMO GUEIROS	""	""	PROX A MARTENIDADE DA ENCRUZILHADA E PROX A FERREIRA PINTO	PONTO DE PARADA	""	""	COLISÃO	0,0	1,0	0,0	0,0	0,0	0,0	0,0	0,0	0,0	1,0	0,0	""	""	""	""	""	""	""	""	""	""	""	""	""
3083	202324922,0	2023-10-23T00:00:00	07:52:00	COM VÍTIMA	FINALIZADA	AREIAS	AV RECIFE	""	""	EM FRENTE AO ATACADÃO / SENTIDO BR 232 '	AREIAS	""	""	COLISÃO	0,0	1,0	0,0	0,0	0,0	0,0	0,0	0,0	0,0	1,0	0,0	""	""	""	""	""	""	""	""	""	""	""	""	""
3084	202324923,0	2023-10-23T00:00:00	07:58:00	COM VÍTIMA	FINALIZADA	BOA VIAGEM	RUA WALDEMAR NERY CARNEIRO MONTEIRO	""	""	PROX. AO RESTAURANTE DONA GULA E COLEGIO PEQUENOS PASSOS	BOA VIAGEM	""	""	COLISÃO LATERAL	0,0	1,0	0,0	0,0	0,0	0,0	0,0	0,0	0,0	1,0	0,0	""	""	""	""	""	""	""	""	""	""	""	""	""
3085	202324929,0	2023-10-23T00:00:00	08:52:00	COM VÍTIMA	FINALIZADA	PRADO	RUA CARLOS GOMES	279	RUA JAPECANGA	PROX AO CAVALO DOURADO / EM FRENTE DO ARMAZEM COMECERCIAL VEGA	PRADO	""	""	COLISÃO FRONTAL	1,0	1,0	0,0	0,0	0,0	0,0	0,0	0,0	0,0	1,0	0,0	""	""	""	""	""	""	""	""	""	""	""	""	""
3086	202324933,0	2023-10-23T00:00:00	09:41:00	COM VÍTIMA	FINALIZADA	ILHA JOANA BEZERRA	VDO PAPA JOAO PAULO II	""	""	EM FRENTE A ESTAÇÃO JOANA BEZERRA, SENT. BOA VIAGEM	ILHA JOANA BEZERRA	""	""	COLISÃO LATERAL	0,0	1,0	0,0	0,0	0,0	0,0	0,0	0,0	0,0	1,0	0,0	""	""	""	""	""	""	""	""	""	""	""	""	""
3087	202324941,0	2023-10-23T00:00:00	11:12:00	COM VÍTIMA	FINALIZADA	ILHA JOANA BEZERRA	AV DES GUERRA BARRETO	""	""	AO LADO DO FORUM JOANA BEZERRA	ILHA JOANA BEZERRA	""	""	COLISÃO	0,0	0,0	0,0	0,0	0,0	0,0	0,0	0,0	0,0	1,0	0,0	""	""	""	""	""	""	""	""	""	""	""	""	""
3088	202324954,0	2023-10-23T00:00:00	02:12:00	COM VÍTIMA	FINALIZADA	ENCRUZILHADA	AV BEBERIBE	""	""	BANCO DO BRASIL	ENCRUZILHADA	""	""	COLISÃO LATERAL	0,0	0,0	0,0	0,0	0,0	0,0	0,0	0,0	0,0	1,0	0,0	""	""	""	""	""	""	""	""	""	""	""	""	""
3089	202324966,0	2023-10-23T00:00:00	03:58:00	COM VÍTIMA	FINALIZADA	CAMPO GRANDE	EST DE BELEM	514	""	PROX AO ANTIGO TERMINAL DE CAMPO GRANDE	CAMPO GRANDE	""	""	COLISÃO LATERAL	0,0	0,0	0,0	0,0	0,0	0,0	0,0	0,0	0,0	1,0	0,0	""	""	""	""	""	""	""	""	""	""	""	""	""
3090	202324980,0	2023-10-23T00:00:00	06:50:00	COM VÍTIMA	FINALIZADA	TORROES	AV ENGENHEIRO ABDIAS DE CARVALHO	913	""	PROX. AO CAMARÃO DO LÉONO SENTIDO BR-232	TORROES	""	SU	COLISÃO LATERAL	0,0	0,0	0,0	0,0	0,0	0,0	0,0	0,0	0,0	1,0	0,0	""	""	""	""	""	""	""	""	""	""	""	""	""
3091	202324986,0	2023-10-23T00:00:00	09:49:00	COM VÍTIMA	FINALIZADA	IPSEP	RUA JEAN EMILE FAVRE	""	""	EM FRENTE AO POSTO BR	IPSEP	527,0	""	COLISÃO FRONTAL	1,0	1,0	0,0	0,0	0,0	0,0	0,0	0,0	0,0	1,0	0,0	""	""	""	""	""	""	""	""	""	""	""	""	""
3092	202324991,0	2023-10-24T00:00:00	02:52:00	COM VÍTIMA	CANCELADA	NOVA DESCOBERTA	""	""	""	HOSPITAL DA RESTAURAÇÃO	NOVA DESCOBERTA	""	""	COLISÃO TRANSVERSAL	0,0	1,0	0,0	0,0	0,0	0,0	0,0	0,0	0,0	1,0	0,0	""	""	""	""	""	""	""	""	""	""	""	""	""
3093	202324998,0	2023-10-24T00:00:00	07:26:00	COM VÍTIMA	FINALIZADA	ESPINHEIRO	AV GOVERNADOR AGAMENON MAGALHAES	""	""	EM FRENTE AO SUPERMERCADO BOMPREÇO / SENTIDO OLINDA	ESPINHEIRO	173,0	""	COLISÃO TRASEIRA	1,0	1,0	0,0	0,0	0,0	0,0	0,0	0,0	0,0	1,0	0,0	""	""	""	""	""	""	""	""	""	""	""	""	""
3094	202325004,0	2023-10-24T00:00:00	08:04:00	COM VÍTIMA	FINALIZADA	IBURA	AV RECIFE	3273	""	SENT. SAN MARTIN PROX. A JJK AUTOS	IBURA	""	""	COLISÃO TRASEIRA	1,0	1,0	0,0	0,0	0,0	0,0	0,0	0,0	0,0	1,0	0,0	""	""	""	""	""	""	""	""	""	""	""	""	""
3095	202325007,0	2023-10-24T00:00:00	08:42:00	SEM VÍTIMA	FINALIZADA	CORDEIRO	AV GENERAL SAN MARTIN	1208	""	EM FRENTE AO SEMÁFORO DE Nº 058	CORDEIRO	58,0	SUBURBIO	COLISÃO LATERAL	1,0	1,0	0,0	0,0	0,0	0,0	0,0	0,0	0,0	0,0	0,0	""	""	""	""	""	""	""	""	""	""	""	""	""
3096	202325008,0	2023-10-24T00:00:00	08:47:00	COM VÍTIMA	FINALIZADA	IMBIRIBEIRA	AV MARECHAL MASCARENHAS DE MORAES	""	""	EM FRENTE A LASER ELETRO, SENT. AFOGADOS	IMBIRIBEIRA	""	""	COLISÃO LATERAL	1,0	1,0	0,0	0,0	0,0	0,0	0,0	0,0	0,0	1,0	0,0	""	""	""	""	""	""	""	""	""	""	""	""	""
3097	202325012,0	2023-10-24T00:00:00	09:05:00	COM VÍTIMA	FINALIZADA	TAMARINEIRA	RUA CONEGO BARATA	""	""	AO LADO DA CASA DAS PLANTAS	TAMARINEIRA	""	""	COLISÃO	0,0	1,0	0,0	0,0	0,0	0,0	0,0	0,0	0,0	1,0	0,0	""	""	""	""	""	""	""	""	""	""	""	""	""
3098	202325013,0	2023-10-24T00:00:00	09:14:00	COM VÍTIMA	FINALIZADA	SANTO AMARO	AV NORTE MIGUEL ARRAES DE ALENCAR	""	""	SOBRE O VIADUTO DA AV NORTE /	SANTO AMARO	""	""	COLISÃO	0,0	1,0	0,0	0,0	0,0	0,0	0,0	0,0	0,0	1,0	0,0	""	""	""	""	""	""	""	""	""	""	""	""	""
3099	202325018,0	2023-10-24T00:00:00	10:08:00	COM VÍTIMA	FINALIZADA	CORDEIRO	RUA COSME VIANA	""	""	PRÓXIMO AO CRUZAMENTO DA AV. SÃO MIGUEL	CORDEIRO	""	""	COLISÃO	0,0	0,0	0,0	0,0	0,0	0,0	0,0	0,0	0,0	1,0	0,0	""	""	""	""	""	""	""	""	""	""	""	""	""
3100	202325020,0	2023-10-24T00:00:00	10:41:00	SEM VÍTIMA	FINALIZADA	IMBIRIBEIRA	RUA ENGENHEIRO JOSE BRANDAO CAVALCANTE	385	""	ENTRADA PRINCIPAL DA LAGOA DO ARAÇA	IMBIRIBEIRA	""	""	COLISÃO LATERAL	1,0	0,0	0,0	0,0	0,0	1,0	0,0	0,0	0,0	0,0	0,0	""	""	""	""	""	""	""	""	""	""	""	""	""
3101	202325022,0	2023-10-24T00:00:00	10:46:00	COM VÍTIMA	FINALIZADA	IPSEP	RUA ITAIMBE	""	""	EM FRENTE A LOJA MEU SOFA, PROX. A CADEMIA SELFIT	IPSEP	""	""	COLISÃO LATERAL	0,0	1,0	0,0	0,0	0,0	0,0	0,0	0,0	0,0	1,0	0,0	""	""	""	""	""	""	""	""	""	""	""	""	""
3102	202325030,0	2023-10-24T00:00:00	01:11:00	COM VÍTIMA	FINALIZADA	ILHA DO LEITE	RUA SAO GONCALO	132	""	""	ILHA DO LEITE	""	""	COLISÃO	0,0	0,0	0,0	0,0	0,0	0,0	0,0	0,0	0,0	1,0	0,0	""	""	""	""	""	""	""	""	""	""	""	""	""
3103	202325031,0	2023-10-24T00:00:00	01:16:00	SEM VÍTIMA	FINALIZADA	VARZEA	RUA CORONEL PACHECO	2017	""	PRAÇA DA VÁRZEA	VARZEA	""	CIDADE	COLISÃO LATERAL	1,0	0,0	0,0	0,0	0,0	0,0	0,0	1,0	0,0	0,0	0,0	""	""	""	""	""	""	""	""	""	""	""	""	""
3104	202325043,0	2023-10-24T00:00:00	04:26:00	SEM VÍTIMA	FINALIZADA	GRACAS	RUA SENADOR ALBERTO PAIVA	960	""	PORTÃO LATERAL DO MUSEU DO ESTADO DE PERNAMBUCO	GRACAS	""	SUBURBIO	COLISÃO TRASEIRA	1,0	0,0	0,0	0,0	0,0	0,0	0,0	1,0	0,0	0,0	0,0	""	""	""	""	""	""	""	""	""	""	""	""	""
3105	202325044,0	2023-10-24T00:00:00	05:00:00	COM VÍTIMA	FINALIZADA	BEBERIBE	AV BEBERIBE	""	""	PROXIMO AO POSTO DE GASOLINA SUVINE E AO INOCOOP	BEBERIBE	""	""	COLISÃO	1,0	0,0	0,0	0,0	0,0	0,0	0,0	0,0	0,0	1,0	0,0	""	""	""	""	""	""	""	""	""	""	""	""	""
3106	202325046,0	2023-10-24T00:00:00	05:38:00	COM VÍTIMA	FINALIZADA	IPSEP	RUA JEAN EMILE FAVRE	1769	""	PROXIMO A PADARIA VILA DO PÃO	IPSEP	""	""	COLISÃO LATERAL	1,0	1,0	0,0	0,0	0,0	0,0	0,0	0,0	0,0	2,0	0,0	""	""	""	""	""	""	""	""	""	""	""	""	""
3107	202325048,0	2023-10-24T00:00:00	06:26:00	COM VÍTIMA	FINALIZADA	SAO JOSE	RUA IMPERIAL	1222	""	PROX AO VIADUTO DE JOANA BEZERRA	SAO JOSE	""	""	COLISÃO TRANSVERSAL	2,0	0,0	0,0	0,0	0,0	0,0	0,0	0,0	0,0	2,0	0,0	""	""	""	""	""	""	""	""	""	""	""	""	""
3108	202325055,0	2023-10-24T00:00:00	06:55:00	COM VÍTIMA	FINALIZADA	GUABIRABA	AV DA RECUPERACAO	7239	""	OFICINA DE MOLAS	GUABIRABA	""	""	COLISÃO LATERAL	0,0	0,0	0,0	0,0	0,0	0,0	0,0	0,0	0,0	1,0	0,0	""	""	""	""	""	""	""	""	""	""	""	""	""
3109	202325056,0	2023-10-24T00:00:00	06:55:00	COM VÍTIMA	FINALIZADA	JOANA BEZERRA	RUA IMPERIAL	1878	""	EM BAIXO DO VIADUTO CAPITÃO TEMUDO	JOANA BEZERRA	""	""	COLISÃO LATERAL	0,0	0,0	0,0	0,0	0,0	0,0	0,0	0,0	0,0	1,0	0,0	""	""	""	""	""	""	""	""	""	""	""	""	""
3110	202325061,0	2023-10-24T00:00:00	08:13:00	COM VÍTIMA	FINALIZADA	JORDAO	AV MARIA IRENE	718	""	EM FRENTE A IGREJA DE DEUS NOVO TEMPO E O POSTO TOTAL	JORDAO	""	""	COLISÃO	0,0	0,0	0,0	0,0	0,0	0,0	0,0	0,0	0,0	1,0	0,0	""	""	""	""	""	""	""	""	""	""	""	""	""
3111	202325064,0	2023-10-24T00:00:00	08:38:00	SEM VÍTIMA	CANCELADA	ARRUDA	AV BEBERIBE	""	""	EM FRENTE AO CAMPO DO ARRUDA E DO ARMAZÉM CORAL	ARRUDA	""	""	COLISÃO	0,0	0,0	0,0	0,0	0,0	0,0	0,0	0,0	0,0	0,0	0,0	""	""	""	""	""	""	""	""	""	""	""	""	""
3112	202325066,0	2023-10-24T00:00:00	09:57:00	COM VÍTIMA	FINALIZADA	IMBIRIBEIRA	VIADUTO TANCREDO NEVES	""	""	ALÇA DE ACESSO A MASCARENHAS, SENTIDO UPA DA IMBIRIBEIRA	IMBIRIBEIRA	""	""	CAPOTAMENTO	2,0	0,0	0,0	0,0	0,0	0,0	0,0	0,0	0,0	2,0	0,0	""	""	""	""	""	""	""	""	""	""	""	""	""
3113	202325070,0	2023-10-24T00:00:00	11:51:00	COM VÍTIMA	FINALIZADA	JOANA BEZERRA	VIADUTO CAPITAO TEMUDO	""	""	SOBRE O VIADUTO	JOANA BEZERRA	""	""	COLISÃO	0,0	0,0	0,0	0,0	0,0	0,0	0,0	0,0	0,0	1,0	0,0	""	""	""	""	""	""	""	""	""	""	""	""	""
3114	202325071,0	2023-10-25T00:00:00	12:05:00	COM VÍTIMA	FINALIZADA	IPSEP	AV RECIFE	""	""	ANTES DO PAN DE AREIAS	IPSEP	212,0	""	COLISÃO	0,0	0,0	0,0	0,0	0,0	0,0	0,0	0,0	0,0	2,0	0,0	""	""	""	""	""	""	""	""	""	""	""	""	""
3115	202325078,0	2023-10-25T00:00:00	05:36:00	COM VÍTIMA	FINALIZADA	MACAXEIRA	AV NORTE MIGUEL ARRAES DE ALENCAR	571	""	PRÓXIMO AO TERMINAL DA MACAXEIRA	MACAXEIRA	""	""	CHOQUE	0,0	0,0	0,0	0,0	0,0	0,0	0,0	0,0	0,0	1,0	0,0	""	""	""	""	""	""	""	""	""	""	""	""	""
3116	202325097,0	2023-10-25T00:00:00	08:21:00	COM VÍTIMA	FINALIZADA	CASA AMARELA	RUA PADRE LEMOS	""	""	EM FRENTE A KINITOS E ARMAZEM FERREIRA PINTO	CASA AMARELA	""	""	COLISÃO LATERAL	0,0	1,0	0,0	0,0	0,0	0,0	0,0	0,0	0,0	1,0	0,0	""	""	""	""	""	""	""	""	""	""	""	""	""
3117	202325098,0	2023-10-25T00:00:00	08:22:00	COM VÍTIMA	FINALIZADA	BEBERIBE	AV BEBERIBE	4446	""	EM FRENTE AO ATACAREJO SUPER MIX	BEBERIBE	""	""	ATROPELAMENTO DE PESSOA	0,0	1,0	0,0	0,0	1,0	0,0	0,0	0,0	0,0	1,0	0,0	""	""	""	""	""	""	""	""	""	""	""	""	""
3118	202325101,0	2023-10-25T00:00:00	09:18:00	COM VÍTIMA	FINALIZADA	SAO JOSE	AV SUL	""	""	APOS AS TORRES GEMEAS, PROX. AO CAIS DE SANTA RITA EM FRENTE AO HOTEL EM CONSTRUÇÃO	SAO JOSE	""	""	COLISÃO LATERAL	0,0	1,0	0,0	0,0	0,0	0,0	0,0	0,0	0,0	1,0	0,0	""	""	""	""	""	""	""	""	""	""	""	""	""
3119	202325109,0	2023-10-25T00:00:00	09:47:00	COM VÍTIMA	FINALIZADA	AGUA FRIA	EST VELHA DE AGUA FRIA	""	""	EM FRENTE ACADEMIA MEGA BOX / PROX A POLICLINICA SALOMÃO KELMER	AGUA FRIA	""	""	COLISÃO	0,0	1,0	0,0	0,0	0,0	0,0	0,0	0,0	0,0	1,0	0,0	""	""	""	""	""	""	""	""	""	""	""	""	""
3120	202325110,0	2023-10-25T00:00:00	09:53:00	COM VÍTIMA	FINALIZADA	ARRUDA	AV PROFESSOR JOSE DOS ANJOS	972	""	PROX A PADARIA PAN CRISTAL	ARRUDA	""	""	COLISÃO COM CICLISTA	1,0	0,0	0,0	1,0	1,0	0,0	0,0	0,0	0,0	2,0	0,0	""	""	""	""	""	""	""	""	""	""	""	""	""
3121	202325128,0	2023-10-25T00:00:00	12:24:00	SEM VÍTIMA	FINALIZADA	AREIAS	AV DR JOSE RUFINO	1320	""	ARMAZEM COMERCIAL NOVO LAR	AREIAS	""	SUBURBIO	COLISÃO TRASEIRA	3,0	0,0	0,0	0,0	0,0	0,0	0,0	0,0	0,0	0,0	0,0	""	""	""	""	""	""	""	""	""	""	""	""	""
3122	202325136,0	2023-10-25T00:00:00	01:41:00	COM VÍTIMA	FINALIZADA	MADALENA	AV VISCONDE DE ALBUQUERQUE	401	""	PROX GALERIA MADALENA CENTER	MADALENA	""	""	COLISÃO FRONTAL	1,0	1,0	0,0	0,0	0,0	0,0	0,0	0,0	0,0	1,0	0,0	""	""	""	""	""	""	""	""	""	""	""	""	""
3123	202325139,0	2023-10-25T00:00:00	02:16:00	COM VÍTIMA	FINALIZADA	ROSARINHO	AV NORTE MIGUEL ARRAES DE ALENCAR	9364	""	PROXIMO A PADARIA ROSARINHO	ROSARINHO	""	""	COLISÃO	0,0	1,0	0,0	0,0	0,0	0,0	0,0	0,0	0,0	1,0	0,0	""	""	""	""	""	""	""	""	""	""	""	""	""
3124	202325140,0	2023-10-25T00:00:00	02:26:00	COM VÍTIMA	FINALIZADA	TORREAO	AV NORTE MIGUEL ARRAES DE ALENCAR	""	""	PROXIMO AO VIADUTO DA AV NORTE E AO LADO DA CONCESSIONARIA CHEVROLET	TORREAO	""	CIDADE	COLISÃO	0,0	1,0	0,0	0,0	0,0	0,0	0,0	0,0	0,0	1,0	0,0	""	""	""	""	""	""	""	""	""	""	""	""	""