_id	Protocolo	data	hora	natureza	situacao	bairro	endereco	numero	detalhe_endereco_acidente	complemento	bairro_cruzamento	num_semaforo	sentido_via	tipo	auto	moto	ciclom	ciclista	pedestre	onibus	caminhao	viatura	outros	vitimas	vitimasfatais	acidente_verificado	tempo_clima	situacao_semaforo	sinalizacao	condicao_via	conservacao_via	ponto_controle	situacao_placa	velocidade_max_via	mao_direcao	divisao_via1	divisao_via2	divisao_via3
3125	202325147,0	2023-10-25T00:00:00	03:16:00	COM VÍTIMA	FINALIZADA	DOIS IRMAOS	RUA MANUEL DE MEDEIROS	1375	""	ZOOTECNIA DA UNIVERSIDADE RURAL	DOIS IRMAOS	""	""	COLISÃO LATERAL	0,0	0,0	0,0	0,0	0,0	0,0	0,0	0,0	0,0	1,0	0,0	""	""	""	""	""	""	""	""	""	""	""	""	""
3126	202325150,0	2023-10-25T00:00:00	04:21:00	SEM VÍTIMA	FINALIZADA	""	AV GOVERNADOR AGAMENON MAGALHAES	""	""	EM FRENTE AO TRIBUNAL REGIONAL ELEITORAL  DE PERNAMBUCO	""	""	CIDADE	COLISÃO LATERAL	0,0	0,0	0,0	0,0	0,0	1,0	0,0	1,0	0,0	0,0	0,0	""	""	""	""	""	""	""	""	""	""	""	""	""
3127	202325151,0	2023-10-25T00:00:00	04:21:00	COM VÍTIMA	FINALIZADA	BARRO	AV DR JOSE RUFINO	""	""	ESCOLA CRECHE  PRESIDENTE TANGREDO NEVES	BARRO	""	""	COLISÃO LATERAL	0,0	0,0	0,0	0,0	0,0	0,0	0,0	0,0	0,0	1,0	0,0	""	""	""	""	""	""	""	""	""	""	""	""	""
3128	202325154,0	2023-10-25T00:00:00	04:53:00	COM VÍTIMA	FINALIZADA	CAMPO GRANDE	RUA JERONIMO VILELA	""	RUA ODORICO MENDES	PROX AO COLEGIO JESUS CRUCIFICADO	CAMPO GRANDE	""	""	COLISÃO TRASEIRA	1,0	1,0	0,0	0,0	0,0	0,0	0,0	0,0	0,0	1,0	0,0	""	""	""	""	""	""	""	""	""	""	""	""	""
3129	202325160,0	2023-10-25T00:00:00	05:59:00	COM VÍTIMA	FINALIZADA	FUNDAO	AV BEBERIBE	""	""	INDO PELA ESTRADA VELHA DE ÁGUA FRIA ANTES DO POSTO CAJUEIRO	FUNDAO	""	""	COLISÃO LATERAL	0,0	0,0	0,0	0,0	0,0	0,0	0,0	0,0	0,0	1,0	0,0	""	""	""	""	""	""	""	""	""	""	""	""	""
3130	202325172,0	2023-10-25T00:00:00	08:04:00	SEM VÍTIMA	FINALIZADA	SANTO ANTONIO	AV MARTINS DE BARROS	""	""	APÓS A ESTAÇÃO DO BRT MAURICIO DE NASSAU	SANTO ANTONIO	""	SUBURBIO	COLISÃO LATERAL	0,0	0,0	0,0	0,0	0,0	1,0	0,0	1,0	0,0	0,0	0,0	""	""	""	""	""	""	""	""	""	""	""	""	""
3131	202325180,0	2023-10-26T00:00:00	07:08:00	COM VÍTIMA	FINALIZADA	BOA VISTA	AV GOVERNADOR AGAMENON MAGALHAES	""	""	NA SAÍDA RUA DOM BOSCO, PROXIMO A RESTAURAÇÃO, SENTIDO OLINDA	BOA VISTA	""	""	COLISÃO	0,0	2,0	0,0	0,0	0,0	0,0	0,0	0,0	0,0	2,0	0,0	""	""	""	""	""	""	""	""	""	""	""	""	""
3132	202325188,0	2023-10-26T00:00:00	08:14:00	SEM VÍTIMA	FINALIZADA	ARRUDA	RUA DAS MOCAS	187	""	AO LADO ESTÁDIO DO SANTA CRUZ	ARRUDA	""	CIDADE	COLISÃO LATERAL	1,0	1,0	0,0	0,0	0,0	0,0	0,0	0,0	0,0	0,0	0,0	""	""	""	""	""	""	""	""	""	""	""	""	""
3133	202325190,0	2023-10-26T00:00:00	08:33:00	COM VÍTIMA	FINALIZADA	BOA VISTA	AV CONDE DA BOA VISTA	1512	""	EM FRENTE AO COPE, SENTIDO GUARARAPES	BOA VISTA	""	""	COLISÃO TRASEIRA	0,0	0,0	0,0	1,0	0,0	1,0	0,0	0,0	0,0	1,0	0,0	""	""	""	""	""	""	""	""	""	""	""	""	""
3134	202325193,0	2023-10-26T00:00:00	08:41:00	COM VÍTIMA	FINALIZADA	PINA	AV CONSELHEIRO AGUIAR	""	AV ANTONIO DE GOES	EM FRENTE A PERNAMBUCO MOTOS	PINA	""	""	COLISÃO FRONTAL	1,0	1,0	0,0	0,0	0,0	0,0	0,0	0,0	0,0	1,0	0,0	""	""	""	""	""	""	""	""	""	""	""	""	""
3135	202325198,0	2023-10-26T00:00:00	09:03:00	COM VÍTIMA	FINALIZADA	PONTO DE PARADA	AV BEBERIBE	""	""	EM FRENTE A LOJA PEDRAGON, PROX. AO CAMPO DO ARRUDA	PONTO DE PARADA	""	""	COLISÃO LATERAL	0,0	1,0	0,0	0,0	0,0	0,0	0,0	0,0	0,0	1,0	0,0	""	""	""	""	""	""	""	""	""	""	""	""	""
3136	202325217,0	2023-10-26T00:00:00	11:31:00	COM VÍTIMA	FINALIZADA	MADALENA	RUA JOSE OSORIO	""	""	PROX AO MERCADO PUBLICO DA MADALENA	MADALENA	""	""	COLISÃO	0,0	1,0	0,0	0,0	0,0	0,0	0,0	0,0	0,0	1,0	0,0	""	""	""	""	""	""	""	""	""	""	""	""	""
3137	202325218,0	2023-10-26T00:00:00	11:32:00	COM VÍTIMA	FINALIZADA	IBURA	LAD DA COHAB	""	""	LADEIRA DA COHAB	IBURA	""	""	COLISÃO	0,0	0,0	0,0	0,0	0,0	0,0	0,0	0,0	0,0	1,0	0,0	""	""	""	""	""	""	""	""	""	""	""	""	""
3138	202325235,0	2023-10-26T00:00:00	03:38:00	SEM VÍTIMA	FINALIZADA	CASA AMARELA	RUA PADRE LEMOS	""	RUA DR TOME DIAS	CASA PIO CALÇADOS	CASA AMARELA	""	CIDADE	COLISÃO TRASEIRA	2,0	0,0	0,0	0,0	0,0	0,0	0,0	0,0	0,0	0,0	0,0	""	""	""	""	""	""	""	""	""	""	""	""	""
3139	202325236,0	2023-10-26T00:00:00	03:52:00	SEM VÍTIMA	FINALIZADA	SAO JOSE	AV DANTAS BARRETO	1041	""	EM FRENTE A DISTRIBUIDORA MIX	SAO JOSE	""	SUBURBIO	COLISÃO LATERAL	0,0	0,0	0,0	0,0	0,0	0,0	0,0	1,0	0,0	0,0	0,0	""	""	""	""	""	""	""	""	""	""	""	""	""
3140	202325247,0	2023-10-26T00:00:00	06:30:00	COM VÍTIMA	FINALIZADA	JORDAO	AV MARIA IRENE	88	""	AO LADO DA BASE AEREA	JORDAO	""	""	COLISÃO LATERAL	0,0	1,0	0,0	0,0	0,0	0,0	0,0	0,0	0,0	1,0	0,0	""	""	""	""	""	""	""	""	""	""	""	""	""
3141	202325248,0	2023-10-26T00:00:00	06:30:00	COM VÍTIMA	FINALIZADA	IBURA	AV DOIS RIOS	11	""	MERCADINHO M R	IBURA	""	""	COLISÃO LATERAL	0,0	1,0	0,0	0,0	0,0	0,0	0,0	0,0	0,0	1,0	0,0	""	""	""	""	""	""	""	""	""	""	""	""	""
3142	202325279,0	2023-10-27T00:00:00	07:07:00	COM VÍTIMA	FINALIZADA	PINA	AV ENGENHEIRO DOMINGOS FERREIRA	""	""	EM FRENTE A ESCOLA MUNICIPAL OSVALDO LIMA FILHO /  EM FRENTE AO ARMAZEM BOA VIAGEM, SENTIDO BOA VIAGEM	PINA	""	""	COLISÃO	0,0	1,0	0,0	0,0	0,0	0,0	0,0	0,0	0,0	1,0	0,0	""	""	""	""	""	""	""	""	""	""	""	""	""
3143	202325282,0	2023-10-27T00:00:00	07:46:00	COM VÍTIMA	FINALIZADA	BOA VIAGEM	RUA ERNESTO DE PAULA SANTOS	""	""	RUA DA UNINASSAU	BOA VIAGEM	""	""	COLISÃO LATERAL	0,0	1,0	0,0	0,0	0,0	0,0	0,0	0,0	0,0	1,0	0,0	""	""	""	""	""	""	""	""	""	""	""	""	""
3144	202325287,0	2023-10-27T00:00:00	08:10:00	COM VÍTIMA	FINALIZADA	CAXANGA	AV CAXANGA	""	""	APÓS A GREGORIO JUNIOR	CAXANGA	""	""	ATROPELAMENTO DE PESSOA	0,0	1,0	0,0	0,0	1,0	0,0	0,0	0,0	0,0	3,0	0,0	""	""	""	""	""	""	""	""	""	""	""	""	""
3145	202325293,0	2023-10-27T00:00:00	08:35:00	COM VÍTIMA	FINALIZADA	IMBIRIBEIRA	AV PRESIDENTE DUTRA	""	""	PRÓXIMO À LOCAVEL E AO SAL E BRASA	IMBIRIBEIRA	""	""	COLISÃO LATERAL	0,0	0,0	0,0	0,0	0,0	0,0	0,0	0,0	0,0	1,0	0,0	""	""	""	""	""	""	""	""	""	""	""	""	""
3146	202325297,0	2023-10-27T00:00:00	09:30:00	COM VÍTIMA	FINALIZADA	IMBIRIBEIRA	AV RECIFE	""	""	SUB. DO VIADUTO TANCREDO NEVES, NO FINAL DA AV. RECIFE	IMBIRIBEIRA	""	""	COLISÃO LATERAL	0,0	1,0	0,0	0,0	0,0	0,0	0,0	0,0	0,0	1,0	0,0	""	""	""	""	""	""	""	""	""	""	""	""	""
3147	202325305,0	2023-10-27T00:00:00	10:42:00	COM VÍTIMA	FINALIZADA	BOA VIAGEM	AV CONSELHEIRO AGUIAR	""	RUA FELIX DE BRITO E MELO	""	BOA VIAGEM	""	""	ATROPELAMENTO DE PESSOA	0,0	1,0	0,0	0,0	1,0	0,0	0,0	0,0	0,0	1,0	0,0	""	""	""	""	""	""	""	""	""	""	""	""	""
3148	202325309,0	2023-10-27T00:00:00	10:47:00	VÍTIMA FATAL	FINALIZADA	NOVA DESCOBERTA	RUA NOVA DESCOBERTA	1068	""	EM FRENTE AO BAR DO VVVI E ASSEMBLEIA DE DEUS	NOVA DESCOBERTA	""	""	COLISÃO COM CICLISTA	1,0	0,0	0,0	1,0	0,0	0,0	0,0	0,0	0,0	1,0	1,0	""	""	""	""	""	""	""	""	""	""	""	""	""
3149	202325319,0	2023-10-27T00:00:00	11:49:00	COM VÍTIMA	FINALIZADA	BOA VISTA	PTE SEIS DE MARCO	""	""	EM CIMA DA PONTE VELHA, SENT. CASA DA CULTURA	BOA VISTA	""	""	COLISÃO LATERAL	0,0	1,0	0,0	0,0	0,0	0,0	0,0	0,0	0,0	1,0	0,0	""	""	""	""	""	""	""	""	""	""	""	""	""
3150	202325320,0	2023-10-27T00:00:00	12:12:00	COM VÍTIMA	FINALIZADA	IBURA	AV DOM HELDER CAMARA	""	""	SENTIDO BR, IBURA DE BAIXO PISTA NOVA PROX AO ARMAZEM CORAL	IBURA	""	""	COLISÃO	0,0	1,0	0,0	0,0	0,0	0,0	0,0	0,0	0,0	1,0	0,0	""	""	""	""	""	""	""	""	""	""	""	""	""
3151	202325337,0	2023-10-27T00:00:00	03:35:00	COM VÍTIMA	FINALIZADA	IMBIRIBEIRA	RUA OLIVIA MENELAU	110	""	EM FRENTE AO GRILO	IMBIRIBEIRA	""	""	COLISÃO LATERAL	0,0	1,0	0,0	0,0	0,0	0,0	1,0	0,0	0,0	1,0	0,0	""	""	""	""	""	""	""	""	""	""	""	""	""
3152	202325341,0	2023-10-27T00:00:00	04:26:00	COM VÍTIMA	FINALIZADA	CORDEIRO	RUA CORONEL FERNANDO FURTADO	295	""	AO LADO DA EXPOSIÇÃO DE ANIMAIS	CORDEIRO	""	""	COLISÃO LATERAL	0,0	0,0	0,0	0,0	0,0	0,0	0,0	0,0	0,0	1,0	0,0	""	""	""	""	""	""	""	""	""	""	""	""	""
3153	202325348,0	2023-10-27T00:00:00	05:23:00	COM VÍTIMA	FINALIZADA	BAIRRO DO RECIFE	CAIS DO APOLO	""	""	ENTRE  O BANCO DO BRASIL E O PORTO DIGITAL	BAIRRO DO RECIFE	""	""	COLISÃO LATERAL	0,0	1,0	0,0	0,0	0,0	1,0	0,0	0,0	0,0	1,0	0,0	""	""	""	""	""	""	""	""	""	""	""	""	""
3154	202325349,0	2023-10-27T00:00:00	05:14:00	COM VÍTIMA	DUPLICIDADE	PINA	AV ANTONIO DE GOES	340	""	""	PINA	""	""	COLISÃO LATERAL	0,0	0,0	0,0	0,0	0,0	0,0	0,0	0,0	0,0	1,0	0,0	""	""	""	""	""	""	""	""	""	""	""	""	""
3155	202325352,0	2023-10-27T00:00:00	05:23:00	COM VÍTIMA	FINALIZADA	PINA	AV ANTONIO DE GOES	565	""	CIA DO SORRISO	PINA	""	""	ATROPELAMENTO DE PESSOA	0,0	1,0	0,0	0,0	1,0	0,0	0,0	0,0	0,0	1,0	0,0	""	""	""	""	""	""	""	""	""	""	""	""	""
3156	202325387,0	2023-10-28T00:00:00	07:36:00	COM VÍTIMA	FINALIZADA	ARRUDA	RUA DAS MOCAS	""	RUA DA REGENERACAO	PROX AO SEMAFORO 472 / PROX AO MERDINHO MIX	ARRUDA	""	""	COLISÃO	1,0	1,0	0,0	0,0	0,0	0,0	0,0	0,0	0,0	2,0	0,0	""	""	""	""	""	""	""	""	""	""	""	""	""
3157	202325389,0	2023-10-28T00:00:00	07:52:00	COM VÍTIMA	FINALIZADA	BOA VIAGEM	RUA DES JOAO PAES	""	""	PROX. AO RETAURANTE GUAIAMUM	BOA VIAGEM	""	""	COLISÃO LATERAL	0,0	1,0	0,0	0,0	0,0	0,0	0,0	0,0	0,0	1,0	0,0	""	""	""	""	""	""	""	""	""	""	""	""	""
3158	202325409,0	2023-10-28T00:00:00	10:22:00	SEM VÍTIMA	FINALIZADA	ESPINHEIRO	RUA DO ESPINHEIRO	195	""	""	ESPINHEIRO	""	CIDADE	COLISÃO TRASEIRA	1,0	1,0	0,0	0,0	0,0	0,0	0,0	0,0	0,0	0,0	0,0	""	""	""	""	""	""	""	""	""	""	""	""	""
3159	202325415,0	2023-10-28T00:00:00	10:48:00	COM VÍTIMA	DUPLICIDADE	TORRE	RUA TOMAZ GONZAGA	""	AV PROFESSOR ESTEVAO FRANCISCO DA COSTA	NO SEMAFORO 280 PROX. AO MERCADINHO SANTIAGO	TORRE	""	""	COLISÃO LATERAL	1,0	1,0	0,0	0,0	0,0	0,0	0,0	0,0	0,0	2,0	0,0	""	""	""	""	""	""	""	""	""	""	""	""	""
3160	202325417,0	2023-10-28T00:00:00	11:04:00	COM VÍTIMA	FINALIZADA	CORDEIRO	AV PROFESSOR ESTEVAO FRANCISCO DA COSTA	121	""	PROX AO MERCADINHO SANTIAGO / SENTIDO HOSPITAL GETULHO  VARGAS	CORDEIRO	""	""	COLISÃO LATERAL	1,0	1,0	0,0	0,0	0,0	0,0	0,0	0,0	0,0	1,0	0,0	""	""	""	""	""	""	""	""	""	""	""	""	""
3161	202325418,0	2023-10-28T00:00:00	11:19:00	COM VÍTIMA	FINALIZADA	IBURA	RUA RIO DA PRATA	11	""	PROX. AO SUPERMERCADO MR E VIDRAÇARIA DOIS RIOS IBURA DE BAIXO	IBURA	""	""	COLISÃO LATERAL	1,0	1,0	0,0	0,0	0,0	0,0	0,0	0,0	0,0	1,0	0,0	""	""	""	""	""	""	""	""	""	""	""	""	""
3162	202325427,0	2023-10-28T00:00:00	12:13:00	COM VÍTIMA	FINALIZADA	SAO JOSE	RUA VINTE E TRES DE MARCO	""	""	AO LADO DA CASA DA CULTURA / SOBRE PONTE VELHA	SAO JOSE	""	""	COLISÃO TRASEIRA	1,0	1,0	0,0	0,0	0,0	0,0	0,0	0,0	0,0	1,0	0,0	""	""	""	""	""	""	""	""	""	""	""	""	""
3163	202325438,0	2023-10-28T00:00:00	02:50:00	COM VÍTIMA	FINALIZADA	CAMPO GRANDE	AV PROFESSOR JOSE DOS ANJOS	38	""	LANCHONETE MATA FOME	CAMPO GRANDE	""	""	QUEDA	0,0	0,0	0,0	0,0	0,0	0,0	0,0	0,0	0,0	1,0	0,0	""	""	""	""	""	""	""	""	""	""	""	""	""
3164	202325443,0	2023-10-28T00:00:00	03:36:00	COM VÍTIMA	FINALIZADA	CAXANGA	AV CAXANGA	9439	""	PACIENTE DENTRO DO GOLF COUNTRY CLUB	CAXANGA	""	""	COLISÃO LATERAL	0,0	0,0	0,0	0,0	0,0	0,0	0,0	0,0	0,0	1,0	0,0	""	""	""	""	""	""	""	""	""	""	""	""	""
3165	202325447,0	2023-10-28T00:00:00	04:48:00	SEM VÍTIMA	FINALIZADA	CASA AMARELA	EST DO ARRAIAL	""	""	LADO MERCADO DE CASA AMARELA	CASA AMARELA	""	""	CHOQUE	0,0	0,0	0,0	0,0	0,0	0,0	0,0	0,0	0,0	0,0	0,0	""	""	""	""	""	""	""	""	""	""	""	""	""
3166	202325453,0	2023-10-28T00:00:00	05:44:00	COM VÍTIMA	FINALIZADA	DERBY	AV GOVERNADOR AGAMENON MAGALHAES	""	""	EM FRENTE A MECDONALDS	DERBY	75,0	""	COLISÃO COM CICLISTA	0,0	1,0	0,0	1,0	0,0	0,0	0,0	0,0	0,0	1,0	0,0	""	""	""	""	""	""	""	""	""	""	""	""	""
3167	202325454,0	2023-10-28T00:00:00	05:53:00	COM VÍTIMA	FINALIZADA	SAO JOSE	RUA BOM SUCESSO	""	""	PROX AO VIADUTO CAPITÃO TEMUDO	SAO JOSE	""	""	COLISÃO FRONTAL	2,0	0,0	0,0	0,0	0,0	0,0	0,0	0,0	0,0	2,0	0,0	""	""	""	""	""	""	""	""	""	""	""	""	""
3168	202325469,0	2023-10-28T00:00:00	11:07:00	COM VÍTIMA	FINALIZADA	SAN MARTIN	AV GENERAL SAN MARTIN	""	""	PRÓXIMO A PRAÇA DA INFANCIA	SAN MARTIN	""	""	COLISÃO	0,0	0,0	0,0	0,0	0,0	0,0	0,0	0,0	0,0	1,0	0,0	""	""	""	""	""	""	""	""	""	""	""	""	""
3169	202325493,0	2023-10-29T00:00:00	08:07:00	COM VÍTIMA	FINALIZADA	GRACAS	RUA CRUZ DAS GRACAS	277	""	PROX A IGREJA DAS GRAÇAS, EM FRENTE AO EDF NOSSA SENHORA DAS GRAÇAS	GRACAS	""	""	COLISÃO	1,0	1,0	0,0	0,0	0,0	0,0	0,0	0,0	0,0	2,0	0,0	""	""	""	""	""	""	""	""	""	""	""	""	""
3170	202325499,0	2023-10-29T00:00:00	09:26:00	COM VÍTIMA	FINALIZADA	CASA FORTE	AV FLOR DE SANTANA	""	""	PROX AO BURGUER KING / PROX AO LAVA JATO	CASA FORTE	""	""	COLISÃO	0,0	1,0	0,0	0,0	0,0	0,0	0,0	0,0	0,0	1,0	0,0	""	""	""	""	""	""	""	""	""	""	""	""	""
3171	202325508,0	2023-10-29T00:00:00	11:34:00	COM VÍTIMA	CANCELADA	GUABIRABA	AV DA RECUPERACAO	3347	""	PROX A FABRICA COREMAR, FABRICA SANEAPE, SENTIDO PAULISTA / REGISTRADO PELO SAMU AS  11:27 HRS	GUABIRABA	""	""	COLISÃO	0,0	1,0	0,0	0,0	0,0	0,0	0,0	0,0	0,0	1,0	0,0	""	""	""	""	""	""	""	""	""	""	""	""	""
3172	202325510,0	2023-10-29T00:00:00	12:33:00	COM VÍTIMA	FINALIZADA	PARNAMIRIM	AV PARNAMIRIM	417	""	GALERIA PARNAMIRIM CENTER	PARNAMIRIM	""	""	COLISÃO LATERAL	1,0	1,0	0,0	0,0	0,0	0,0	0,0	0,0	0,0	1,0	0,0	""	""	""	""	""	""	""	""	""	""	""	""	""
3173	202325514,0	2023-10-29T00:00:00	01:42:00	COM VÍTIMA	FINALIZADA	MACAXEIRA	RUA ALTO DO PITU	8	""	SUBIDA DO CAMPO DO UNIÃO/  PROXIMO A BARRACA NATAL	MACAXEIRA	""	""	COLISÃO	0,0	1,0	0,0	0,0	0,0	0,0	0,0	0,0	0,0	1,0	0,0	""	""	""	""	""	""	""	""	""	""	""	""	""
3174	202325532,0	2023-10-29T00:00:00	05:47:00	COM VÍTIMA	FINALIZADA	MACAXEIRA	RUA MARIA AMALIA	142	""	PROX AO PARQUE URBANO DA MACAXEIRA	MACAXEIRA	""	""	COLISÃO LATERAL	0,0	1,0	0,0	0,0	0,0	0,0	0,0	0,0	0,0	1,0	0,0	""	""	""	""	""	""	""	""	""	""	""	""	""
3175	202325547,0	2023-10-29T00:00:00	07:33:00	COM VÍTIMA	FINALIZADA	COHAB	RUA DR BENIGNO JORDAO DE VASCONCELOS	1085	""	PROXIMO A UPA DA LOGOA ENCANTADA	COHAB	""	""	COLISÃO LATERAL	0,0	1,0	0,0	0,0	0,0	0,0	0,0	0,0	0,0	1,0	0,0	""	""	""	""	""	""	""	""	""	""	""	""	""
3176	202325548,0	2023-10-29T00:00:00	08:03:00	COM VÍTIMA	FINALIZADA	AFOGADOS	RUA AUGUSTO CALHEIROS	25	""	EM FRENTE AO GREMURB	AFOGADOS	""	""	COLISÃO LATERAL	0,0	2,0	0,0	0,0	0,0	0,0	0,0	0,0	0,0	1,0	0,0	""	""	""	""	""	""	""	""	""	""	""	""	""
3177	202325549,0	2023-10-29T00:00:00	09:36:00	COM VÍTIMA	FINALIZADA	SANTO AMARO	AV PREFEITO ARTUR LIMA CAVALCANTI	""	AV CRUZ CABUGA	PROXIMO  A APAC	SANTO AMARO	""	""	COLISÃO TRANSVERSAL	2,0	0,0	0,0	0,0	0,0	0,0	0,0	0,0	0,0	2,0	0,0	""	""	""	""	""	""	""	""	""	""	""	""	""
3178	202325551,0	2023-10-29T00:00:00	11:27:00	COM VÍTIMA	FINALIZADA	BOA VIAGEM	AV ENGENHEIRO DOMINGOS FERREIRA	""	""	PROXIMO AO CLINICAL CENTER	BOA VIAGEM	""	""	COLISÃO TRASEIRA	1,0	1,0	0,0	0,0	0,0	0,0	0,0	0,0	0,0	2,0	0,0	""	""	""	""	""	""	""	""	""	""	""	""	""
3179	202325563,0	2023-10-30T00:00:00	07:07:00	COM VÍTIMA	FINALIZADA	MADALENA	AV VISCONDE DE ALBUQUERQUE	862	RUA JANUARIO BARBOSA	EM FRENTE A CLINICA INTERPERIO / PROX A CLINICA TERAUPETICA ENDO	MADALENA	""	""	COLISÃO LATERAL	1,0	1,0	0,0	0,0	0,0	0,0	0,0	0,0	0,0	1,0	0,0	""	""	""	""	""	""	""	""	""	""	""	""	""
3180	202325574,0	2023-10-30T00:00:00	08:36:00	COM VÍTIMA	FINALIZADA	MADALENA	RUA PESSOA DE MELO	227	""	AO LADO DO HOSPITAL D´AVILA	MADALENA	""	""	COLISÃO FRONTAL	1,0	1,0	0,0	0,0	0,0	0,0	0,0	0,0	0,0	1,0	0,0	""	""	""	""	""	""	""	""	""	""	""	""	""
3181	202325575,0	2023-10-30T00:00:00	08:37:00	SEM VÍTIMA	FINALIZADA	AFOGADOS	RUA VINTE E UM DE ABRIL	232	RUA COSME VIANA	""	AFOGADOS	334,0	CIDADE	COLISÃO TRASEIRA	2,0	1,0	0,0	0,0	0,0	0,0	0,0	0,0	0,0	0,0	0,0	""	""	""	""	""	""	""	""	""	""	""	""	""
3182	202325577,0	2023-10-30T00:00:00	08:50:00	COM VÍTIMA	FINALIZADA	CAMPO GRANDE	EST DE BELEM	65	""	EM FRENTE A IGREJA MEMORIAL  DE BELEM	CAMPO GRANDE	""	""	COLISÃO	1,0	1,0	0,0	0,0	0,0	0,0	0,0	0,0	0,0	1,0	0,0	""	""	""	""	""	""	""	""	""	""	""	""	""
3183	202325581,0	2023-10-30T00:00:00	09:34:00	COM VÍTIMA	FINALIZADA	AFOGADOS	EST DOS REMEDIOS	""	""	EM FRENTE AO SUPERMERCADO NOVO ATACAREJO E VALENCIA QUIMICA	AFOGADOS	""	""	COLISÃO	0,0	1,0	0,0	0,0	0,0	0,0	0,0	0,0	0,0	1,0	0,0	""	""	""	""	""	""	""	""	""	""	""	""	""
3184	202325588,0	2023-10-30T00:00:00	11:38:00	COM VÍTIMA	FINALIZADA	IMBIRIBEIRA	AV MARECHAL MASCARENHAS DE MORAES	""	""	PROX AO GERALDAO SENTIDO PRAZERES	IMBIRIBEIRA	""	""	COLISÃO	0,0	1,0	0,0	0,0	0,0	0,0	0,0	0,0	0,0	1,0	0,0	""	""	""	""	""	""	""	""	""	""	""	""	""
3185	202325589,0	2023-10-30T00:00:00	11:51:00	COM VÍTIMA	FINALIZADA	JOANA BEZERRA	VDO PAPA JOAO PAULO II	""	""	PRÓXIMO AO FÓRUM E À PASSARELA, SENTIDO BOA VIAGEM	JOANA BEZERRA	""	""	COLISÃO	0,0	0,0	0,0	0,0	0,0	0,0	0,0	0,0	0,0	1,0	0,0	""	""	""	""	""	""	""	""	""	""	""	""	""
3186	202325593,0	2023-10-30T00:00:00	12:12:00	COM VÍTIMA	FINALIZADA	SANTO AMARO	RUA TREZE DE MAIO	""	RUA PEDRO AFONSO	PROX AO SESC	SANTO AMARO	""	""	COLISÃO LATERAL	0,0	1,0	0,0	0,0	0,0	0,0	0,0	0,0	0,0	1,0	0,0	""	""	""	""	""	""	""	""	""	""	""	""	""
3187	202325608,0	2023-10-30T00:00:00	04:39:00	COM VÍTIMA	FINALIZADA	BOA VIAGEM	AV ENGENHEIRO DOMINGOS FERREIRA	1967	""	E/F A SUDENE  SUPERINTENDÊNCIA DO DESENVOLVIMENTO DO NORDESTE  S/T SUB	BOA VIAGEM	""	""	COLISÃO TRASEIRA	1,0	1,0	0,0	0,0	0,0	0,0	0,0	0,0	0,0	1,0	0,0	""	""	""	""	""	""	""	""	""	""	""	""	""
3188	202325625,0	2023-10-30T00:00:00	07:50:00	COM VÍTIMA	FINALIZADA	SANTO AMARO	AV CRUZ CABUGA	""	""	EM FRENTE AO HOSPITAL DO CANCER E ENTRADA  DA MARINHA	SANTO AMARO	""	""	COLISÃO	0,0	1,0	0,0	0,0	0,0	0,0	0,0	0,0	0,0	1,0	0,0	""	""	""	""	""	""	""	""	""	""	""	""	""
3189	202325627,0	2023-10-30T00:00:00	08:31:00	COM VÍTIMA	FINALIZADA	SANTO AMARO	AV CRUZ CABUGA	""	AV NORTE MIGUEL ARRAES DE ALENCAR	EM FRENTE AO CEMITERIO DOS INGLESES PROX A CASA DA INDUSTRIA E SENAI SANTO AMARO	SANTO AMARO	""	""	COLISÃO	0,0	1,0	0,0	0,0	0,0	0,0	0,0	0,0	0,0	1,0	0,0	""	""	""	""	""	""	""	""	""	""	""	""	""
3190	202325628,0	2023-10-30T00:00:00	08:31:00	COM VÍTIMA	FINALIZADA	ENCRUZILHADA	AV NORTE MIGUEL ARRAES DE ALENCAR	""	""	PROXIMO AO HOSPITAL JORGE DE MEDEIROS	ENCRUZILHADA	""	""	COLISÃO	0,0	1,0	0,0	0,0	0,0	0,0	0,0	0,0	0,0	1,0	0,0	""	""	""	""	""	""	""	""	""	""	""	""	""
3191	202325630,0	2023-10-30T00:00:00	09:54:00	COM VÍTIMA	FINALIZADA	IMBIRIBEIRA	AV DES JOSE NEVES	""	RUA JOAQUIM PINHEIRO	""	IMBIRIBEIRA	""	""	COLISÃO	0,0	2,0	0,0	0,0	0,0	0,0	0,0	0,0	0,0	3,0	0,0	""	""	""	""	""	""	""	""	""	""	""	""	""
3192	202325632,0	2023-10-30T00:00:00	10:29:00	COM VÍTIMA	FINALIZADA	IBURA	AV SANTA FE	""	""	ENTRADA DA UR-2	IBURA	""	""	ATROPELAMENTO DE PESSOA	0,0	0,0	0,0	0,0	0,0	0,0	0,0	0,0	0,0	1,0	0,0	""	""	""	""	""	""	""	""	""	""	""	""	""
3193	202325661,0	2023-10-31T00:00:00	08:07:00	COM VÍTIMA	FINALIZADA	VARZEA	AV CAXANGA	""	""	APOS A UPA SENTIDO RECIFE / PROX A INTEGRAÇÃO DA CAXANGA	VARZEA	""	CIDADE	ATROPELAMENTO DE PESSOA	0,0	1,0	0,0	0,0	1,0	0,0	0,0	0,0	0,0	2,0	0,0	""	""	""	""	""	""	""	""	""	""	""	""	""