_id	Protocolo	data	hora	natureza	situacao	bairro	endereco	numero	detalhe_endereco_acidente	complemento	bairro_cruzamento	num_semaforo	sentido_via	tipo	auto	moto	ciclom	ciclista	pedestre	onibus	caminhao	viatura	outros	vitimas	vitimasfatais	acidente_verificado	tempo_clima	situacao_semaforo	sinalizacao	condicao_via	conservacao_via	ponto_controle	situacao_placa	velocidade_max_via	mao_direcao	divisao_via1	divisao_via2	divisao_via3
3194	202325665,0	2023-10-31T00:00:00	08:28:00	COM VÍTIMA	FINALIZADA	BOA VISTA	RUA BERNARDO GUIMARAES	""	""	EM FRENTE A UNIVERSIDADE CATOLICA	BOA VISTA	""	""	COLISÃO	0,0	1,0	0,0	0,0	0,0	0,0	0,0	0,0	0,0	1,0	0,0	""	""	""	""	""	""	""	""	""	""	""	""	""
3195	202325666,0	2023-10-31T00:00:00	08:28:00	COM VÍTIMA	FINALIZADA	BOA VIAGEM	RUA DEZ DE JULHO	210	""	PROX. A CONCESSIONARIA ALUGUE BRASIL E INTEGRAÇÃO DO AEROPORTO	BOA VIAGEM	""	""	COLISÃO LATERAL	0,0	1,0	0,0	0,0	0,0	0,0	0,0	0,0	0,0	1,0	0,0	""	""	""	""	""	""	""	""	""	""	""	""	""
3196	202325672,0	2023-10-31T00:00:00	09:23:00	SEM VÍTIMA	FINALIZADA	AFOGADOS	RUA QUITERIO INACIO DE MELLO	""	RUA SAO MIGUEL	SEMÁFORO Nº 333	AFOGADOS	""	""	COLISÃO LATERAL	1,0	0,0	0,0	0,0	0,0	0,0	0,0	1,0	0,0	0,0	0,0	""	""	""	""	""	""	""	""	""	""	""	""	""
3197	202325673,0	2023-10-31T00:00:00	09:27:00	COM VÍTIMA	CANCELADA	IPUTINGA	RUA BOM PASTOR	357	""	EM FRENTE A ACADEMIA BIOFORMA	IPUTINGA	""	""	COLISÃO	1,0	1,0	0,0	0,0	0,0	0,0	0,0	0,0	0,0	2,0	0,0	""	""	""	""	""	""	""	""	""	""	""	""	""
3198	202325682,0	2023-10-31T00:00:00	11:58:00	COM VÍTIMA	FINALIZADA	JOANA BEZERRA	AV GOVERNADOR AGAMENON MAGALHAES	""	""	EM FRENTE AO FORUM	JOANA BEZERRA	""	""	COLISÃO	0,0	1,0	0,0	0,0	0,0	0,0	0,0	0,0	0,0	1,0	0,0	""	""	""	""	""	""	""	""	""	""	""	""	""
3199	202325687,0	2023-10-31T00:00:00	12:44:00	COM VÍTIMA	FINALIZADA	CORDEIRO	AV INACIO MONTEIRO	""	""	EM FRENTE A EXPOSIÇÃO DE ANIMAIS / SENTIDO SUBURBIO	CORDEIRO	""	""	COLISÃO	0,0	1,0	0,0	0,0	0,0	0,0	0,0	0,0	0,0	1,0	0,0	""	""	""	""	""	""	""	""	""	""	""	""	""
3200	202325713,0	2023-10-31T00:00:00	04:38:00	COM VÍTIMA	FINALIZADA	IPSEP	AV RECIFE	""	AV DOM HELDER CAMARA	ENTRADA DO IBURA	IPSEP	""	""	ATROPELAMENTO DE PESSOA	1,0	0,0	0,0	0,0	1,0	0,0	0,0	0,0	0,0	1,0	0,0	""	""	""	""	""	""	""	""	""	""	""	""	""
3201	202325715,0	2023-10-31T00:00:00	04:55:00	COM VÍTIMA	FINALIZADA	DERBY	AV GOVERNADOR CARLOS DE LIMA CAVALCANTI	""	AV GOVERNADOR AGAMENON MAGALHAES	PROXIMO A MCDONALDS / EM CIMA DA PONTE/ SENTIDO PRAÇA DO DERBY	DERBY	75,0	""	COLISÃO LATERAL	1,0	1,0	0,0	0,0	0,0	0,0	0,0	0,0	0,0	1,0	0,0	""	""	""	""	""	""	""	""	""	""	""	""	""
3202	202325717,0	2023-10-31T00:00:00	05:34:00	COM VÍTIMA	FINALIZADA	PINA	AV ANTONIO DE GOES	1372	""	EM FRENTE A PRF	PINA	""	""	COLISÃO	0,0	1,0	0,0	0,0	0,0	0,0	0,0	0,0	0,0	1,0	0,0	""	""	""	""	""	""	""	""	""	""	""	""	""
3203	202325718,0	2023-10-31T00:00:00	05:44:00	COM VÍTIMA	FINALIZADA	IBURA	AV DOIS RIOS	614	""	PROXIMO A UPAE	IBURA	""	""	COLISÃO	0,0	0,0	0,0	0,0	0,0	0,0	0,0	0,0	0,0	1,0	0,0	""	""	""	""	""	""	""	""	""	""	""	""	""
3204	202325722,0	2023-10-31T00:00:00	06:10:00	COM VÍTIMA	CANCELADA	MADALENA	RUA BENFICA	""	""	AO LADO DA GPCA / MARTELINHO DE OURO	MADALENA	""	""	COLISÃO	1,0	1,0	0,0	0,0	0,0	0,0	0,0	0,0	0,0	1,0	0,0	""	""	""	""	""	""	""	""	""	""	""	""	""
3205	202325726,0	2023-10-31T00:00:00	06:53:00	COM VÍTIMA	CANCELADA	VARZEA	AV PROFESSOR ARTUR DE SA	171	""	PROX AO PORTÃO DE EMERGENCIA DO HOSPITAL DAS CLINICAS	VARZEA	""	""	COLISÃO	0,0	1,0	0,0	0,0	0,0	0,0	0,0	0,0	0,0	1,0	0,0	""	""	""	""	""	""	""	""	""	""	""	""	""
3206	202325738,0	2023-10-31T00:00:00	08:41:00	COM VÍTIMA	CANCELADA	IPUTINGA	RUA MONSENHOR FABRICIO	789	""	PROX. AO DETRAN	IPUTINGA	""	""	COLISÃO	0,0	1,0	0,0	0,0	0,0	0,0	0,0	0,0	0,0	1,0	0,0	""	""	""	""	""	""	""	""	""	""	""	""	""
3207	202325741,0	2023-10-31T00:00:00	09:56:00	COM VÍTIMA	CANCELADA	BOA VIAGEM	AV ARMINDO MOURA	687	""	EM FRENTE A ENTRADA DA VILA MILITAR	BOA VIAGEM	""	""	COLISÃO	0,0	1,0	0,0	0,0	0,0	0,0	0,0	0,0	0,0	1,0	0,0	""	""	""	""	""	""	""	""	""	""	""	""	""
3208	202325743,0	2023-11-01T00:00:00	12:22:00	COM VÍTIMA	FINALIZADA	IPSEP	AV RECIFE	""	""	NA ENTRADA DO IBURA, PROX. A CASA DAS BATERIAS	IPSEP	""	""	COLISÃO LATERAL	1,0	2,0	0,0	0,0	0,0	0,0	0,0	0,0	0,0	2,0	0,0	""	""	""	""	""	""	""	""	""	""	""	""	""
3209	202325781,0	2023-11-01T00:00:00	09:30:00	COM VÍTIMA	FINALIZADA	TORREAO	AV NORTE MIGUEL ARRAES DE ALENCAR	""	""	EM FRENTE A CONCESSIONARIA PEDRAGON E RESTAURANTE PRAÇA DA PICANHA	TORREAO	""	""	COLISÃO LATERAL	0,0	1,0	0,0	0,0	0,0	0,0	0,0	0,0	0,0	1,0	0,0	""	""	""	""	""	""	""	""	""	""	""	""	""
3210	202325782,0	2023-11-01T00:00:00	09:39:00	COM VÍTIMA	FINALIZADA	IMBIRIBEIRA	RUA JEAN EMILE FAVRE	""	""	PROX. A FACULDADE BOA VIAGEM E SAIDA DO IPSEP	IMBIRIBEIRA	""	""	COLISÃO LATERAL	0,0	1,0	0,0	0,0	0,0	0,0	0,0	0,0	0,0	1,0	0,0	""	""	""	""	""	""	""	""	""	""	""	""	""
3211	202325793,0	2023-11-01T00:00:00	11:02:00	COM VÍTIMA	FINALIZADA	JOANA BEZERRA	TRV DO RAPOSO	""	""	PROX AO FORUM JOANA BEZERRA	JOANA BEZERRA	""	""	COLISÃO FRONTAL	1,0	1,0	0,0	0,0	0,0	0,0	0,0	0,0	0,0	1,0	0,0	""	""	""	""	""	""	""	""	""	""	""	""	""
3212	202325799,0	2023-11-01T00:00:00	11:51:00	COM VÍTIMA	FINALIZADA	VARZEA	RUA GASTAO VIDIGAL	""	""	APÓS A UPA DA CAXANGA / SENTIDO UR-07 VARZEA	VARZEA	""	""	COLISÃO	0,0	1,0	0,0	0,0	0,0	0,0	0,0	0,0	0,0	1,0	0,0	""	""	""	""	""	""	""	""	""	""	""	""	""
3213	202325800,0	2023-11-01T00:00:00	11:54:00	COM VÍTIMA	FINALIZADA	DERBY	AV GOVERNADOR AGAMENON MAGALHAES	""	""	EM FRENTE AO BANCO DO BRASIL, SENTIDO OLINDA / LADO CONTRARIO AO HOSPITAL DA RESTAURAÇÃO	DERBY	""	""	COLISÃO	0,0	1,0	0,0	0,0	0,0	0,0	0,0	0,0	0,0	1,0	0,0	""	""	""	""	""	""	""	""	""	""	""	""	""
3214	202325802,0	2023-11-01T00:00:00	12:14:00	COM VÍTIMA	FINALIZADA	DERBY	RUA JENER DE SOUZA	""	""	EM FRENTE A ANTIGA FACULDADE DE MEDICINA /  PROX A PRAÇA DO DERBY	DERBY	""	""	QUEDA	0,0	2,0	0,0	0,0	0,0	0,0	0,0	0,0	0,0	1,0	0,0	""	""	""	""	""	""	""	""	""	""	""	""	""
3215	202325803,0	2023-11-01T00:00:00	12:17:00	COM VÍTIMA	FINALIZADA	VASCO DA GAMA	AV VEREADOR OTACILIO AZEVEDO	1117	""	EM FRENTE A UPA DA NOVA DESCOBERTA	VASCO DA GAMA	""	""	ATROPELAMENTO DE PESSOA	0,0	1,0	0,0	0,0	1,0	0,0	0,0	0,0	0,0	1,0	0,0	""	""	""	""	""	""	""	""	""	""	""	""	""
3216	202325804,0	2023-11-01T00:00:00	12:20:00	SEM VÍTIMA	FINALIZADA	MADALENA	RUA ALIADOS	97	""	""	MADALENA	""	""	CHOQUE	0,0	0,0	0,0	0,0	0,0	0,0	0,0	1,0	0,0	0,0	0,0	""	""	""	""	""	""	""	""	""	""	""	""	""
3217	202325825,0	2023-11-01T00:00:00	03:42:00	COM VÍTIMA	FINALIZADA	JARDIM SAO PAULO	AV LIBERDADE	732	""	AO LADO DA LOTERICA	JARDIM SAO PAULO	""	""	COLISÃO LATERAL	0,0	0,0	0,0	0,0	0,0	0,0	0,0	0,0	0,0	1,0	0,0	""	""	""	""	""	""	""	""	""	""	""	""	""
3218	202325843,0	2023-11-01T00:00:00	07:30:00	COM VÍTIMA	FINALIZADA	CASA FORTE	RUA JOAO TUDE DE MELO	""	""	POR TRÁS DO SHOPPING PLAZA / EMBAIXO DO VIADUTO	CASA FORTE	""	""	COLISÃO	1,0	1,0	0,0	0,0	0,0	0,0	0,0	0,0	0,0	1,0	0,0	""	""	""	""	""	""	""	""	""	""	""	""	""
3219	202325844,0	2023-11-01T00:00:00	07:58:00	COM VÍTIMA	FINALIZADA	BOA VIAGEM	VIADUTO TANCREDO NEVES	""	""	""	BOA VIAGEM	""	""	COLISÃO	0,0	1,0	0,0	1,0	0,0	0,0	0,0	0,0	0,0	2,0	0,0	""	""	""	""	""	""	""	""	""	""	""	""	""
3220	202325848,0	2023-11-01T00:00:00	09:43:00	SEM VÍTIMA	FINALIZADA	CAXANGA	AV AFONSO OLINDENSE	""	""	EM FRENTE AO EDFÍCIO PARQUE RESIDENCIAL CAXANGÁ	CAXANGA	""	""	COLISÃO	2,0	0,0	0,0	0,0	0,0	0,0	0,0	0,0	0,0	0,0	0,0	""	""	""	""	""	""	""	""	""	""	""	""	""
3221	202325861,0	2023-11-02T00:00:00	06:57:00	COM VÍTIMA	FINALIZADA	ESTANCIA	AV RECIFE	2706	""	PROX AO ARMAZEM CORAL	ESTANCIA	""	""	COLISÃO TRASEIRA	2,0	0,0	0,0	0,0	0,0	0,0	0,0	0,0	0,0	1,0	0,0	""	""	""	""	""	""	""	""	""	""	""	""	""
3222	202325867,0	2023-11-02T00:00:00	08:08:00	COM VÍTIMA	FINALIZADA	BAIRRO DO RECIFE	AV MILITAR	""	""	PROX A PREFEITURA DO RECIFE E AO POSTO DE GASOLINA BR	BAIRRO DO RECIFE	""	""	COLISÃO	0,0	1,0	0,0	0,0	0,0	0,0	0,0	0,0	0,0	1,0	0,0	""	""	""	""	""	""	""	""	""	""	""	""	""
3223	202325883,0	2023-11-02T00:00:00	11:44:00	COM VÍTIMA	FINALIZADA	BOA VISTA	RUA DO PROGRESSO	269	""	EM FRENTE AO EMPRESARIAL PROGRESSO E O INST. LUZ	BOA VISTA	""	""	COLISÃO	1,0	1,0	0,0	0,0	0,0	0,0	0,0	0,0	0,0	1,0	0,0	""	""	""	""	""	""	""	""	""	""	""	""	""
3224	202325886,0	2023-11-02T00:00:00	12:02:00	COM VÍTIMA	FINALIZADA	SAO JOSE	AV SUL	""	""	ANTES DO PONTILHÃO PONTILHÃO	SAO JOSE	""	""	COLISÃO	0,0	0,0	0,0	0,0	0,0	0,0	0,0	0,0	0,0	1,0	0,0	""	""	""	""	""	""	""	""	""	""	""	""	""
3225	202325889,0	2023-11-02T00:00:00	12:42:00	COM VÍTIMA	FINALIZADA	MADALENA	RUA CARLOS GOMES	""	RUA RICARDO SALAZAR	PROX A CELPE / ANTIGO BAILE PERFUMADO / E DA IGREJA BATISTA DO RIO	MADALENA	623,0	""	COLISÃO	1,0	1,0	0,0	0,0	0,0	0,0	0,0	0,0	0,0	1,0	0,0	""	""	""	""	""	""	""	""	""	""	""	""	""
3226	202325906,0	2023-11-02T00:00:00	06:27:00	COM VÍTIMA	FINALIZADA	ENCRUZILHADA	AV BEBERIBE	487	""	CASA DO CONSTRUTOR	ENCRUZILHADA	""	""	COLISÃO LATERAL	1,0	1,0	0,0	0,0	0,0	0,0	0,0	0,0	0,0	1,0	0,0	""	""	""	""	""	""	""	""	""	""	""	""	""
3227	202325918,0	2023-11-02T00:00:00	09:03:00	COM VÍTIMA	CANCELADA	CAMPO GRANDE	RUA OTHON PARAISO	500	""	E/F AO EDF JACYRA - PRÓXIMO AO SUPERMERCADO CENTRAL	CAMPO GRANDE	""	""	COLISÃO	0,0	1,0	0,0	0,0	0,0	0,0	0,0	0,0	0,0	1,0	0,0	""	""	""	""	""	""	""	""	""	""	""	""	""
3228	202325929,0	2023-11-03T00:00:00	06:10:00	COM VÍTIMA	FINALIZADA	PINA	PTE VICE PRESIDENTE JOSE ALENCAR	""	""	ANTES DA VIA MANGUE SENT. RIO MAR	PINA	""	""	CAPOTAMENTO	1,0	0,0	0,0	0,0	0,0	0,0	0,0	0,0	0,0	1,0	0,0	""	""	""	""	""	""	""	""	""	""	""	""	""
3229	202325931,0	2023-11-03T00:00:00	06:44:00	COM VÍTIMA	CANCELADA	PINA	PTE VICE PRESIDENTE JOSE ALENCAR	""	""	ANTES DA VIA MANGUE SENT. RIO MAR	PINA	""	""	COLISÃO	0,0	1,0	0,0	0,0	0,0	0,0	0,0	0,0	0,0	1,0	0,0	""	""	""	""	""	""	""	""	""	""	""	""	""
3230	202325932,0	2023-11-03T00:00:00	06:44:00	COM VÍTIMA	CANCELADA	PINA	PTE VICE PRESIDENTE JOSE ALENCAR	""	""	ANTES DA VIA MANGUE SENT. RIO MAR	PINA	""	""	COLISÃO	0,0	1,0	0,0	0,0	0,0	0,0	0,0	0,0	0,0	1,0	0,0	""	""	""	""	""	""	""	""	""	""	""	""	""
3231	202325947,0	2023-11-03T00:00:00	09:25:00	COM VÍTIMA	FINALIZADA	IBURA	AV DOIS RIOS	""	""	PROX A CESTA BASICA TRÊS IRMÃO /  PROX A DOIS RIOS VEÍCULOS / IBURA DEBAIXO	IBURA	""	""	COLISÃO	0,0	1,0	0,0	0,0	0,0	0,0	0,0	0,0	0,0	1,0	0,0	""	""	""	""	""	""	""	""	""	""	""	""	""
3232	202325959,0	2023-11-03T00:00:00	11:04:00	COM VÍTIMA	FINALIZADA	GRACAS	AV RUI BARBOSA	""	""	EM FRENTE AO MUSEU DO ESTADO / PROX A PEDRAGON	GRACAS	""	""	COLISÃO	0,0	2,0	0,0	0,0	0,0	0,0	0,0	0,0	0,0	2,0	0,0	""	""	""	""	""	""	""	""	""	""	""	""	""
3233	202325961,0	2023-11-03T00:00:00	11:16:00	COM VÍTIMA	FINALIZADA	MACAXEIRA	AV NORTE MIGUEL ARRAES DE ALENCAR	""	""	PROX. AO PARQUE DA MACAXEIRA, NA ENTRADA DO BURITY	MACAXEIRA	""	""	COLISÃO LATERAL	0,0	1,0	0,0	0,0	0,0	0,0	0,0	0,0	0,0	1,0	0,0	""	""	""	""	""	""	""	""	""	""	""	""	""
3234	202325968,0	2023-11-03T00:00:00	11:49:00	COM VÍTIMA	FINALIZADA	SANTO ANTONIO	RUA DA PALMA	510	""	EM FRENTE AO REI DOS PARAFUSOS	SANTO ANTONIO	""	""	COLISÃO	0,0	1,0	0,0	0,0	0,0	0,0	0,0	0,0	0,0	1,0	0,0	""	""	""	""	""	""	""	""	""	""	""	""	""
3235	202325982,0	2023-11-03T00:00:00	01:23:00	COM VÍTIMA	FINALIZADA	ESTANCIA	AV RECIFE	3795	""	CONJ INES ANDREAZA	ESTANCIA	""	""	COLISÃO LATERAL	1,0	0,0	0,0	0,0	0,0	0,0	0,0	0,0	0,0	1,0	0,0	""	""	""	""	""	""	""	""	""	""	""	""	""
3236	202325983,0	2023-11-03T00:00:00	01:40:00	COM VÍTIMA	FINALIZADA	CAXANGA	AV CAXANGA	9509	""	SAL E BRASA	CAXANGA	""	""	COLISÃO LATERAL	0,0	0,0	0,0	0,0	0,0	0,0	0,0	0,0	0,0	1,0	0,0	""	""	""	""	""	""	""	""	""	""	""	""	""
3237	202325999,0	2023-11-03T00:00:00	04:46:00	COM VÍTIMA	FINALIZADA	IBURA	RUA PORTO MOZ	194	""	APOS A POLICLINICA D UR1	IBURA	""	""	COLISÃO LATERAL	0,0	1,0	0,0	0,0	0,0	0,0	0,0	0,0	0,0	1,0	0,0	""	""	""	""	""	""	""	""	""	""	""	""	""
3238	202326000,0	2023-11-03T00:00:00	04:52:00	COM VÍTIMA	FINALIZADA	SAO JOSE	AV SUL	""	""	E/F A DISTRIBUIDORA PORTELA	SAO JOSE	""	""	COLISÃO LATERAL	0,0	1,0	0,0	0,0	0,0	0,0	0,0	0,0	0,0	1,0	0,0	""	""	""	""	""	""	""	""	""	""	""	""	""
3239	202326011,0	2023-11-03T00:00:00	05:45:00	COM VÍTIMA	FINALIZADA	MADALENA	AV BEIRA RIO	4197	""	EDF ARLINDO GOLVEIA	MADALENA	""	""	COLISÃO LATERAL	0,0	0,0	0,0	0,0	0,0	0,0	0,0	0,0	0,0	1,0	0,0	""	""	""	""	""	""	""	""	""	""	""	""	""
3240	202326017,0	2023-11-03T00:00:00	08:22:00	COM VÍTIMA	FINALIZADA	PINA	AV HERCULANO BANDEIRA	""	""	DESCIDA DA PONTE PAULO GUERRA	PINA	""	""	COLISÃO	1,0	1,0	0,0	0,0	0,0	0,0	0,0	0,0	0,0	1,0	0,0	""	""	""	""	""	""	""	""	""	""	""	""	""
3241	202326035,0	2023-11-04T00:00:00	08:46:00	COM VÍTIMA	FINALIZADA	AREIAS	AV RECIFE	""	""	PROX AO ASSAI ATACADISTA SENTIDO BR-101	AREIAS	""	""	COLISÃO	0,0	1,0	0,0	0,0	0,0	0,0	0,0	0,0	0,0	1,0	0,0	""	""	""	""	""	""	""	""	""	""	""	""	""
3242	202326039,0	2023-11-04T00:00:00	09:10:00	COM VÍTIMA	FINALIZADA	BOA VIAGEM	RUA PADRE CARAPUCEIRO	""	AV CONSELHEIRO AGUIAR	EM FRENTE AO VERDE FRUTTI	BOA VIAGEM	""	""	COLISÃO	1,0	1,0	0,0	0,0	0,0	0,0	0,0	0,0	0,0	1,0	0,0	""	""	""	""	""	""	""	""	""	""	""	""	""
3243	202326048,0	2023-11-04T00:00:00	11:34:00	COM VÍTIMA	FINALIZADA	AREIAS	RUA DR VILAS BOAS	""	""	NA RUA DO MIX MATHEUS	AREIAS	""	""	COLISÃO	0,0	1,0	0,0	0,0	0,0	0,0	0,0	0,0	0,0	1,0	0,0	""	""	""	""	""	""	""	""	""	""	""	""	""
3244	202326051,0	2023-11-04T00:00:00	01:15:00	COM VÍTIMA	FINALIZADA	VARZEA	AV CAXANGA	4038	""	INTEGRAÇÃO DA CAXANGÁ	VARZEA	""	""	COLISÃO TRASEIRA	1,0	1,0	0,0	0,0	0,0	0,0	0,0	0,0	0,0	2,0	0,0	""	""	""	""	""	""	""	""	""	""	""	""	""
3245	202326056,0	2023-11-04T00:00:00	03:46:00	COM VÍTIMA	FINALIZADA	CAXANGA	AV CAXANGA	5547	""	UPA CAXANGA	CAXANGA	""	""	COLISÃO LATERAL	0,0	0,0	0,0	0,0	0,0	0,0	0,0	0,0	0,0	1,0	0,0	""	""	""	""	""	""	""	""	""	""	""	""	""
3246	202326057,0	2023-11-04T00:00:00	03:46:00	COM VÍTIMA	FINALIZADA	BOA VIAGEM	AV DES JOSE NEVES	167	""	FERREIRA PINTO	BOA VIAGEM	567,0	""	COLISÃO LATERAL	1,0	1,0	0,0	0,0	0,0	0,0	0,0	0,0	0,0	1,0	0,0	""	""	""	""	""	""	""	""	""	""	""	""	""
3247	202326082,0	2023-11-04T00:00:00	11:13:00	COM VÍTIMA	FINALIZADA	ESPINHEIRO	RUA DO ESPINHEIRO	""	RUA SANTO ELIAS	PROX. AO POSTO DE GASOLINA	ESPINHEIRO	""	""	COLISÃO TRANSVERSAL	1,0	1,0	0,0	0,0	0,0	0,0	0,0	0,0	0,0	2,0	0,0	""	""	""	""	""	""	""	""	""	""	""	""	""
3248	202326091,0	2023-11-05T00:00:00	06:15:00	COM VÍTIMA	FINALIZADA	TAMARINEIRA	AV PROFESSOR JOSE DOS ANJOS	""	""	PROX. AO DNOCS E CLUBE  SANTA CRUZ	TAMARINEIRA	""	""	COLISÃO LATERAL	0,0	1,0	0,0	0,0	0,0	0,0	0,0	0,0	0,0	1,0	0,0	""	""	""	""	""	""	""	""	""	""	""	""	""
3249	202326095,0	2023-11-05T00:00:00	08:47:00	COM VÍTIMA	FINALIZADA	CORDEIRO	AV INACIO MONTEIRO	""	""	PROX. AO CROSSFIT HAKAI	CORDEIRO	""	""	COLISÃO LATERAL	0,0	1,0	0,0	0,0	0,0	0,0	0,0	0,0	0,0	1,0	0,0	""	""	""	""	""	""	""	""	""	""	""	""	""
3250	202326098,0	2023-11-05T00:00:00	09:56:00	COM VÍTIMA	FINALIZADA	VASCO DA GAMA	RUA CAMBORIU	""	""	PROX. A UPA DE NOVA DESCOBERTA E ATELIE DE MIRIAN	VASCO DA GAMA	""	""	COLISÃO LATERAL	0,0	1,0	0,0	0,0	0,0	0,0	0,0	0,0	0,0	1,0	0,0	""	""	""	""	""	""	""	""	""	""	""	""	""
3251	202326109,0	2023-11-05T00:00:00	11:38:00	COM VÍTIMA	FINALIZADA	AGUA FRIA	AV BEBERIBE	""	""	SENT. ARRUDA, PROX. A LOJA MILENA MOVEIS	AGUA FRIA	""	""	COLISÃO LATERAL	0,0	1,0	0,0	0,0	0,0	0,0	0,0	0,0	0,0	1,0	0,0	""	""	""	""	""	""	""	""	""	""	""	""	""
3252	202326115,0	2023-11-05T00:00:00	12:54:00	COM VÍTIMA	FINALIZADA	AREIAS	AV CENTRAL	""	""	E/F AO METROREC NA LATERAL  DA ESTAÇAO WERNEK	AREIAS	""	""	COLISÃO LATERAL	0,0	1,0	0,0	0,0	0,0	0,0	0,0	0,0	0,0	1,0	0,0	""	""	""	""	""	""	""	""	""	""	""	""	""
3253	202326116,0	2023-11-05T00:00:00	01:05:00	COM VÍTIMA	FINALIZADA	BOA VIAGEM	RUA PADRE CABRAL	215	""	EM FRENTE AO EDIFICIO PARADOR BARCELONA E PROX A PIZZARIA LUPE	BOA VIAGEM	""	""	COLISÃO	0,0	1,0	0,0	0,0	0,0	0,0	0,0	0,0	0,0	1,0	0,0	""	""	""	""	""	""	""	""	""	""	""	""	""
3254	202326132,0	2023-11-05T00:00:00	05:29:00	COM VÍTIMA	FINALIZADA	SANTO AMARO	RUA AURORA	1624	""	PROX A PONTE DO LIMOEIRO  E A TV GUARARAPES	SANTO AMARO	""	""	COLISÃO LATERAL	0,0	1,0	0,0	0,0	0,0	0,0	0,0	0,0	0,0	1,0	0,0	""	""	""	""	""	""	""	""	""	""	""	""	""
3255	202326133,0	2023-11-05T00:00:00	05:31:00	COM VÍTIMA	FINALIZADA	IMBIRIBEIRA	RUA ITACARI	249	""	PROX AO BAU ITAU  EA EMPRESA GOCIL	IMBIRIBEIRA	""	""	COLISÃO LATERAL	0,0	1,0	0,0	0,0	0,0	0,0	0,0	0,0	0,0	1,0	0,0	""	""	""	""	""	""	""	""	""	""	""	""	""
3256	202326134,0	2023-11-05T00:00:00	05:34:00	COM VÍTIMA	FINALIZADA	IMBIRIBEIRA	AV MARECHAL MASCARENHAS DE MORAES	""	""	E/F A ESTAÇAO MONTE GUARARAPES	IMBIRIBEIRA	""	""	COLISÃO LATERAL	0,0	1,0	0,0	0,0	0,0	0,0	0,0	0,0	0,0	1,0	0,0	""	""	""	""	""	""	""	""	""	""	""	""	""
3257	202326142,0	2023-11-05T00:00:00	08:20:00	COM VÍTIMA	FINALIZADA	BOA VISTA	AV GOVERNADOR CARLOS DE LIMA CAVALCANTI	""	RUA SILVA RAMOS	ESQUINA COM HAPVIDA	BOA VISTA	""	""	COLISÃO	0,0	0,0	0,0	1,0	0,0	0,0	0,0	1,0	0,0	1,0	0,0	""	""	""	""	""	""	""	""	""	""	""	""	""
3258	202326144,0	2023-11-05T00:00:00	08:32:00	SEM VÍTIMA	FINALIZADA	JOANA BEZERRA	AV CENTRAL	""	""	CRUZAMENTO COM A PONTE JOAQUIM CARDOSO	JOANA BEZERRA	""	SUBURBIO	COLISÃO	1,0	0,0	0,0	0,0	0,0	0,0	0,0	1,0	0,0	0,0	0,0	""	""	""	""	""	""	""	""	""	""	""	""	""
3259	202326147,0	2023-11-05T00:00:00	10:16:00	COM VÍTIMA	FINALIZADA	IPSEP	AV RECIFE	""	""	NA ENTRADA DO IBURA	IPSEP	""	""	COLISÃO	0,0	1,0	0,0	1,0	0,0	0,0	0,0	0,0	0,0	2,0	0,0	""	""	""	""	""	""	""	""	""	""	""	""	""
3260	202326162,0	2023-11-06T00:00:00	06:42:00	COM VÍTIMA	FINALIZADA	MADALENA	RUA JOSE BONIFACIO	125	""	DE FRENTE AO COLEGIO CULTURA INGLESA	MADALENA	""	""	COLISÃO FRONTAL	3,0	0,0	0,0	0,0	0,0	0,0	0,0	0,0	0,0	2,0	0,0	""	""	""	""	""	""	""	""	""	""	""	""	""
3261	202326178,0	2023-11-06T00:00:00	08:53:00	COM VÍTIMA	FINALIZADA	CAJUEIRO	AV BEBERIBE	""	""	EM FRENTE A ACADEMIA DA CIDADE	CAJUEIRO	""	""	COLISÃO LATERAL	0,0	1,0	0,0	0,0	0,0	0,0	0,0	0,0	0,0	1,0	0,0	""	""	""	""	""	""	""	""	""	""	""	""	""
3262	202326182,0	2023-11-06T00:00:00	10:06:00	SEM VÍTIMA	FINALIZADA	BOA VIAGEM	AVENIDA CELSO FURTADO (VIA MANGUE)	""	""	AO LADO DO POSTE J 013427	BOA VIAGEM	""	CIDADE	COLISÃO LATERAL	1,0	0,0	0,0	0,0	0,0	0,0	0,0	1,0	0,0	0,0	0,0	""	""	""	""	""	""	""	""	""	""	""	""	""
3263	202326186,0	2023-11-06T00:00:00	10:52:00	COM VÍTIMA	FINALIZADA	TORRE	RUA VISCONDE DE ITAPARICA	""	""	PROX. A FARMACIA DROGASIL E CARREFOUR	TORRE	""	""	COLISÃO LATERAL	0,0	1,0	0,0	0,0	0,0	0,0	0,0	0,0	0,0	1,0	0,0	""	""	""	""	""	""	""	""	""	""	""	""	""