_id	Protocolo	data	hora	natureza	situacao	bairro	endereco	numero	detalhe_endereco_acidente	complemento	bairro_cruzamento	num_semaforo	sentido_via	tipo	auto	moto	ciclom	ciclista	pedestre	onibus	caminhao	viatura	outros	vitimas	vitimasfatais	acidente_verificado	tempo_clima	situacao_semaforo	sinalizacao	condicao_via	conservacao_via	ponto_controle	situacao_placa	velocidade_max_via	mao_direcao	divisao_via1	divisao_via2	divisao_via3
3264	202326191,0	2023-11-06T00:00:00	11:28:00	COM VÍTIMA	FINALIZADA	BOA VIAGEM	RUA PROFESSOR EDUARDO WANDERLEY FILHO	""	""	PROXA ESCOLA BOA VIAGEM	BOA VIAGEM	""	""	COLISÃO	0,0	1,0	0,0	0,0	0,0	0,0	0,0	0,0	0,0	1,0	0,0	""	""	""	""	""	""	""	""	""	""	""	""	""
3265	202326200,0	2023-11-06T00:00:00	12:35:00	COM VÍTIMA	FINALIZADA	IMBIRIBEIRA	AV MARECHAL MASCARENHAS DE MORAES	""	""	EM FRENTE AO ARMAZEM CORAL SENTIDO AFOGADOS	IMBIRIBEIRA	""	""	COLISÃO	0,0	1,0	0,0	0,0	0,0	0,0	0,0	0,0	0,0	1,0	0,0	""	""	""	""	""	""	""	""	""	""	""	""	""
3266	202326201,0	2023-11-06T00:00:00	12:54:00	COM VÍTIMA	FINALIZADA	BOA VIAGEM	VIADUTO TANCREDO NEVES	""	""	NO FINAL DA AV RECIFE / PROX AO ATACADÃO	BOA VIAGEM	""	""	COLISÃO	0,0	1,0	0,0	0,0	0,0	0,0	0,0	0,0	0,0	1,0	0,0	""	""	""	""	""	""	""	""	""	""	""	""	""
3267	202326203,0	2023-11-06T00:00:00	01:19:00	COM VÍTIMA	FINALIZADA	IMBIRIBEIRA	RUA JAMAICA	179	""	VALTER LOPES ENGENHARIA	IMBIRIBEIRA	""	""	COLISÃO FRONTAL	2,0	1,0	0,0	0,0	0,0	0,0	0,0	0,0	0,0	1,0	0,0	""	""	""	""	""	""	""	""	""	""	""	""	""
3268	202326206,0	2023-11-06T00:00:00	01:38:00	COM VÍTIMA	FINALIZADA	IMBIRIBEIRA	AV MARECHAL MASCARENHAS DE MORAES	5563	""	EM BAIXO DO VIADUTO DA AV RECIFE / APÓS A TOYOLEX / SENTIDO JABOATÃO	IMBIRIBEIRA	""	""	COLISÃO LATERAL	0,0	0,0	0,0	0,0	0,0	0,0	0,0	0,0	0,0	1,0	0,0	""	""	""	""	""	""	""	""	""	""	""	""	""
3269	202326207,0	2023-11-06T00:00:00	01:46:00	COM VÍTIMA	FINALIZADA	CAXANGA	AV CAXANGA	5281	""	PROX A PAGUE MENOS, EM BAIXO DO VIADUTO	CAXANGA	""	""	COLISÃO LATERAL	0,0	0,0	0,0	0,0	0,0	0,0	0,0	0,0	0,0	1,0	0,0	""	""	""	""	""	""	""	""	""	""	""	""	""
3270	202326210,0	2023-11-06T00:00:00	02:25:00	COM VÍTIMA	FINALIZADA	SAN MARTIN	AV GENERAL SAN MARTIN	""	""	EM FRENTE AO INSTITUTO AGRONOMICO DE PE	SAN MARTIN	""	""	COLISÃO LATERAL	0,0	0,0	0,0	0,0	0,0	0,0	0,0	0,0	0,0	1,0	0,0	""	""	""	""	""	""	""	""	""	""	""	""	""
3271	202326219,0	2023-11-06T00:00:00	04:38:00	SEM VÍTIMA	FINALIZADA	IMBIRIBEIRA	AV MARECHAL MASCARENHAS DE MORAES	3547	""	CASA CONSTRUTOR	IMBIRIBEIRA	""	CIDADE	COLISÃO LATERAL	1,0	0,0	0,0	0,0	0,0	0,0	0,0	1,0	0,0	0,0	0,0	""	""	""	""	""	""	""	""	""	""	""	""	""
3272	202326220,0	2023-11-06T00:00:00	04:46:00	COM VÍTIMA	FINALIZADA	BOA VIAGEM	RUA DEZ DE JULHO	481	""	E/FLOCADORA  ALUGUE BRASIL	BOA VIAGEM	""	""	COLISÃO LATERAL	1,0	1,0	0,0	0,0	0,0	0,0	0,0	0,0	0,0	1,0	0,0	""	""	""	""	""	""	""	""	""	""	""	""	""
3273	202326222,0	2023-11-06T00:00:00	04:55:00	COM VÍTIMA	FINALIZADA	TAMARINEIRA	RUA CONEGO BARATA	""	""	DENTRO DO ESTACIONAMENTO DA FERREIRA COSTA	TAMARINEIRA	""	""	COLISÃO LATERAL	0,0	1,0	0,0	0,0	0,0	0,0	0,0	0,0	0,0	1,0	0,0	""	""	""	""	""	""	""	""	""	""	""	""	""
3274	202326225,0	2023-11-06T00:00:00	05:24:00	COM VÍTIMA	FINALIZADA	VARZEA	RUA FRANCISCO LACERDA	442	""	RESTAURANTE MANGO	VARZEA	""	""	COLISÃO LATERAL	0,0	1,0	0,0	1,0	0,0	0,0	0,0	0,0	0,0	1,0	0,0	""	""	""	""	""	""	""	""	""	""	""	""	""
3275	202326230,0	2023-11-06T00:00:00	05:59:00	COM VÍTIMA	FINALIZADA	TORREAO	RUA DJALMA FARIAS	253	""	PROX AO RESTAURANTE ARVO	TORREAO	""	""	COLISÃO LATERAL	1,0	1,0	0,0	0,0	0,0	0,0	0,0	0,0	0,0	1,0	0,0	""	""	""	""	""	""	""	""	""	""	""	""	""
3276	202326249,0	2023-11-06T00:00:00	06:53:00	COM VÍTIMA	FINALIZADA	BOA VIAGEM	AV CONSELHEIRO AGUIAR	232	""	FARMACIA PAGUE MENOS	BOA VIAGEM	""	""	COLISÃO LATERAL	1,0	1,0	0,0	0,0	0,0	0,0	0,0	0,0	0,0	1,0	0,0	""	""	""	""	""	""	""	""	""	""	""	""	""
3277	202326250,0	2023-11-06T00:00:00	06:53:00	COM VÍTIMA	CANCELADA	VARZEA	RUA VALE DO SIRIJI	12	""	INSTITUTO RICARDO BRENNAND	VARZEA	""	""	COLISÃO LATERAL	0,0	0,0	0,0	0,0	0,0	0,0	0,0	0,0	0,0	1,0	0,0	""	""	""	""	""	""	""	""	""	""	""	""	""
3278	202326253,0	2023-11-06T00:00:00	10:15:00	COM VÍTIMA	FINALIZADA	SITIO DOS PINTOS	RUA MANUEL DE MEDEIROS	""	""	PRÓXIMO AO DPTO DE ZOOTECNIA DA UFRPE	SITIO DOS PINTOS	""	""	COLISÃO TRANSVERSAL	1,0	1,0	0,0	0,0	0,0	0,0	0,0	0,0	0,0	1,0	0,0	""	""	""	""	""	""	""	""	""	""	""	""	""
3279	202326297,0	2023-11-07T00:00:00	09:24:00	COM VÍTIMA	FINALIZADA	BOA VIAGEM	RUA DEZ DE JULHO	481	""	PROX A LOCADORA ALUGUE BRASIL	BOA VIAGEM	""	""	COLISÃO LATERAL	1,0	1,0	0,0	0,0	0,0	0,0	0,0	0,0	0,0	1,0	0,0	""	""	""	""	""	""	""	""	""	""	""	""	""
3280	202326322,0	2023-11-07T00:00:00	12:19:00	COM VÍTIMA	FINALIZADA	PORTO DA MADEIRA	AV BEBERIBE	3749	""	E/F A FARMACIA MILENIO	PORTO DA MADEIRA	""	""	ATROPELAMENTO DE PESSOA	1,0	0,0	0,0	0,0	1,0	0,0	0,0	0,0	0,0	1,0	0,0	""	""	""	""	""	""	""	""	""	""	""	""	""
3281	202326325,0	2023-11-07T00:00:00	12:25:00	COM VÍTIMA	FINALIZADA	CORDEIRO	AV CAXANGA	1086	""	EM FRENTE A IGREJA UNIVERSAL / PROX A DELICIA DAS PRAZERES	CORDEIRO	""	SUBURBIO	COLISÃO LATERAL	1,0	1,0	0,0	0,0	0,0	0,0	0,0	0,0	0,0	1,0	0,0	""	""	""	""	""	""	""	""	""	""	""	""	""
3282	202326327,0	2023-11-07T00:00:00	12:31:00	COM VÍTIMA	FINALIZADA	ESPINHEIRO	AV JOAO DE BARROS	""	""	SOB O VIADUTO DA AV. JOÃO DE BARROS	ESPINHEIRO	""	""	COLISÃO	0,0	0,0	0,0	0,0	0,0	0,0	0,0	0,0	0,0	1,0	0,0	""	""	""	""	""	""	""	""	""	""	""	""	""
3283	202326342,0	2023-11-07T00:00:00	02:14:00	COM VÍTIMA	FINALIZADA	IMBIRIBEIRA	AV MARECHAL MASCARENHAS DE MORAES	7264	""	PROXIMO AO AEROPORTO E A PRAÇA MINISTRO SALGADO FILHO	IMBIRIBEIRA	""	""	COLISÃO	0,0	1,0	0,0	0,0	0,0	0,0	0,0	0,0	0,0	1,0	0,0	""	""	""	""	""	""	""	""	""	""	""	""	""
3284	202326346,0	2023-11-07T00:00:00	03:38:00	COM VÍTIMA	FINALIZADA	ESPINHEIRO	RUA CONS PORTELA	621	""	PROX A GALERIA CONSELHEIRO PORTELA CENTER	ESPINHEIRO	""	""	CHOQUE	1,0	0,0	0,0	0,0	0,0	0,0	0,0	0,0	0,0	1,0	0,0	""	""	""	""	""	""	""	""	""	""	""	""	""
3285	202326356,0	2023-11-07T00:00:00	05:10:00	COM VÍTIMA	FINALIZADA	IPUTINGA	AV CAXANGA	3595	""	IGREJA DA CAXANGÁ / SUBWAY	IPUTINGA	""	""	COLISÃO TRASEIRA	1,0	1,0	0,0	0,0	0,0	0,0	0,0	0,0	0,0	1,0	0,0	""	""	""	""	""	""	""	""	""	""	""	""	""
3286	202326357,0	2023-11-07T00:00:00	05:21:00	COM VÍTIMA	FINALIZADA	SANTO ANTONIO	RUA FLORIANO PEIXOTO	""	""	E/F AO BRADESCO	SANTO ANTONIO	""	""	ATROPELAMENTO DE PESSOA	0,0	0,0	0,0	0,0	1,0	1,0	0,0	0,0	0,0	1,0	0,0	""	""	""	""	""	""	""	""	""	""	""	""	""
3287	202326358,0	2023-11-07T00:00:00	05:49:00	COM VÍTIMA	FINALIZADA	CORREGO DO JENIPAPO	AV NORTE MIGUEL ARRAES DE ALENCAR	9371	""	PROX A ENTRADA DO CORREGO DO JENIPAPO / POSTO DESATIVADO DA AV NORTE	CORREGO DO JENIPAPO	""	""	COLISÃO LATERAL	0,0	0,0	0,0	0,0	0,0	0,0	0,0	0,0	0,0	1,0	0,0	""	""	""	""	""	""	""	""	""	""	""	""	""
3288	202326360,0	2023-11-07T00:00:00	06:35:00	COM VÍTIMA	FINALIZADA	ROSARINHO	AV NORTE MIGUEL ARRAES DE ALENCAR	""	""	PRAÇA DO ROSARINHO!	ROSARINHO	""	""	QUEDA	0,0	0,0	0,0	0,0	0,0	0,0	0,0	1,0	0,0	1,0	0,0	""	""	""	""	""	""	""	""	""	""	""	""	""
3289	202326361,0	2023-11-07T00:00:00	06:37:00	COM VÍTIMA	FINALIZADA	VASCO DA GAMA	RUA PLANALTO	123	""	NA SUBIDA DO ALTO NOSSA SENHORA DE FATIMA	VASCO DA GAMA	""	""	COLISÃO LATERAL	0,0	0,0	0,0	0,0	0,0	0,0	0,0	0,0	0,0	1,0	0,0	""	""	""	""	""	""	""	""	""	""	""	""	""
3290	202326369,0	2023-11-07T00:00:00	07:20:00	COM VÍTIMA	FINALIZADA	DOIS IRMAOS	RUA DOIS IRMAOS	1020	""	EM FRENTE A LAFEPE	DOIS IRMAOS	""	""	COLISÃO	1,0	1,0	0,0	0,0	0,0	0,0	0,0	0,0	0,0	2,0	0,0	""	""	""	""	""	""	""	""	""	""	""	""	""
3291	202326375,0	2023-11-07T00:00:00	10:05:00	COM VÍTIMA	FINALIZADA	MACAXEIRA	AV NORTE MIGUEL ARRAES DE ALENCAR	7212	""	EM FRENTE AO COLÉGIO NADIR	MACAXEIRA	""	SUBURBIO	COLISÃO	1,0	1,0	0,0	0,0	0,0	0,0	0,0	0,0	0,0	2,0	0,0	""	""	""	""	""	""	""	""	""	""	""	""	""
3292	202326376,0	2023-11-07T00:00:00	10:46:00	COM VÍTIMA	FINALIZADA	AGUA FRIA	AV BEBERIBE	""	""	EM FRENTE A DROGASIL	AGUA FRIA	""	""	COLISÃO	0,0	1,0	0,0	1,0	0,0	0,0	0,0	0,0	0,0	1,0	0,0	""	""	""	""	""	""	""	""	""	""	""	""	""
3293	202326398,0	2023-11-08T00:00:00	07:53:00	COM VÍTIMA	FINALIZADA	JARDIM SAO PAULO	AV RECIFE	""	""	NA FRENTE DA JUSTIÇA FEDERAL	JARDIM SAO PAULO	""	""	COLISÃO	1,0	1,0	0,0	0,0	0,0	0,0	0,0	0,0	0,0	2,0	0,0	""	""	""	""	""	""	""	""	""	""	""	""	""
3294	202326400,0	2023-11-08T00:00:00	08:00:00	COM VÍTIMA	FINALIZADA	CASA FORTE	AV DEZESSETE DE AGOSTO	""	""	PRÓXIMO À ESCOLA SILVA JARDIM	CASA FORTE	""	""	COLISÃO	1,0	1,0	0,0	0,0	0,0	0,0	0,0	0,0	0,0	1,0	0,0	""	""	""	""	""	""	""	""	""	""	""	""	""
3295	202326402,0	2023-11-08T00:00:00	08:25:00	COM VÍTIMA	FINALIZADA	APIPUCOS	RUA DE APIPUCOS	261	""	""	APIPUCOS	""	""	COLISÃO	0,0	0,0	0,0	0,0	0,0	0,0	0,0	0,0	0,0	1,0	0,0	""	""	""	""	""	""	""	""	""	""	""	""	""
3296	202326403,0	2023-11-08T00:00:00	08:28:00	COM VÍTIMA	FINALIZADA	IMBIRIBEIRA	AV MARECHAL MASCARENHAS DE MORAES	""	""	EM FRENTE A FLORART SENTIDO AFOGADOS / PROX AO PONTO FRIO	IMBIRIBEIRA	""	""	COLISÃO	0,0	1,0	0,0	0,0	0,0	0,0	0,0	0,0	0,0	1,0	0,0	""	""	""	""	""	""	""	""	""	""	""	""	""
3297	202326409,0	2023-11-08T00:00:00	08:47:00	COM VÍTIMA	CANCELADA	IPSEP	AV RECIFE	""	""	PROX. AO SAL E BRASA E O POSTO BR, SENT. BOA VIAGEM	IPSEP	""	""	COLISÃO LATERAL	0,0	1,0	0,0	0,0	0,0	0,0	0,0	0,0	0,0	1,0	0,0	""	""	""	""	""	""	""	""	""	""	""	""	""
3298	202326410,0	2023-11-08T00:00:00	08:50:00	COM VÍTIMA	FINALIZADA	DERBY	AV GOVERNADOR AGAMENON MAGALHAES	""	""	VIA LOCAL, EM FRENTE AO HOSPITAL MEMORIAL SÃO JOSE, SENT. OLINDA	DERBY	""	""	COLISÃO TRASEIRA	2,0	1,0	0,0	0,0	0,0	0,0	0,0	0,0	0,0	2,0	0,0	""	""	""	""	""	""	""	""	""	""	""	""	""
3299	202326411,0	2023-11-08T00:00:00	08:58:00	COM VÍTIMA	FINALIZADA	JOANA BEZERRA	AV CENTRAL	""	""	NO INICIO DO VIADUTO SENTIDO OLINDA / PROX ACDD	JOANA BEZERRA	""	""	COLISÃO	0,0	1,0	0,0	0,0	0,0	0,0	0,0	0,0	0,0	1,0	0,0	""	""	""	""	""	""	""	""	""	""	""	""	""
3300	202326423,0	2023-11-08T00:00:00	09:54:00	COM VÍTIMA	FINALIZADA	BOA VIAGEM	RUA RIBEIRO DE BRITO	""	""	PROX. A UNINASSAU E HOTEL NACIONAL	BOA VIAGEM	""	""	COLISÃO LATERAL	0,0	1,0	0,0	0,0	0,0	0,0	0,0	0,0	0,0	1,0	0,0	""	""	""	""	""	""	""	""	""	""	""	""	""
3301	202326424,0	2023-11-08T00:00:00	10:23:00	COM VÍTIMA	FINALIZADA	JARDIM SAO PAULO	AV SAO PAULO	""	""	PROX. A ESTAÇÃO WERNECK	JARDIM SAO PAULO	""	""	COLISÃO LATERAL	0,0	1,0	0,0	0,0	0,0	0,0	0,0	0,0	0,0	1,0	0,0	""	""	""	""	""	""	""	""	""	""	""	""	""
3302	202326433,0	2023-11-08T00:00:00	11:02:00	COM VÍTIMA	FINALIZADA	MADALENA	RUA ERNANI BRAGA	""	""	PROX AO CARTORIO DA MADALENA / PROX A PRAÇA PROFESSOR CALAZANHAS	MADALENA	""	""	COLISÃO	0,0	1,0	0,0	0,0	0,0	0,0	0,0	0,0	0,0	1,0	0,0	""	""	""	""	""	""	""	""	""	""	""	""	""
3303	202326434,0	2023-11-08T00:00:00	11:04:00	COM VÍTIMA	FINALIZADA	IMBIRIBEIRA	AV ENGENHEIRO ALVES DE SOUZA	101	""	AO LADO DA HONDA	IMBIRIBEIRA	""	""	COLISÃO LATERAL	1,0	1,0	0,0	0,0	0,0	0,0	0,0	0,0	0,0	1,0	0,0	""	""	""	""	""	""	""	""	""	""	""	""	""
3304	202326435,0	2023-11-08T00:00:00	11:09:00	COM VÍTIMA	FINALIZADA	AFOGADOS	EST DOS REMEDIOS	1060	""	""	AFOGADOS	""	""	COLISÃO LATERAL	2,0	0,0	0,0	0,0	0,0	0,0	0,0	0,0	0,0	1,0	0,0	""	""	""	""	""	""	""	""	""	""	""	""	""
3305	202326453,0	2023-11-08T00:00:00	02:12:00	SEM VÍTIMA	FINALIZADA	BOA VIAGEM	RUA COSMORAMA	""	""	Centro de Saúde Prof. Djair Brindeiro	BOA VIAGEM	""	""	COLISÃO TRASEIRA	1,0	0,0	0,0	0,0	0,0	0,0	0,0	1,0	0,0	0,0	0,0	""	""	""	""	""	""	""	""	""	""	""	""	""
3306	202326458,0	2023-11-08T00:00:00	03:06:00	COM VÍTIMA	FINALIZADA	IBURA	AV DOIS RIOS	""	""	EM FRENTE A IGREJA DOS MORMOS	IBURA	""	""	COLISÃO	1,0	1,0	0,0	0,0	0,0	0,0	0,0	0,0	0,0	1,0	0,0	""	""	""	""	""	""	""	""	""	""	""	""	""
3307	202326460,0	2023-11-08T00:00:00	03:21:00	COM VÍTIMA	DUPLICIDADE	IBURA	AV DOIS RIOS	776	""	IGREJA DOS MORMOS	IBURA	""	""	COLISÃO LATERAL	0,0	0,0	0,0	0,0	0,0	0,0	0,0	0,0	0,0	1,0	0,0	""	""	""	""	""	""	""	""	""	""	""	""	""
3308	202326461,0	2023-11-08T00:00:00	03:24:00	COM VÍTIMA	FINALIZADA	AFOGADOS	EST DOS REMEDIOS	""	""	""	AFOGADOS	""	""	COLISÃO LATERAL	1,0	1,0	0,0	0,0	0,0	0,0	0,0	0,0	0,0	1,0	0,0	""	""	""	""	""	""	""	""	""	""	""	""	""
3309	202326464,0	2023-11-08T00:00:00	03:54:00	COM VÍTIMA	FINALIZADA	BOA VISTA	AV JOAO DE BARROS	2017	""	EM FRENTE AO CORPO DE BOMBEIROS	BOA VISTA	""	""	COLISÃO LATERAL	1,0	1,0	0,0	0,0	0,0	0,0	0,0	0,0	0,0	1,0	0,0	""	""	""	""	""	""	""	""	""	""	""	""	""
3310	202326477,0	2023-11-08T00:00:00	06:16:00	COM VÍTIMA	CANCELADA	CASA FORTE	AV DEZESSETE DE AGOSTO	1484	""	CPOR	CASA FORTE	""	""	COLISÃO LATERAL	0,0	0,0	0,0	0,0	0,0	0,0	0,0	0,0	0,0	1,0	0,0	""	""	""	""	""	""	""	""	""	""	""	""	""
3311	202326492,0	2023-11-08T00:00:00	08:32:00	COM VÍTIMA	CANCELADA	IBURA	AV DOIS RIOS	""	RUA RIO XINGU	EM FRENTE AO POSTO DE GASOLINA	IBURA	""	""	COLISÃO TRANSVERSAL	1,0	1,0	0,0	0,0	0,0	0,0	0,0	0,0	0,0	1,0	0,0	""	""	""	""	""	""	""	""	""	""	""	""	""
3312	202326493,0	2023-11-08T00:00:00	10:12:00	COM VÍTIMA	CANCELADA	BEBERIBE	AV BEBERIBE	""	""	EM FRENTE AO SESC	BEBERIBE	""	""	COLISÃO TRANSVERSAL	1,0	1,0	0,0	0,0	0,0	0,0	0,0	0,0	0,0	1,0	0,0	""	""	""	""	""	""	""	""	""	""	""	""	""
3313	202326521,0	2023-11-09T00:00:00	06:39:00	COM VÍTIMA	FINALIZADA	SANTO AMARO	AV GOVERNADOR AGAMENON MAGALHAES	100	""	NA FRENTE DO HOSPITAL DA RESTAURAÇÃO	SANTO AMARO	""	""	COLISÃO	1,0	1,0	0,0	0,0	0,0	0,0	0,0	0,0	0,0	1,0	0,0	""	""	""	""	""	""	""	""	""	""	""	""	""
3314	202326525,0	2023-11-09T00:00:00	07:24:00	COM VÍTIMA	FINALIZADA	CAXANGA	AV CAXANGA	""	""	EM FRENTE A GMAG ESTOFADOS / START AUTOMOVEIS	CAXANGA	""	""	COLISÃO	0,0	1,0	0,0	0,0	0,0	0,0	0,0	0,0	0,0	1,0	0,0	""	""	""	""	""	""	""	""	""	""	""	""	""
3315	202326531,0	2023-11-09T00:00:00	07:50:00	COM VÍTIMA	FINALIZADA	PINA	AVENIDA CELSO FURTADO (VIA MANGUE)	""	""	PROX. AO RIO MAR	PINA	""	""	COLISÃO LATERAL	0,0	1,0	0,0	0,0	0,0	0,0	0,0	0,0	0,0	1,0	0,0	""	""	""	""	""	""	""	""	""	""	""	""	""
3316	202326533,0	2023-11-09T00:00:00	07:58:00	COM VÍTIMA	FINALIZADA	IPUTINGA	EST DO BARBALHO	761	""	EM FRENTE AO DENTRAN	IPUTINGA	""	""	COLISÃO FRONTAL	1,0	1,0	0,0	0,0	0,0	0,0	0,0	0,0	0,0	1,0	0,0	""	""	""	""	""	""	""	""	""	""	""	""	""
3317	202326549,0	2023-11-09T00:00:00	10:05:00	COM VÍTIMA	FINALIZADA	IBURA	AV DOIS RIOS	""	""	EM FRENTE A ACADEMIA MOTIVE, PROX. AO POSTO BR	IBURA	""	""	COLISÃO LATERAL	0,0	1,0	0,0	0,0	0,0	0,0	0,0	0,0	0,0	1,0	0,0	""	""	""	""	""	""	""	""	""	""	""	""	""
3318	202326559,0	2023-11-09T00:00:00	10:56:00	COM VÍTIMA	FINALIZADA	BOA VISTA	AV CONDE DA BOA VISTA	""	RUA DA UNIAO	AO LADO DO BANCO ITAU	BOA VISTA	""	""	COLISÃO COM CICLISTA	1,0	0,0	0,0	1,0	0,0	0,0	0,0	0,0	0,0	2,0	0,0	""	""	""	""	""	""	""	""	""	""	""	""	""
3319	202326560,0	2023-11-09T00:00:00	11:02:00	COM VÍTIMA	FINALIZADA	BOA VIAGEM	AV CONSELHEIRO AGUIAR	1472	""	PROX A GALERIA TRADE CENTER /  PROX A PHARMAPELE E DROGASIL	BOA VIAGEM	""	""	COLISÃO	1,0	2,0	0,0	0,0	0,0	0,0	0,0	0,0	0,0	1,0	0,0	""	""	""	""	""	""	""	""	""	""	""	""	""
3320	202326576,0	2023-11-09T00:00:00	01:35:00	COM VÍTIMA	FINALIZADA	IBURA	RUA EMILIO MONTEIRO FONSECA	1532	""	AO ALADO DA ASSEMBLEIA DE DEUS	IBURA	""	""	COLISÃO LATERAL	1,0	1,0	0,0	0,0	0,0	0,0	0,0	0,0	0,0	1,0	0,0	""	""	""	""	""	""	""	""	""	""	""	""	""
3321	202326593,0	2023-11-09T00:00:00	04:20:00	COM VÍTIMA	DUPLICIDADE	AFOGADOS	RUA SAO MIGUEL	577	""	EM FRENTE AO PONTO DAS BATERIAS	AFOGADOS	""	""	COLISÃO COM CICLISTA	0,0	0,0	0,0	1,0	0,0	0,0	0,0	0,0	0,0	1,0	0,0	""	""	""	""	""	""	""	""	""	""	""	""	""
3322	202326594,0	2023-11-09T00:00:00	04:22:00	COM VÍTIMA	CANCELADA	0	AV NORTE MIGUEL ARRAES DE ALENCAR	9375	""	PADARIA DO ROSARINHO	0	""	""	COLISÃO LATERAL	0,0	0,0	0,0	0,0	0,0	0,0	0,0	0,0	0,0	1,0	0,0	""	""	""	""	""	""	""	""	""	""	""	""	""
3323	202326595,0	2023-11-09T00:00:00	04:38:00	COM VÍTIMA	FINALIZADA	AFOGADOS	RUA SAO MIGUEL	553	""	E/F A IGREJA DA FE DO BRASIL  VT  18 NO LOCAL	AFOGADOS	""	""	COLISÃO COM CICLISTA	0,0	0,0	0,0	1,0	0,0	0,0	0,0	0,0	0,0	1,0	0,0	""	""	""	""	""	""	""	""	""	""	""	""	""
3324	202326606,0	2023-11-09T00:00:00	05:15:00	COM VÍTIMA	FINALIZADA	SAO JOSE	RUA DO PEIXOTO	""	""	""	SAO JOSE	""	""	COLISÃO	0,0	0,0	0,0	0,0	0,0	0,0	0,0	0,0	0,0	1,0	0,0	""	""	""	""	""	""	""	""	""	""	""	""	""
3325	202326607,0	2023-11-09T00:00:00	05:36:00	COM VÍTIMA	FINALIZADA	VARZEA	RUA VISCONDE DE BARBACENA	""	RUA AGRICOLANDIA	PROX AO HOSPITAL HAPVIDA POR TRAS DA PRAÇA DE TAXI	VARZEA	""	""	COLISÃO LATERAL	1,0	1,0	0,0	0,0	0,0	0,0	0,0	0,0	0,0	1,0	0,0	""	""	""	""	""	""	""	""	""	""	""	""	""
3326	202326608,0	2023-11-09T00:00:00	05:52:00	COM VÍTIMA	FINALIZADA	ENGENHO DO MEIO	RUA ANTONIO CURADO	846	""	APÓS O PRESIDIO BOM PASTOR	ENGENHO DO MEIO	""	""	COLISÃO LATERAL	0,0	0,0	0,0	0,0	0,0	0,0	0,0	0,0	0,0	1,0	0,0	""	""	""	""	""	""	""	""	""	""	""	""	""
3327	202326610,0	2023-11-09T00:00:00	06:33:00	SEM VÍTIMA	FINALIZADA	SANTO ANTONIO	AV RIO CAPIBARIBE	""	""	EM CIMA DA PORTE DUARTE COELHO	SANTO ANTONIO	""	""	COLISÃO LATERAL	0,0	0,0	0,0	0,0	0,0	1,0	0,0	1,0	0,0	0,0	0,0	""	""	""	""	""	""	""	""	""	""	""	""	""
3328	202326612,0	2023-11-09T00:00:00	07:43:00	COM VÍTIMA	DUPLICIDADE	SANTO AMARO	RUA DOS PALMARES	""	RUA TREZE DE MAIO	""	SANTO AMARO	30,0	""	COLISÃO FRONTAL	0,0	0,0	0,0	0,0	0,0	0,0	0,0	0,0	0,0	1,0	0,0	""	""	""	""	""	""	""	""	""	""	""	""	""
3329	202326613,0	2023-11-09T00:00:00	07:53:00	COM VÍTIMA	FINALIZADA	SANTO AMARO	RUA DOS PALMARES	263	""	PRÓX. AO INSS	SANTO AMARO	""	""	COLISÃO	1,0	1,0	0,0	0,0	0,0	0,0	0,0	0,0	0,0	1,0	0,0	""	""	""	""	""	""	""	""	""	""	""	""	""
3330	202326615,0	2023-11-09T00:00:00	08:20:00	COM VÍTIMA	FINALIZADA	PINA	AV ENGENHEIRO DOMINGOS FERREIRA	1187	""	EM FRENTE AO POSTO SHELL	PINA	""	""	ATROPELAMENTO DE PESSOA	0,0	0,0	0,0	0,0	1,0	1,0	0,0	0,0	0,0	1,0	0,0	""	""	""	""	""	""	""	""	""	""	""	""	""
3331	202326625,0	2023-11-10T00:00:00	03:28:00	SEM VÍTIMA	FINALIZADA	BOA VIAGEM	RUA SA E SOUZA	""	RUA BARAO DE SOUZA LEAO	EM FRENTE À ESCOLA BRIGADEIRO EDUARDO GOMES	BOA VIAGEM	159,0	CIDADE	COLISÃO TRASEIRA	1,0	0,0	0,0	0,0	0,0	0,0	0,0	1,0	0,0	0,0	0,0	""	""	""	""	""	""	""	""	""	""	""	""	""
3332	202326645,0	2023-11-10T00:00:00	08:57:00	COM VÍTIMA	FINALIZADA	SANTO AMARO	AV GOVERNADOR AGAMENON MAGALHAES	""	""	EM FRENTE A FÁBRICA TACARUNA ( SENTIDO CIDADE )	SANTO AMARO	""	SUBURBIO	COLISÃO LATERAL	1,0	1,0	0,0	0,0	0,0	0,0	0,0	0,0	0,0	1,0	0,0	""	""	""	""	""	""	""	""	""	""	""	""	""
3333	202326676,0	2023-11-10T00:00:00	02:51:00	COM VÍTIMA	FINALIZADA	PARNAMIRIM	RUA SEBASTIAO ALVES	273	""	E/F AO  FAACA  BOTECO  E PARRILLA	PARNAMIRIM	""	""	COLISÃO FRONTAL	1,0	1,0	0,0	0,0	0,0	0,0	0,0	0,0	0,0	1,0	0,0	""	""	""	""	""	""	""	""	""	""	""	""	""