_id	Protocolo	data	hora	natureza	situacao	bairro	endereco	numero	detalhe_endereco_acidente	complemento	bairro_cruzamento	num_semaforo	sentido_via	tipo	auto	moto	ciclom	ciclista	pedestre	onibus	caminhao	viatura	outros	vitimas	vitimasfatais	acidente_verificado	tempo_clima	situacao_semaforo	sinalizacao	condicao_via	conservacao_via	ponto_controle	situacao_placa	velocidade_max_via	mao_direcao	divisao_via1	divisao_via2	divisao_via3
3403	202327213,0	2023-11-15T00:00:00	06:59:00	COM VÍTIMA	FINALIZADA	JARDIM SAO PAULO	RUA LEANDRO BARRETO	""	RUA LEOBINA PEREIRA	BEM NO CRUZAMENTO ONDE TEM A PIZZARIA DOS GEMEOS	JARDIM SAO PAULO	""	""	COLISÃO FRONTAL	1,0	1,0	0,0	0,0	0,0	0,0	0,0	0,0	0,0	1,0	0,0	""	""	""	""	""	""	""	""	""	""	""	""	""
3404	202327216,0	2023-11-15T00:00:00	07:45:00	COM VÍTIMA	FINALIZADA	IPSEP	AV RECIFE	""	""	SEMÁFORO 016 / PRÓX. DO NÚCLEO / ENTRADA DO IBURA	IPSEP	""	""	COLISÃO TRANSVERSAL	1,0	1,0	0,0	0,0	0,0	0,0	0,0	0,0	0,0	1,0	0,0	""	""	""	""	""	""	""	""	""	""	""	""	""
3405	202327242,0	2023-11-16T00:00:00	06:58:00	COM VÍTIMA	FINALIZADA	PASSARINHO	RUA ANDORINHA	""	RUA PATATIVA	NA SUBDA DO ALTO SA BONDADE	PASSARINHO	""	""	COLISÃO LATERAL	0,0	1,0	0,0	0,0	0,0	0,0	0,0	0,0	0,0	1,0	0,0	""	""	""	""	""	""	""	""	""	""	""	""	""
3406	202327247,0	2023-11-16T00:00:00	07:35:00	COM VÍTIMA	FINALIZADA	BOA VIAGEM	RUA PROFESSOR JOAO MEDEIROS	139	""	PROX. A LOJA PETZ	BOA VIAGEM	""	""	COLISÃO TRASEIRA	1,0	1,0	0,0	0,0	0,0	0,0	0,0	0,0	0,0	1,0	0,0	""	""	""	""	""	""	""	""	""	""	""	""	""
3407	202327250,0	2023-11-16T00:00:00	07:58:00	COM VÍTIMA	FINALIZADA	ESPINHEIRO	RUA QUARENTA E OITO	531	RUA CONS PORTELA	PROX A PAG MENOS	ESPINHEIRO	""	""	COLISÃO	0,0	1,0	0,0	0,0	0,0	1,0	0,0	0,0	0,0	1,0	0,0	""	""	""	""	""	""	""	""	""	""	""	""	""
3408	202327257,0	2023-11-16T00:00:00	09:19:00	SEM VÍTIMA	FINALIZADA	MORRO DA CONCEICAO	COR DO BARTOLOMEU	257	""	EM FRENTE A ALEX CAR	MORRO DA CONCEICAO	""	CIDADE	COLISÃO TRASEIRA	2,0	0,0	0,0	0,0	0,0	0,0	0,0	0,0	0,0	0,0	0,0	""	""	""	""	""	""	""	""	""	""	""	""	""
3409	202327261,0	2023-11-16T00:00:00	09:36:00	COM VÍTIMA	CANCELADA	SAO JOSE	RUA IMPERIAL	""	""	EM FRENTE AO RECIFE GÁS  / ANTES DA PONTE E PROX A EMPRESA ALIMONDA	SAO JOSE	""	""	COLISÃO	0,0	1,0	0,0	0,0	0,0	0,0	0,0	0,0	0,0	1,0	0,0	""	""	""	""	""	""	""	""	""	""	""	""	""
3410	202327266,0	2023-11-16T00:00:00	10:58:00	COM VÍTIMA	FINALIZADA	BARRO	AV DR JOSE RUFINO	""	""	NO SEMAFORO 208, EM FRENTE AO EXERCITO BRASILEIRO	BARRO	""	""	COLISÃO LATERAL	1,0	0,0	0,0	0,0	0,0	0,0	1,0	0,0	0,0	2,0	0,0	""	""	""	""	""	""	""	""	""	""	""	""	""
3411	202327275,0	2023-11-16T00:00:00	01:08:00	SEM VÍTIMA	FINALIZADA	SANTO AMARO	AV JOAO DE BARROS	805	""	GASTRO  PE	SANTO AMARO	""	CIDADE	COLISÃO TRASEIRA	3,0	0,0	0,0	0,0	0,0	0,0	0,0	0,0	0,0	0,0	0,0	""	""	""	""	""	""	""	""	""	""	""	""	""
3412	202327277,0	2023-11-16T00:00:00	01:38:00	SEM VÍTIMA	DUPLICIDADE	ESPINHEIRO	AV JOAO DE BARROS	819	""	PRÓXIMO AO SANTANDER	ESPINHEIRO	""	""	COLISÃO LATERAL	0,0	0,0	0,0	0,0	0,0	0,0	0,0	0,0	0,0	0,0	0,0	""	""	""	""	""	""	""	""	""	""	""	""	""
3413	202327285,0	2023-11-16T00:00:00	03:02:00	SEM VÍTIMA	FINALIZADA	NOVA DESCOBERTA	ALT DO OLHO D'AGUA	""	""	NA SUBIDA DA DANTAS  PROX AO LARGO DONA REGINA	NOVA DESCOBERTA	""	""	COLISÃO FRONTAL	0,0	1,0	0,0	0,0	0,0	0,0	0,0	1,0	0,0	0,0	0,0	""	""	""	""	""	""	""	""	""	""	""	""	""
3414	202327286,0	2023-11-16T00:00:00	03:15:00	COM VÍTIMA	FINALIZADA	BONGI	AV ENGENHEIRO ABDIAS DE CARVALHO	1701	""	NA FRENTE DO POSTO DE GASOLINA DA BR	BONGI	""	""	COLISÃO	0,0	1,0	0,0	0,0	0,0	0,0	0,0	0,0	0,0	1,0	0,0	""	""	""	""	""	""	""	""	""	""	""	""	""
3415	202327296,0	2023-11-16T00:00:00	05:03:00	COM VÍTIMA	FINALIZADA	AFOGADOS	RUA ERNESTO CAVALCANTI	16	""	RUA E/F AO CLUBE ATLETICO	AFOGADOS	""	""	COLISÃO FRONTAL	1,0	1,0	0,0	0,0	0,0	0,0	0,0	0,0	0,0	1,0	0,0	""	""	""	""	""	""	""	""	""	""	""	""	""
3416	202327300,0	2023-11-16T00:00:00	05:37:00	COM VÍTIMA	FINALIZADA	TORROES	AV ENGENHEIRO ABDIAS DE CARVALHO	""	""	YOKI	TORROES	""	""	COLISÃO TRASEIRA	2,0	1,0	0,0	0,0	0,0	0,0	0,0	0,0	0,0	1,0	0,0	""	""	""	""	""	""	""	""	""	""	""	""	""
3417	202327317,0	2023-11-16T00:00:00	08:12:00	COM VÍTIMA	FINALIZADA	SANTO AMARO	AV GOVERNADOR AGAMENON MAGALHAES	""	""	EM FRENTE A UPE, NO SENTIDO BOA VIAGEM	SANTO AMARO	""	""	COLISÃO TRASEIRA	1,0	1,0	0,0	0,0	0,0	0,0	0,0	0,0	0,0	1,0	0,0	""	""	""	""	""	""	""	""	""	""	""	""	""
3418	202327320,0	2023-11-16T00:00:00	08:37:00	COM VÍTIMA	FINALIZADA	IBURA	AV DOIS RIOS	74	""	EM FRENTE AO POSTO BR	IBURA	""	""	COLISÃO FRONTAL	1,0	2,0	0,0	0,0	0,0	0,0	0,0	0,0	0,0	2,0	0,0	""	""	""	""	""	""	""	""	""	""	""	""	""
3419	202327321,0	2023-11-16T00:00:00	08:49:00	COM VÍTIMA	FINALIZADA	GUABIRABA	AV DA RECUPERACAO	""	""	PROX AO RESTAURANTE DO LAU , APÓS A UPINHA DA GUABIRABA	GUABIRABA	""	""	COLISÃO TRASEIRA	1,0	1,0	0,0	0,0	0,0	0,0	0,0	0,0	0,0	1,0	0,0	""	""	""	""	""	""	""	""	""	""	""	""	""
3420	202327341,0	2023-11-17T00:00:00	06:44:00	COM VÍTIMA	FINALIZADA	IPSEP	AV RECIFE	2528	""	EM FRENTE AVANT MULTIMARCAS	IPSEP	""	""	COLISÃO TRASEIRA	1,0	1,0	0,0	0,0	0,0	0,0	0,0	0,0	0,0	1,0	0,0	""	""	""	""	""	""	""	""	""	""	""	""	""
3421	202327360,0	2023-11-17T00:00:00	09:33:00	COM VÍTIMA	FINALIZADA	SANTO AMARO	AV DR JAYME DA FONTE	""	""	EM TODA SUA ESTENÇÃO	SANTO AMARO	""	""	TOMBAMENTO	0,0	0,0	0,0	0,0	0,0	0,0	0,0	0,0	0,0	1,0	0,0	""	""	""	""	""	""	""	""	""	""	""	""	""
3422	202327368,0	2023-11-17T00:00:00	11:43:00	SEM VÍTIMA	FINALIZADA	ESPINHEIRO	RUA AFONSO BATISTA	201	""	PROX AO HAPVIDA	ESPINHEIRO	""	""	COLISÃO	2,0	0,0	0,0	0,0	0,0	0,0	0,0	0,0	0,0	0,0	0,0	""	""	""	""	""	""	""	""	""	""	""	""	""
3423	202327378,0	2023-11-17T00:00:00	12:49:00	SEM VÍTIMA	FINALIZADA	AFLITOS	RUA SAMUEL CAMPELO	328	""	PROX A  ENTRADA DO CLUBE NAUTICO E/F AO EDF PARCK HOME	AFLITOS	""	""	COLISÃO FRONTAL	1,0	0,0	0,0	0,0	0,0	0,0	0,0	1,0	0,0	0,0	0,0	""	""	""	""	""	""	""	""	""	""	""	""	""
3424	202327390,0	2023-11-17T00:00:00	02:42:00	COM VÍTIMA	FINALIZADA	SANTO AMARO	AV CRUZ CABUGA	""	""	NA FRENTE DO SHOPPING TACARUNA E PROX AO HCP	SANTO AMARO	""	""	COLISÃO	0,0	1,0	0,0	0,0	0,0	0,0	0,0	0,0	0,0	1,0	0,0	""	""	""	""	""	""	""	""	""	""	""	""	""
3425	202327395,0	2023-11-17T00:00:00	03:20:00	COM VÍTIMA	FINALIZADA	AREIAS	AV DR JOSE RUFINO	810	""	EM FRENTE A LR SERVICE E BRINK KIDS	AREIAS	""	""	COLISÃO LATERAL	1,0	1,0	0,0	0,0	0,0	0,0	0,0	0,0	0,0	2,0	0,0	""	""	""	""	""	""	""	""	""	""	""	""	""
3426	202327410,0	2023-11-17T00:00:00	05:28:00	COM VÍTIMA	FINALIZADA	MADALENA	AV VISCONDE DE ALBUQUERQUE	300	""	MADALENA CENTER	MADALENA	""	""	COLISÃO LATERAL	1,0	1,0	0,0	0,0	0,0	0,0	0,0	0,0	0,0	1,0	0,0	""	""	""	""	""	""	""	""	""	""	""	""	""
3427	202327411,0	2023-11-17T00:00:00	05:35:00	COM VÍTIMA	FINALIZADA	PAISSANDU	RUA PAISSANDU	178	""	""	PAISSANDU	""	""	COLISÃO	1,0	0,0	0,0	0,0	0,0	0,0	0,0	0,0	0,0	1,0	0,0	""	""	""	""	""	""	""	""	""	""	""	""	""
3428	202327412,0	2023-11-17T00:00:00	06:19:00	COM VÍTIMA	FINALIZADA	PAISSANDU	RUA PAISSANDU	714	""	DE FRENTE AO HOSPITAL SÃO MARCOS	PAISSANDU	""	""	COLISÃO FRONTAL	1,0	1,0	0,0	0,0	0,0	0,0	0,0	0,0	0,0	1,0	0,0	""	""	""	""	""	""	""	""	""	""	""	""	""
3429	202327415,0	2023-11-17T00:00:00	06:41:00	SEM VÍTIMA	FINALIZADA	IPSEP	RUA JEAN EMILE FAVRE	""	""	EM FRENTE A FACULDADE DE BOA VIAGEM	IPSEP	""	""	COLISÃO FRONTAL	3,0	0,0	0,0	0,0	0,0	0,0	0,0	0,0	0,0	0,0	0,0	""	""	""	""	""	""	""	""	""	""	""	""	""
3430	202327424,0	2023-11-17T00:00:00	09:01:00	SEM VÍTIMA	FINALIZADA	SAO JOSE	AV SUL	""	""	ANTIGO MOTEL CRISTAL	SAO JOSE	""	""	COLISÃO	1,0	0,0	0,0	0,0	0,0	0,0	0,0	1,0	0,0	0,0	0,0	""	""	""	""	""	""	""	""	""	""	""	""	""
3431	202327425,0	2023-11-17T00:00:00	09:28:00	SEM VÍTIMA	FINALIZADA	CORDEIRO	RUA BRASILANDIA	""	RUA GREGORIO JUNIOR	""	CORDEIRO	""	""	COLISÃO	2,0	0,0	0,0	0,0	0,0	0,0	0,0	0,0	0,0	0,0	0,0	""	""	""	""	""	""	""	""	""	""	""	""	""
3432	202327426,0	2023-11-17T00:00:00	10:11:00	COM VÍTIMA	FINALIZADA	BONGI	AV ENGENHEIRO ABDIAS DE CARVALHO	""	""	NOVO ATACAREJO	BONGI	""	""	COLISÃO	1,0	1,0	0,0	0,0	0,0	0,0	0,0	0,0	0,0	1,0	0,0	""	""	""	""	""	""	""	""	""	""	""	""	""
3433	202327446,0	2023-11-18T00:00:00	07:18:00	COM VÍTIMA	FINALIZADA	SANTO AMARO	RUA DOS PALMARES	""	""	APOS O  PROCAPE EM FRENTE AO LABORATORIO FRANCISCO JULIÃO	SANTO AMARO	""	""	COLISÃO FRONTAL	1,0	1,0	0,0	0,0	0,0	0,0	0,0	0,0	0,0	2,0	0,0	""	""	""	""	""	""	""	""	""	""	""	""	""
3434	202327449,0	2023-11-18T00:00:00	07:28:00	COM VÍTIMA	FINALIZADA	IMBIRIBEIRA	AV MARECHAL MASCARENHAS DE MORAES	""	""	EM FRENTE A JACAUNA, AO LADO DO ASSAI	IMBIRIBEIRA	""	""	COLISÃO	1,0	1,0	0,0	0,0	0,0	0,0	0,0	0,0	0,0	1,0	0,0	""	""	""	""	""	""	""	""	""	""	""	""	""
3435	202327454,0	2023-11-18T00:00:00	08:31:00	COM VÍTIMA	FINALIZADA	TAMARINEIRA	RUA CONEGO BARATA	537	""	NO CRUZAMENTO DA AV NORTE	TAMARINEIRA	""	""	COLISÃO	0,0	1,0	0,0	0,0	0,0	0,0	0,0	0,0	0,0	1,0	0,0	""	""	""	""	""	""	""	""	""	""	""	""	""
3436	202327473,0	2023-11-18T00:00:00	01:28:00	COM VÍTIMA	FINALIZADA	CORDEIRO	RUA MARAVILHA	31	""	CAPELINHA SANTO ANTONIO	CORDEIRO	""	""	COLISÃO LATERAL	1,0	1,0	0,0	0,0	0,0	0,0	0,0	0,0	0,0	1,0	0,0	""	""	""	""	""	""	""	""	""	""	""	""	""
3437	202327501,0	2023-11-18T00:00:00	07:57:00	COM VÍTIMA	CANCELADA	CAXANGA	AV CAXANGA	9418	""	PRÓXIMO AO SUPERMERCADO SOBERANO E A CASA DA TINTAS	CAXANGA	""	""	COLISÃO	1,0	1,0	0,0	0,0	0,0	0,0	0,0	0,0	0,0	1,0	0,0	""	""	""	""	""	""	""	""	""	""	""	""	""
3438	202327502,0	2023-11-18T00:00:00	08:19:00	SEM VÍTIMA	CANCELADA	AREIAS	RUA CAPITAO MANUEL DE AGUIAR	192	""	PRÓXIMO A  PRAÇA MERCIA DE ALBUQUERQUE	AREIAS	""	""	COLISÃO TRASEIRA	2,0	0,0	0,0	0,0	0,0	0,0	0,0	0,0	0,0	0,0	0,0	""	""	""	""	""	""	""	""	""	""	""	""	""
3439	202327506,0	2023-11-18T00:00:00	11:37:00	COM VÍTIMA	FINALIZADA	CORDEIRO	EST DO FORTE DO ARRAIAL N. DO B. JESUS	555	""	EM FRENTE AO ESPAÇO VIDA	CORDEIRO	""	""	COLISÃO LATERAL	1,0	1,0	0,0	0,0	0,0	0,0	0,0	0,0	0,0	1,0	0,0	""	""	""	""	""	""	""	""	""	""	""	""	""
3440	202327507,0	2023-11-19T00:00:00	12:08:00	COM VÍTIMA	FINALIZADA	TORRE	RUA JOSE BONIFACIO	""	""	PRÓXIMO AO EDELSOM CABELELEIRO	TORRE	""	""	COLISÃO LATERAL	2,0	0,0	0,0	0,0	0,0	0,0	0,0	0,0	0,0	1,0	0,0	""	""	""	""	""	""	""	""	""	""	""	""	""
3441	202327523,0	2023-11-19T00:00:00	07:15:00	COM VÍTIMA	FINALIZADA	MACAXEIRA	AV NORTE MIGUEL ARRAES DE ALENCAR	""	""	PROX. A ESCOLA NADIR COLAÇO SENT. MACAXEIRA	MACAXEIRA	""	""	COLISÃO LATERAL	0,0	1,0	0,0	0,0	0,0	0,0	0,0	0,0	0,0	1,0	0,0	""	""	""	""	""	""	""	""	""	""	""	""	""
3442	202327528,0	2023-11-19T00:00:00	07:59:00	COM VÍTIMA	FINALIZADA	PASSARINHO	EST DE PASSARINHO	""	""	TERMINAL COMPLEMENTAR/ DOIS UNIDOS	PASSARINHO	""	""	ATROPELAMENTO DE PESSOA	0,0	1,0	0,0	0,0	1,0	0,0	0,0	0,0	0,0	2,0	0,0	""	""	""	""	""	""	""	""	""	""	""	""	""
3443	202327529,0	2023-11-19T00:00:00	08:01:00	COM VÍTIMA	FINALIZADA	AFOGADOS	RUA SAO MIGUEL	727	""	EM FRENTE A IGREJA BATISTA DE AFOGADOS	AFOGADOS	""	""	COLISÃO LATERAL	1,0	1,0	0,0	0,0	0,0	0,0	0,0	0,0	0,0	2,0	0,0	""	""	""	""	""	""	""	""	""	""	""	""	""
3444	202327538,0	2023-11-19T00:00:00	11:38:00	COM VÍTIMA	FINALIZADA	BOA VIAGEM	AV VINTE DE JANEIRO	""	""	APOS A ESTAÇÃO AEROPORTO	BOA VIAGEM	""	""	COLISÃO LATERAL	1,0	1,0	0,0	0,0	0,0	0,0	0,0	0,0	0,0	2,0	0,0	""	""	""	""	""	""	""	""	""	""	""	""	""
3445	202327557,0	2023-11-19T00:00:00	03:33:00	COM VÍTIMA	FINALIZADA	CAMPO GRANDE	AV. LUÍS CORRÊA DE BRITO	""	""	DEPOIS DO MERCADO DO SITIO NOVO / EM FRENTE A BANCA DE BICHO SONHO REAL	CAMPO GRANDE	""	""	COLISÃO	0,0	1,0	0,0	0,0	0,0	0,0	0,0	0,0	0,0	1,0	0,0	""	""	""	""	""	""	""	""	""	""	""	""	""
3446	202327559,0	2023-11-19T00:00:00	04:03:00	COM VÍTIMA	FINALIZADA	VASCO DA GAMA	RUA GRIJALVA COSTA	9	""	EM FRENTE A UPINHA DOM HELDER CAMERA	VASCO DA GAMA	""	""	COLISÃO	0,0	1,0	0,0	0,0	0,0	0,0	0,0	0,0	0,0	1,0	0,0	""	""	""	""	""	""	""	""	""	""	""	""	""
3447	202327561,0	2023-11-19T00:00:00	04:52:00	COM VÍTIMA	FINALIZADA	NOVA DESCOBERTA	RUA NOVA DESCOBERTA	1833	""	PROX AO BUTECO TOP / EM FRENTE A IGREJA UNIVERSAL	NOVA DESCOBERTA	""	""	COLISÃO	0,0	1,0	0,0	0,0	0,0	1,0	0,0	0,0	0,0	1,0	0,0	""	""	""	""	""	""	""	""	""	""	""	""	""
3448	202327570,0	2023-11-19T00:00:00	05:48:00	COM VÍTIMA	FINALIZADA	BARRO	RUA POETA APRENDIZ	""	""	PROX AO MERCADINHO BOA OPÇÃO	BARRO	""	""	COLISÃO	0,0	1,0	0,0	0,0	0,0	0,0	0,0	0,0	0,0	1,0	0,0	""	""	""	""	""	""	""	""	""	""	""	""	""
3449	202327575,0	2023-11-19T00:00:00	07:27:00	COM VÍTIMA	FINALIZADA	IBURA	AV JORNALISTA COSTA PORTO	""	""	EM FRENTE A COMPESA	IBURA	""	""	COLISÃO FRONTAL	0,0	3,0	0,0	0,0	0,0	0,0	0,0	0,0	0,0	2,0	0,0	""	""	""	""	""	""	""	""	""	""	""	""	""
3450	202327595,0	2023-11-20T00:00:00	06:42:00	COM VÍTIMA	FINALIZADA	SAO JOSE	AV SUL	""	""	EM FRENTE A MINEIRO RODAS	SAO JOSE	""	""	QUEDA	0,0	1,0	0,0	0,0	0,0	0,0	0,0	0,0	0,0	1,0	0,0	""	""	""	""	""	""	""	""	""	""	""	""	""
3451	202327600,0	2023-11-20T00:00:00	07:23:00	COM VÍTIMA	FINALIZADA	PRADO	AV ENGENHEIRO ABDIAS DE CARVALHO	""	""	PROX A FARMACIA PAGUE MENOS SENTIDO ILHA DO RETIRO	PRADO	""	""	COLISÃO	0,0	1,0	0,0	0,0	0,0	0,0	0,0	0,0	0,0	1,0	0,0	""	""	""	""	""	""	""	""	""	""	""	""	""
3452	202327603,0	2023-11-20T00:00:00	07:35:00	SEM VÍTIMA	FINALIZADA	TORROES	AV ENGENHEIRO ABDIAS DE CARVALHO	""	""	APOS O POSTO SHELL, SENT. CIDADE	TORROES	""	""	COLISÃO TRASEIRA	0,0	1,0	0,0	0,0	0,0	0,0	0,0	1,0	0,0	0,0	0,0	""	""	""	""	""	""	""	""	""	""	""	""	""
3453	202327604,0	2023-11-20T00:00:00	07:48:00	COM VÍTIMA	FINALIZADA	CORDEIRO	AV INACIO MONTEIRO	""	""	EM FRENTE AO COLEGIO ALBERT SABIN, PROX. A CONCESSIONARIA BOX CAR	CORDEIRO	""	""	COLISÃO LATERAL	1,0	1,0	0,0	0,0	0,0	0,0	0,0	0,0	0,0	1,0	0,0	""	""	""	""	""	""	""	""	""	""	""	""	""
3454	202327609,0	2023-11-20T00:00:00	08:06:00	COM VÍTIMA	FINALIZADA	CAMPO GRANDE	AV CORREIA DE BRITO	2125	""	NA FRENTE DO POSTO DE GASOLINA SANTA MARIA	CAMPO GRANDE	""	""	COLISÃO	0,0	1,0	0,0	0,0	0,0	0,0	1,0	0,0	0,0	1,0	0,0	""	""	""	""	""	""	""	""	""	""	""	""	""
3455	202327635,0	2023-11-20T00:00:00	10:55:00	COM VÍTIMA	FINALIZADA	ILHA JOANA BEZERRA	AV BEIRA RIO	2112	""	AO LADO DO FÓRUM DE JOANA BEZERRA	ILHA JOANA BEZERRA	""	""	ATROPELAMENTO DE PESSOA	0,0	1,0	0,0	0,0	1,0	0,0	0,0	0,0	0,0	1,0	0,0	""	""	""	""	""	""	""	""	""	""	""	""	""
3456	202327636,0	2023-11-20T00:00:00	11:00:00	COM VÍTIMA	FINALIZADA	VASCO DA GAMA	RUA PLANALTO	""	""	NO ALTO NOSSA SENHORA DE FATIMA, PROX. A RUA DOIS	VASCO DA GAMA	""	""	COLISÃO LATERAL	0,0	1,0	0,0	0,0	0,0	0,0	0,0	0,0	0,0	1,0	0,0	""	""	""	""	""	""	""	""	""	""	""	""	""
3457	202327642,0	2023-11-20T00:00:00	11:51:00	COM VÍTIMA	FINALIZADA	CORDEIRO	RUA MARIA QUITERIA	""	""	PROX AO RECIFE AUTO E PARQUE DA EXPOSIÇÃO DE ANIMAIS	CORDEIRO	""	""	COLISÃO	0,0	1,0	0,0	0,0	0,0	0,0	0,0	0,0	0,0	1,0	0,0	""	""	""	""	""	""	""	""	""	""	""	""	""
3458	202327644,0	2023-11-20T00:00:00	11:57:00	COM VÍTIMA	FINALIZADA	ESTANCIA	AV RECIFE	""	""	EM FRENTE AO ATACADÃO DA AV RECIFE	ESTANCIA	""	""	COLISÃO	0,0	1,0	0,0	0,0	0,0	0,0	0,0	0,0	0,0	1,0	0,0	""	""	""	""	""	""	""	""	""	""	""	""	""
3459	202327645,0	2023-11-20T00:00:00	12:03:00	COM VÍTIMA	FINALIZADA	TORRE	RUA ZILDA S DE SANTANA	""	""	PROX AO CAMPO DO BUERÃO / PROX A PRAÇA DA TORRE	TORRE	""	""	ATROPELAMENTO DE PESSOA	1,0	0,0	0,0	0,0	1,0	0,0	0,0	0,0	0,0	1,0	0,0	""	""	""	""	""	""	""	""	""	""	""	""	""
3460	202327652,0	2023-11-20T00:00:00	01:49:00	COM VÍTIMA	FINALIZADA	DERBY	AV GOVERNADOR AGAMENON MAGALHAES	""	""	PROXIMO A FARMACIA PAGUE MENOS	DERBY	""	""	COLISÃO TRASEIRA	1,0	1,0	0,0	0,0	0,0	0,0	0,0	0,0	0,0	1,0	0,0	""	""	""	""	""	""	""	""	""	""	""	""	""
3461	202327653,0	2023-11-20T00:00:00	01:54:00	COM VÍTIMA	CANCELADA	VARZEA	RUA GENERAL POLIDORO	462	""	MERCADINHO BARATEIRO / FARMACIA ESPERANÇA	VARZEA	""	""	COLISÃO LATERAL	1,0	1,0	0,0	0,0	0,0	0,0	0,0	0,0	0,0	1,0	0,0	""	""	""	""	""	""	""	""	""	""	""	""	""
3462	202327656,0	2023-11-20T00:00:00	02:57:00	COM VÍTIMA	FINALIZADA	SANTO AMARO	AV GOVERNADOR AGAMENON MAGALHAES	5708	""	SHOPPING TACARUNA	SANTO AMARO	""	""	COLISÃO LATERAL	0,0	1,0	0,0	0,0	0,0	0,0	0,0	0,0	0,0	1,0	0,0	""	""	""	""	""	""	""	""	""	""	""	""	""
3463	202327660,0	2023-11-20T00:00:00	03:35:00	COM VÍTIMA	FINALIZADA	JOANA BEZERRA	AV BEIRA RIO	3537	""	AO LADO DO FORUM /  PROXIMO A AACD	JOANA BEZERRA	""	""	COLISÃO TRASEIRA	1,0	1,0	0,0	0,0	0,0	0,0	0,0	0,0	0,0	2,0	0,0	""	""	""	""	""	""	""	""	""	""	""	""	""
3464	202327668,0	2023-11-20T00:00:00	05:32:00	COM VÍTIMA	FINALIZADA	FUNDAO	AV BEBERIBE	""	""	EM FRENTE A PADARIA SUBLIME PÃO	FUNDAO	307,0	""	COLISÃO LATERAL	1,0	1,0	0,0	0,0	0,0	0,0	0,0	0,0	0,0	1,0	0,0	""	""	""	""	""	""	""	""	""	""	""	""	""
3465	202327672,0	2023-11-20T00:00:00	06:33:00	COM VÍTIMA	FINALIZADA	SANCHO	RUA APRIGIO GUIMARAES	697	""	HOSPITAL OTÁVIO DE FREITAS	SANCHO	""	""	COLISÃO LATERAL	1,0	1,0	0,0	0,0	0,0	0,0	0,0	0,0	0,0	1,0	0,0	""	""	""	""	""	""	""	""	""	""	""	""	""
3466	202327682,0	2023-11-20T00:00:00	08:25:00	COM VÍTIMA	CANCELADA	PINA	RUA TOME GIBSON	""	""	PRÓXIMO A PADARIA MIRAMAR	PINA	""	""	COLISÃO LATERAL	1,0	1,0	0,0	0,0	0,0	0,0	0,0	0,0	0,0	1,0	0,0	""	""	""	""	""	""	""	""	""	""	""	""	""
3467	202327701,0	2023-11-21T00:00:00	07:10:00	COM VÍTIMA	FINALIZADA	BONGI	AV ENGENHEIRO ABDIAS DE CARVALHO	""	""	EM FRENTE AO COMPAZ E CHESF	BONGI	""	""	COLISÃO	0,0	1,0	0,0	0,0	0,0	0,0	0,0	0,0	0,0	1,0	0,0	""	""	""	""	""	""	""	""	""	""	""	""	""
3468	202327704,0	2023-11-21T00:00:00	07:24:00	COM VÍTIMA	FINALIZADA	ILHA DO RETIRO	AV ENGENHEIRO ABDIAS DE CARVALHO	714	""	EM FRENTE AO POSTO SHELL	ILHA DO RETIRO	""	""	COLISÃO	1,0	1,0	0,0	0,0	0,0	0,0	0,0	0,0	0,0	1,0	0,0	""	""	""	""	""	""	""	""	""	""	""	""	""
3469	202327712,0	2023-11-21T00:00:00	08:43:00	COM VÍTIMA	FINALIZADA	BONGI	AV CONSUL VILARES FRAGOSO	""	""	PROX A CAVALERIA / PROX A SECRETARIA ESTADUAL DE SAUDE	BONGI	""	""	COLISÃO	0,0	1,0	0,0	0,0	0,0	0,0	0,0	0,0	0,0	1,0	0,0	""	""	""	""	""	""	""	""	""	""	""	""	""
3470	202327715,0	2023-11-21T00:00:00	09:30:00	COM VÍTIMA	FINALIZADA	ESPINHEIRO	RUA CONS PORTELA	210	""	EM FRENTE AO CREMEPE	ESPINHEIRO	""	""	COLISÃO TRASEIRA	1,0	1,0	0,0	0,0	0,0	0,0	0,0	0,0	0,0	1,0	0,0	""	""	""	""	""	""	""	""	""	""	""	""	""
3471	202327718,0	2023-11-21T00:00:00	09:47:00	COM VÍTIMA	FINALIZADA	SANTO ANTONIO	RUA FLORIANO PEIXOTO	""	""	PROX A CASA DA CULTURA  E DA HONDA MOTO	SANTO ANTONIO	""	""	COLISÃO	0,0	1,0	0,0	0,0	0,0	0,0	0,0	0,0	0,0	1,0	0,0	""	""	""	""	""	""	""	""	""	""	""	""	""
3472	202327722,0	2023-11-21T00:00:00	10:24:00	COM VÍTIMA	FINALIZADA	IPUTINGA	RUA MINISTRO JOAO ALBERTO	""	""	AO LADO DO SUPERMERCADO  ATACADÃO	IPUTINGA	""	""	COLISÃO	0,0	1,0	0,0	0,0	0,0	0,0	0,0	0,0	0,0	1,0	0,0	""	""	""	""	""	""	""	""	""	""	""	""	""
3473	202327725,0	2023-11-21T00:00:00	10:45:00	COM VÍTIMA	FINALIZADA	IMBIRIBEIRA	AV MARECHAL MASCARENHAS DE MORAES	""	""	LADO OPOSTO DA FLPOR E ART / SENTIDO PRAZERES	IMBIRIBEIRA	""	""	COLISÃO	0,0	1,0	0,0	0,0	0,0	0,0	0,0	0,0	0,0	1,0	0,0	""	""	""	""	""	""	""	""	""	""	""	""	""