_id	Protocolo	data	hora	natureza	situacao	bairro	endereco	numero	detalhe_endereco_acidente	complemento	bairro_cruzamento	num_semaforo	sentido_via	tipo	auto	moto	ciclom	ciclista	pedestre	onibus	caminhao	viatura	outros	vitimas	vitimasfatais	acidente_verificado	tempo_clima	situacao_semaforo	sinalizacao	condicao_via	conservacao_via	ponto_controle	situacao_placa	velocidade_max_via	mao_direcao	divisao_via1	divisao_via2	divisao_via3
3474	202327726,0	2023-11-21T00:00:00	10:52:00	COM VÍTIMA	DUPLICIDADE	ESPINHEIRO	RUA CONS PORTELA	""	""	EM FRENTE AO POSTO PETRONAC	ESPINHEIRO	""	""	COLISÃO LATERAL	0,0	1,0	0,0	0,0	0,0	0,0	0,0	0,0	0,0	1,0	0,0	""	""	""	""	""	""	""	""	""	""	""	""	""
3475	202327728,0	2023-11-21T00:00:00	11:25:00	COM VÍTIMA	FINALIZADA	CABANGA	VIADUTO CAPITAO TEMUDO	""	""	SENTIDO PINA / VIADUTO CAPITÃO TEMUDO	CABANGA	""	""	COLISÃO	0,0	1,0	0,0	0,0	0,0	0,0	0,0	0,0	0,0	1,0	0,0	""	""	""	""	""	""	""	""	""	""	""	""	""
3476	202327729,0	2023-11-21T00:00:00	11:37:00	COM VÍTIMA	FINALIZADA	BOA VIAGEM	AV MARECHAL JUAREZ TAVORA	""	""	EM FRENTE A FERREIRA PINTO NA BEIRA CANAL	BOA VIAGEM	""	""	COLISÃO LATERAL	0,0	1,0	0,0	0,0	0,0	0,0	0,0	0,0	0,0	1,0	0,0	""	""	""	""	""	""	""	""	""	""	""	""	""
3477	202327730,0	2023-11-21T00:00:00	11:53:00	COM VÍTIMA	FINALIZADA	NOVA DESCOBERTA	RUA CORREGO DO JOAQUIM	""	""	PROX AO TERMINAL DO CORREGO DO JOAQUIM / IGREJA  ASSEMBLEIA DE DEUS	NOVA DESCOBERTA	""	""	COLISÃO	0,0	1,0	0,0	0,0	0,0	0,0	0,0	0,0	0,0	1,0	0,0	""	""	""	""	""	""	""	""	""	""	""	""	""
3478	202327732,0	2023-11-21T00:00:00	12:06:00	COM VÍTIMA	FINALIZADA	CASA AMARELA	AV NORTE MIGUEL ARRAES DE ALENCAR	""	""	EM FRENTE A IGREJA DO AMOR / PROX A HONDA MOTOS	CASA AMARELA	""	""	COLISÃO	0,0	1,0	0,0	0,0	0,0	0,0	0,0	0,0	0,0	1,0	0,0	""	""	""	""	""	""	""	""	""	""	""	""	""
3479	202327737,0	2023-11-21T00:00:00	01:15:00	COM VÍTIMA	FINALIZADA	MADALENA	RUA JOSE BONIFACIO	""	RUA DEMOSTENES DE OLINDA	""	MADALENA	""	""	COLISÃO	0,0	0,0	0,0	0,0	0,0	0,0	0,0	0,0	0,0	1,0	0,0	""	""	""	""	""	""	""	""	""	""	""	""	""
3480	202327739,0	2023-11-21T00:00:00	01:19:00	COM VÍTIMA	FINALIZADA	CAXANGA	AV CAXANGA	8880	""	PROXIMO A UPA DA CAXANGA	CAXANGA	""	""	COLISÃO	0,0	1,0	0,0	0,0	0,0	0,0	0,0	0,0	0,0	1,0	0,0	""	""	""	""	""	""	""	""	""	""	""	""	""
3481	202327749,0	2023-11-21T00:00:00	02:36:00	COM VÍTIMA	FINALIZADA	VASCO DA GAMA	AV NORTE MIGUEL ARRAES DE ALENCAR	""	""	E/F AO SESI  S/T SUB	VASCO DA GAMA	""	""	COLISÃO LATERAL	1,0	1,0	0,0	0,0	0,0	0,0	0,0	0,0	0,0	1,0	0,0	""	""	""	""	""	""	""	""	""	""	""	""	""
3482	202327751,0	2023-11-21T00:00:00	02:47:00	COM VÍTIMA	FINALIZADA	IMBIRIBEIRA	AV MARECHAL MASCARENHAS DE MORAES	1967	""	E/F  JAC  MOTORS RECIFE S/T A FOGADOS	IMBIRIBEIRA	""	""	COLISÃO TRASEIRA	1,0	1,0	0,0	0,0	0,0	0,0	0,0	0,0	0,0	1,0	0,0	""	""	""	""	""	""	""	""	""	""	""	""	""
3483	202327758,0	2023-11-21T00:00:00	04:08:00	COM VÍTIMA	FINALIZADA	AGUA FRIA	RUA SAO SEBASTIAO	510	""	POR TRÁS DA IGREJA UNIVERSAL	AGUA FRIA	""	""	COLISÃO LATERAL	2,0	1,0	0,0	0,0	0,0	0,0	0,0	0,0	0,0	1,0	0,0	""	""	""	""	""	""	""	""	""	""	""	""	""
3484	202327762,0	2023-11-21T00:00:00	04:55:00	COM VÍTIMA	FINALIZADA	BARRO	RUA AMADOR ARAUJO	135	""	PROX AO MEGA RAÇOES	BARRO	""	""	COLISÃO FRONTAL	1,0	1,0	0,0	0,0	0,0	0,0	0,0	0,0	0,0	1,0	0,0	""	""	""	""	""	""	""	""	""	""	""	""	""
3485	202327765,0	2023-11-21T00:00:00	06:08:00	COM VÍTIMA	FINALIZADA	ESTANCIA	AV RECIFE	205	""	MESTRE DAS BATERIAS	ESTANCIA	""	""	COLISÃO LATERAL	1,0	1,0	0,0	0,0	0,0	0,0	0,0	0,0	0,0	2,0	0,0	""	""	""	""	""	""	""	""	""	""	""	""	""
3486	202327766,0	2023-11-21T00:00:00	06:10:00	COM VÍTIMA	FINALIZADA	SAO JOSE	AV SUL	S/N	""	PROXIMO AO HOTEL LUA DE MEL	SAO JOSE	""	""	COLISÃO FRONTAL	0,0	0,0	0,0	1,0	0,0	1,0	0,0	0,0	0,0	1,0	0,0	""	""	""	""	""	""	""	""	""	""	""	""	""
3487	202327771,0	2023-11-21T00:00:00	07:35:00	COM VÍTIMA	FINALIZADA	ARRUDA	AV BEBERIBE	""	RUA DO TRIUNFO	PRÓX. O CANAL DA CONTRUÇÃO	ARRUDA	""	""	COLISÃO	1,0	1,0	0,0	0,0	0,0	0,0	0,0	0,0	0,0	1,0	0,0	""	""	""	""	""	""	""	""	""	""	""	""	""
3488	202327786,0	2023-11-22T00:00:00	07:11:00	COM VÍTIMA	FINALIZADA	BOA VIAGEM	AVENIDA CELSO FURTADO (VIA MANGUE)	""	""	ACESSO  VIADUTO DOM JOAO VI	BOA VIAGEM	""	""	COLISÃO LATERAL	1,0	1,0	0,0	0,0	0,0	0,0	0,0	0,0	0,0	1,0	0,0	""	""	""	""	""	""	""	""	""	""	""	""	""
3489	202327790,0	2023-11-22T00:00:00	07:25:00	COM VÍTIMA	FINALIZADA	SANTO AMARO	AV CRUZ CABUGA	""	""	EM FRENTE AO ARMAZEM CORAL / SENTIDO RECIFE	SANTO AMARO	""	""	COLISÃO	0,0	2,0	0,0	0,0	0,0	0,0	0,0	0,0	0,0	1,0	0,0	""	""	""	""	""	""	""	""	""	""	""	""	""
3490	202327791,0	2023-11-22T00:00:00	07:27:00	SEM VÍTIMA	FINALIZADA	BOA VIAGEM	AV ENGENHEIRO DOMINGOS FERREIRA	""	""	PROX A FARMÁCIA DROGASIL	BOA VIAGEM	""	""	COLISÃO	0,0	0,0	0,0	0,0	0,0	0,0	0,0	0,0	0,0	0,0	0,0	""	""	""	""	""	""	""	""	""	""	""	""	""
3491	202327796,0	2023-11-22T00:00:00	08:29:00	COM VÍTIMA	FINALIZADA	VARZEA	AV PROFESSOR ARTUR DE SA	""	""	EM FRENTE DA ENTRADA DA EMERGENCIA DO HOSPITAL DAS CLINICAS	VARZEA	""	""	COLISÃO	1,0	1,0	0,0	0,0	0,0	0,0	0,0	0,0	0,0	1,0	0,0	""	""	""	""	""	""	""	""	""	""	""	""	""
3492	202327803,0	2023-11-22T00:00:00	08:52:00	COM VÍTIMA	FINALIZADA	MANGABEIRA	AV NORTE MIGUEL ARRAES DE ALENCAR	4578	""	SEMAFORO 096	MANGABEIRA	""	""	COLISÃO LATERAL	1,0	1,0	0,0	0,0	0,0	0,0	0,0	0,0	0,0	2,0	0,0	""	""	""	""	""	""	""	""	""	""	""	""	""
3493	202327807,0	2023-11-22T00:00:00	09:00:00	COM VÍTIMA	FINALIZADA	AGUA FRIA	RUA ALEGRE	""	""	PROX AO MERCADO DO OLEO E O PET ALEGRE	AGUA FRIA	""	""	COLISÃO	0,0	1,0	0,0	0,0	0,0	0,0	0,0	0,0	0,0	1,0	0,0	""	""	""	""	""	""	""	""	""	""	""	""	""
3494	202327812,0	2023-11-22T00:00:00	09:10:00	COM VÍTIMA	FINALIZADA	NOVA DESCOBERTA	RUA NOVA DESCOBERTA	123A	""	PROX AO ATACAREJO	NOVA DESCOBERTA	""	""	COLISÃO LATERAL	0,0	2,0	0,0	0,0	0,0	0,0	0,0	0,0	0,0	1,0	0,0	""	""	""	""	""	""	""	""	""	""	""	""	""
3495	202327815,0	2023-11-22T00:00:00	09:34:00	COM VÍTIMA	FINALIZADA	AFOGADOS	RUA SAO MIGUEL	""	""	APOS O BODE DO NO // QUARTEL	AFOGADOS	""	""	COLISÃO LATERAL	0,0	1,0	0,0	0,0	0,0	0,0	0,0	0,0	0,0	1,0	0,0	""	""	""	""	""	""	""	""	""	""	""	""	""
3496	202327821,0	2023-11-22T00:00:00	10:09:00	COM VÍTIMA	FINALIZADA	BEBERIBE	AV BEBERIBE	""	""	NA PRAÇA DA CONVENÇÃO /  NA ESQUINA DO POSTO DE GASOLINA BR	BEBERIBE	""	""	COLISÃO	0,0	1,0	0,0	0,0	0,0	0,0	0,0	0,0	0,0	1,0	0,0	""	""	""	""	""	""	""	""	""	""	""	""	""
3497	202327822,0	2023-11-22T00:00:00	10:31:00	COM VÍTIMA	FINALIZADA	JARDIM SAO PAULO	AV RECIFE	5705	""	""	JARDIM SAO PAULO	""	""	COLISÃO	0,0	0,0	0,0	0,0	0,0	0,0	0,0	0,0	0,0	1,0	0,0	""	""	""	""	""	""	""	""	""	""	""	""	""
3498	202327825,0	2023-11-22T00:00:00	10:44:00	COM VÍTIMA	FINALIZADA	IMBIRIBEIRA	AV MARECHAL MASCARENHAS DE MORAES	2384	""	EM FRENTE A MADER CENTER, SENT. AEROPORTO	IMBIRIBEIRA	""	""	COLISÃO LATERAL	1,0	1,0	0,0	0,0	0,0	0,0	0,0	0,0	0,0	2,0	0,0	""	""	""	""	""	""	""	""	""	""	""	""	""
3499	202327859,0	2023-11-22T00:00:00	04:18:00	COM VÍTIMA	FINALIZADA	IPUTINGA	AV CAXANGA	4038	""	EM BAIXO DO VIADUTO, PROX AO POSTO BR	IPUTINGA	""	""	COLISÃO TRASEIRA	0,0	2,0	0,0	0,0	0,0	0,0	0,0	0,0	0,0	1,0	0,0	""	""	""	""	""	""	""	""	""	""	""	""	""
3500	202327861,0	2023-11-22T00:00:00	04:56:00	COM VÍTIMA	FINALIZADA	CORDEIRO	RUA GOMES TABORDA	1452	""	EM FRENTE AO SUPERMERCADO IDEAL MIX ATACAREJO	CORDEIRO	""	""	COLISÃO TRASEIRA	0,0	2,0	0,0	0,0	0,0	0,0	0,0	0,0	0,0	2,0	0,0	""	""	""	""	""	""	""	""	""	""	""	""	""
3501	202327881,0	2023-11-22T00:00:00	07:32:00	COM VÍTIMA	CANCELADA	AFOGADOS	RUA PADRE TEOFILO TWORZ	302	""	E/F LOJA TUPAN	AFOGADOS	""	""	COLISÃO	0,0	1,0	0,0	0,0	0,0	0,0	0,0	0,0	0,0	1,0	0,0	""	""	""	""	""	""	""	""	""	""	""	""	""
3502	202327885,0	2023-11-22T00:00:00	08:10:00	COM VÍTIMA	CANCELADA	BOA VIAGEM	RUA ERNESTO DE PAULA SANTOS	153	""	PRÓXIMO A LOJA IPUTINGA PRIME	BOA VIAGEM	""	""	COLISÃO	1,0	1,0	0,0	0,0	0,0	0,0	0,0	0,0	0,0	1,0	0,0	""	""	""	""	""	""	""	""	""	""	""	""	""
3503	202327886,0	2023-11-22T00:00:00	08:53:00	COM VÍTIMA	FINALIZADA	CAXANGA	AV CAXANGA	9513	""	E/F À AUTO ESCOLA PILOTO E SUPERMERCADO EXTRA - SENTIDO CAMARAGIBE	CAXANGA	""	""	COLISÃO	0,0	1,0	0,0	0,0	0,0	0,0	0,0	0,0	0,0	1,0	0,0	""	""	""	""	""	""	""	""	""	""	""	""	""
3504	202327887,0	2023-11-22T00:00:00	09:23:00	COM VÍTIMA	FINALIZADA	LINHA DO TIRO	RUA MAMEDE COELHO	393	""	PROX. DA ESCOLA MOSENHOR VIANA	LINHA DO TIRO	""	""	COLISÃO FRONTAL	0,0	1,0	0,0	0,0	0,0	0,0	0,0	1,0	0,0	2,0	0,0	""	""	""	""	""	""	""	""	""	""	""	""	""
3505	202327888,0	2023-11-22T00:00:00	09:25:00	COM VÍTIMA	FINALIZADA	PINA	AV ANTONIO DE GOES	""	""	E/F AO EMPRESARIAL JCPM - PISTA NORTE	PINA	""	""	ATROPELAMENTO DE PESSOA	1,0	0,0	0,0	0,0	1,0	0,0	0,0	0,0	0,0	1,0	0,0	""	""	""	""	""	""	""	""	""	""	""	""	""
3506	202327891,0	2023-11-22T00:00:00	11:09:00	SEM VÍTIMA	CANCELADA	BOA VIAGEM	AV DES JOSE NEVES	109	""	PROX. AO TUNEL, NO SENTIDO CIDADE	BOA VIAGEM	""	CIDADE	COLISÃO TRASEIRA	1,0	1,0	0,0	0,0	0,0	0,0	0,0	0,0	0,0	0,0	0,0	""	""	""	""	""	""	""	""	""	""	""	""	""
3507	202327899,0	2023-11-23T00:00:00	06:10:00	COM VÍTIMA	FINALIZADA	CAXANGA	AV CAXANGA	""	""	NO SINAL ANTES DA UPA DA CAXANGA	CAXANGA	232,0	CIDADE	COLISÃO	0,0	1,0	0,0	0,0	0,0	0,0	1,0	0,0	0,0	1,0	0,0	""	""	""	""	""	""	""	""	""	""	""	""	""
3508	202327905,0	2023-11-23T00:00:00	06:58:00	COM VÍTIMA	FINALIZADA	DOIS IRMAOS	RUA MANUEL DE MEDEIROS	""	""	AO LADO DA UNIVERSIDADE FEDERAL	DOIS IRMAOS	""	""	COLISÃO LATERAL	0,0	1,0	0,0	0,0	0,0	0,0	0,0	0,0	0,0	1,0	0,0	""	""	""	""	""	""	""	""	""	""	""	""	""
3509	202327906,0	2023-11-23T00:00:00	07:05:00	COM VÍTIMA	FINALIZADA	ALTO JOSE DO PINHO	COR DO BARTOLOMEU	""	""	EM FRENTE A PANIFICADORA SAO BARTOLOMEU	ALTO JOSE DO PINHO	""	""	ATROPELAMENTO DE PESSOA	0,0	0,0	0,0	0,0	1,0	0,0	1,0	0,0	0,0	1,0	0,0	""	""	""	""	""	""	""	""	""	""	""	""	""
3510	202327911,0	2023-11-23T00:00:00	07:25:00	COM VÍTIMA	FINALIZADA	VARZEA	AV BARAO DE BONITO	408	""	AO LALDO DO ATACAREJO HIPERBEM	VARZEA	""	""	COLISÃO FRONTAL	2,0	0,0	0,0	0,0	0,0	0,0	0,0	0,0	0,0	1,0	0,0	""	""	""	""	""	""	""	""	""	""	""	""	""
3511	202327917,0	2023-11-23T00:00:00	08:08:00	COM VÍTIMA	FINALIZADA	TORRE	RUA CONDE DE IRAJA	979	""	PROX. A IGREJA CATOLICA DA TORRE	TORRE	""	""	COLISÃO LATERAL	1,0	1,0	0,0	0,0	0,0	0,0	0,0	0,0	0,0	1,0	0,0	""	""	""	""	""	""	""	""	""	""	""	""	""
3512	202327924,0	2023-11-23T00:00:00	09:16:00	SEM VÍTIMA	CANCELADA	BOA VISTA	RUA DO HOSPICIO	""	""	SINISTRO	BOA VISTA	""	CIDADE	COLISÃO	0,0	0,0	0,0	0,0	0,0	0,0	0,0	1,0	0,0	0,0	0,0	""	""	""	""	""	""	""	""	""	""	""	""	""
3513	202327932,0	2023-11-23T00:00:00	09:55:00	COM VÍTIMA	FINALIZADA	SANTO ANTONIO	RUA IMPERADOR PEDRO SEGUNDO	""	""	EM FRENTE AO FORUM / DEPOIS DO CAIS DE SANTA RITA	SANTO ANTONIO	""	""	COLISÃO	0,0	1,0	0,0	0,0	0,0	0,0	0,0	0,0	0,0	1,0	0,0	""	""	""	""	""	""	""	""	""	""	""	""	""
3514	202327951,0	2023-11-23T00:00:00	12:50:00	COM VÍTIMA	FINALIZADA	AREIAS	AV RECIFE	S/N	""	""	AREIAS	""	""	COLISÃO TRASEIRA	1,0	1,0	0,0	0,0	0,0	0,0	0,0	0,0	0,0	1,0	0,0	""	""	""	""	""	""	""	""	""	""	""	""	""
3515	202327961,0	2023-11-23T00:00:00	02:28:00	SEM VÍTIMA	FINALIZADA	TORROES	AV ENGENHEIRO ABDIAS DE CARVALHO	""	""	E/F AO SEMAFARO 132  [VT 06 NO LOCAL ]	TORROES	""	""	COLISÃO FRONTAL	3,0	0,0	0,0	0,0	0,0	0,0	0,0	0,0	0,0	0,0	0,0	""	""	""	""	""	""	""	""	""	""	""	""	""
3516	202327967,0	2023-11-23T00:00:00	03:51:00	SEM VÍTIMA	FINALIZADA	SANTO ANTONIO	AV MARTINS DE BARROS	""	RUA NOSSA SRA DO CARMO	SOB O SEMÁFORO DE Nº 204	SANTO ANTONIO	204,0	CIDADE	COLISÃO LATERAL	1,0	1,0	0,0	0,0	0,0	0,0	0,0	0,0	0,0	0,0	0,0	""	""	""	""	""	""	""	""	""	""	""	""	""
3517	202327969,0	2023-11-23T00:00:00	04:05:00	COM VÍTIMA	FINALIZADA	SANTO AMARO	AV CRUZ CABUGA	""	RUA VINTE E QUATRO DE AGOSTO	SINISTRO	SANTO AMARO	""	CIDADE	""	1,0	1,0	0,0	0,0	0,0	0,0	0,0	0,0	0,0	1,0	0,0	""	""	""	""	""	""	""	""	""	""	""	""	""
3518	202327986,0	2023-11-23T00:00:00	06:18:00	COM VÍTIMA	FINALIZADA	BOA VISTA	AV VISCONDE DE SUASSUNA	""	RUA DO HOSPICIO	SINISTRO NO LOCAL	BOA VISTA	""	CIDADE	COLISÃO TRANSVERSAL	1,0	0,0	0,0	0,0	0,0	0,0	0,0	0,0	0,0	1,0	0,0	""	""	""	""	""	""	""	""	""	""	""	""	""
3519	202327990,0	2023-11-23T00:00:00	07:30:00	COM VÍTIMA	CANCELADA	VARZEA	RUA BARAO DE COTEGIPE	""	""	AO LADO DA INTEGRAÇÃO DE COSME DAMIÃO	VARZEA	""	""	COLISÃO	0,0	2,0	0,0	0,0	0,0	0,0	0,0	0,0	0,0	3,0	0,0	""	""	""	""	""	""	""	""	""	""	""	""	""
3520	202327998,0	2023-11-23T00:00:00	10:15:00	COM VÍTIMA	FINALIZADA	IMBIRIBEIRA	AV MARECHAL MASCARENHAS DE MORAES	""	""	APÓS O GERALDÃO	IMBIRIBEIRA	""	CIDADE	COLISÃO	1,0	1,0	0,0	0,0	0,0	0,0	0,0	0,0	0,0	2,0	0,0	""	""	""	""	""	""	""	""	""	""	""	""	""
3521	202328009,0	2023-11-24T00:00:00	06:36:00	COM VÍTIMA	FINALIZADA	SAO JOSE	C SANTA RITA	""	""	EM FRENTE A TORRE GEMEAS	SAO JOSE	""	""	COLISÃO	1,0	1,0	0,0	0,0	0,0	0,0	0,0	0,0	0,0	1,0	0,0	""	""	""	""	""	""	""	""	""	""	""	""	""
3522	202328015,0	2023-11-24T00:00:00	07:35:00	COM VÍTIMA	FINALIZADA	SAO JOSE	C SANTA RITA	""	""	AO LADO DA INTEGRAÇÃO DO CAIS	SAO JOSE	""	""	ATROPELAMENTO DE PESSOA	0,0	1,0	0,0	0,0	1,0	0,0	0,0	0,0	0,0	1,0	0,0	""	""	""	""	""	""	""	""	""	""	""	""	""
3523	202328017,0	2023-11-24T00:00:00	07:50:00	COM VÍTIMA	FINALIZADA	CAXANGA	AV CAXANGA	""	""	PROX. A UPA, SENT. CIDADE EM CIMA DO VIADUTO	CAXANGA	""	""	COLISÃO LATERAL	0,0	1,0	0,0	0,0	0,0	0,0	0,0	0,0	0,0	1,0	0,0	""	""	""	""	""	""	""	""	""	""	""	""	""
3524	202328025,0	2023-11-24T00:00:00	09:07:00	COM VÍTIMA	FINALIZADA	TAMARINEIRA	AV NORTE MIGUEL ARRAES DE ALENCAR	""	RUA CONEGO BARATA	CRUZAMENTO COM A CONEGO BARATA	TAMARINEIRA	62,0	""	COLISÃO	0,0	1,0	0,0	0,0	0,0	0,0	0,0	0,0	0,0	1,0	0,0	""	""	""	""	""	""	""	""	""	""	""	""	""
3525	202328026,0	2023-11-24T00:00:00	09:18:00	COM VÍTIMA	FINALIZADA	SANTO ANTONIO	AV DANTAS BARRETO	""	RUA NOSSA SRA DO CARMO	""	SANTO ANTONIO	""	""	COLISÃO	0,0	0,0	0,0	0,0	0,0	0,0	0,0	0,0	0,0	1,0	0,0	""	""	""	""	""	""	""	""	""	""	""	""	""
3526	202328047,0	2023-11-24T00:00:00	10:58:00	COM VÍTIMA	FINALIZADA	BOA VIAGEM	AV CONSELHEIRO AGUIAR	""	""	PROX AO BANCO SANTANDER E O CAFÉ SÃO BRAZ	BOA VIAGEM	""	""	COLISÃO	2,0	0,0	0,0	0,0	0,0	0,0	0,0	0,0	0,0	1,0	0,0	""	""	""	""	""	""	""	""	""	""	""	""	""
3527	202328048,0	2023-11-24T00:00:00	11:27:00	COM VÍTIMA	FINALIZADA	AFOGADOS	RUA CORONEL ALFREDO DUARTE	""	""	EM FRENTE A  B1 VIGILANCIA	AFOGADOS	""	""	COLISÃO	1,0	1,0	0,0	0,0	0,0	0,0	0,0	0,0	0,0	1,0	0,0	""	""	""	""	""	""	""	""	""	""	""	""	""
3528	202328050,0	2023-11-24T00:00:00	11:34:00	COM VÍTIMA	FINALIZADA	IMBIRIBEIRA	AV MARECHAL MASCARENHAS DE MORAES	""	""	EM FRENTE AO SHOPPING DO AUTOMOVEL E PROX A TUPAN / SENTIDO CIDADE	IMBIRIBEIRA	""	""	COLISÃO	0,0	1,0	0,0	0,0	0,0	0,0	0,0	0,0	0,0	1,0	0,0	""	""	""	""	""	""	""	""	""	""	""	""	""
3529	202328063,0	2023-11-24T00:00:00	03:02:00	SEM VÍTIMA	FINALIZADA	DERBY	RUA JORNALISTA PAULO BITTENCOURT	""	""	EM FRENTE A  DROGASIL	DERBY	""	CIDADE	COLISÃO TRANSVERSAL	1,0	0,0	0,0	0,0	0,0	0,0	0,0	1,0	0,0	0,0	0,0	""	""	""	""	""	""	""	""	""	""	""	""	""
3530	202328074,0	2023-11-24T00:00:00	04:37:00	COM VÍTIMA	FINALIZADA	ENCRUZILHADA	AV NORTE MIGUEL ARRAES DE ALENCAR	1938	""	E/F A BOSCH SERVICE  S/T SUB	ENCRUZILHADA	""	""	ATROPELAMENTO DE PESSOA	0,0	1,0	0,0	0,0	1,0	0,0	0,0	0,0	0,0	1,0	0,0	""	""	""	""	""	""	""	""	""	""	""	""	""
3531	202328076,0	2023-11-24T00:00:00	04:58:00	SEM VÍTIMA	FINALIZADA	IPSEP	RUA RIO IPOJUCA	325	""	EM FRENTE A ESCOLA CASINHA DO SABER	IPSEP	""	""	COLISÃO LATERAL	0,0	2,0	0,0	0,0	0,0	0,0	0,0	0,0	0,0	0,0	0,0	""	""	""	""	""	""	""	""	""	""	""	""	""
3532	202328084,0	2023-11-24T00:00:00	05:25:00	COM VÍTIMA	FINALIZADA	IPUTINGA	AV MAURICIO DE NASSAU	""	""	ESQUINA DA DROGASIL	IPUTINGA	""	""	COLISÃO LATERAL	1,0	1,0	0,0	0,0	0,0	0,0	0,0	0,0	0,0	1,0	0,0	""	""	""	""	""	""	""	""	""	""	""	""	""
3533	202328086,0	2023-11-24T00:00:00	06:00:00	COM VÍTIMA	FINALIZADA	AFLITOS	AV CONS ROSA E SILVA	756	""	PADARIA COM PÃO	AFLITOS	""	""	COLISÃO FRONTAL	1,0	1,0	0,0	0,0	0,0	0,0	0,0	0,0	0,0	1,0	0,0	""	""	""	""	""	""	""	""	""	""	""	""	""
3534	202328098,0	2023-11-24T00:00:00	06:52:00	COM VÍTIMA	FINALIZADA	CAMPO GRANDE	RUA JERONIMO VILELA	100	""	DROGASIL	CAMPO GRANDE	""	""	COLISÃO FRONTAL	1,0	1,0	0,0	0,0	0,0	0,0	0,0	0,0	0,0	1,0	0,0	""	""	""	""	""	""	""	""	""	""	""	""	""
3535	202328099,0	2023-11-24T00:00:00	06:54:00	COM VÍTIMA	CANCELADA	ESPINHEIRO	RUA MARQUES DO PARANA	101	""	E/F AO LAVA JATO E OFICINA DOS RADIADORS	ESPINHEIRO	""	""	COLISÃO FRONTAL	0,0	1,0	0,0	0,0	0,0	0,0	0,0	0,0	0,0	1,0	0,0	""	""	""	""	""	""	""	""	""	""	""	""	""
3536	202328100,0	2023-11-24T00:00:00	06:59:00	COM VÍTIMA	CANCELADA	AFLITOS	AV CONS ROSA E SILVA	881	""	E/F A SELFT	AFLITOS	""	""	COLISÃO FRONTAL	0,0	1,0	0,0	0,0	0,0	0,0	0,0	0,0	0,0	1,0	0,0	""	""	""	""	""	""	""	""	""	""	""	""	""
3537	202328102,0	2023-11-24T00:00:00	07:54:00	COM VÍTIMA	CANCELADA	TORROES	AV ENGENHEIRO ABDIAS DE CARVALHO	902	""	PRÓXIMO À LOJA DLP - SENTIDO CURADO	TORROES	""	""	COLISÃO	1,0	1,0	0,0	0,0	0,0	0,0	0,0	0,0	0,0	1,0	0,0	""	""	""	""	""	""	""	""	""	""	""	""	""
3538	202328106,0	2023-11-24T00:00:00	09:25:00	COM VÍTIMA	CANCELADA	IMBIRIBEIRA	RUA ARQUITETO LUIZ NUNES	""	""	COM AV PINHIEROS	IMBIRIBEIRA	""	""	COLISÃO LATERAL	1,0	1,0	0,0	0,0	0,0	0,0	0,0	0,0	0,0	1,0	0,0	""	""	""	""	""	""	""	""	""	""	""	""	""
3539	202328109,0	2023-11-24T00:00:00	10:50:00	SEM VÍTIMA	FINALIZADA	ILHA DO RETIRO	AV BEIRA RIO	290	""	EM FRENTE AO EDIFÍCIO SAINT GABRIEL	ILHA DO RETIRO	""	CIDADE	CHOQUE	1,0	0,0	0,0	0,0	0,0	0,0	0,0	0,0	0,0	0,0	0,0	""	""	""	""	""	""	""	""	""	""	""	""	""
3540	202328110,0	2023-11-24T00:00:00	11:20:00	COM VÍTIMA	FINALIZADA	ROSARINHO	AV NORTE MIGUEL ARRAES DE ALENCAR	""	""	E/F À PADARIA ROSARINHO	ROSARINHO	""	SUBURBIO	COLISÃO TRANSVERSAL	0,0	2,0	0,0	0,0	0,0	0,0	0,0	0,0	0,0	1,0	0,0	""	""	""	""	""	""	""	""	""	""	""	""	""
3541	202328134,0	2023-11-25T00:00:00	07:52:00	COM VÍTIMA	FINALIZADA	SANTO AMARO	RUA ALVARES DE AZEVEDO	""	RUA DOS PALMARES	EM FRENTE AO PROCAPE E LABORATORIO DE SAUDE	SANTO AMARO	""	""	COLISÃO COM CICLISTA	1,0	0,0	0,0	1,0	0,0	0,0	0,0	0,0	0,0	1,0	0,0	""	""	""	""	""	""	""	""	""	""	""	""	""
3542	202328139,0	2023-11-25T00:00:00	08:14:00	COM VÍTIMA	FINALIZADA	SANTO AMARO	AV GOVERNADOR AGAMENON MAGALHAES	""	""	NA SUBIDA DO VIADUTO DA AV. JOAO DE BARROS SENT. RECIFE PROX. A UPE	SANTO AMARO	""	""	COLISÃO TRASEIRA	1,0	1,0	0,0	0,0	0,0	0,0	0,0	0,0	0,0	1,0	0,0	""	""	""	""	""	""	""	""	""	""	""	""	""
3543	202328143,0	2023-11-25T00:00:00	09:08:00	COM VÍTIMA	FINALIZADA	IPSEP	AV RECIFE	""	""	EM FRENTE AO CARREFOUR E CONJUNTO IGNEZ ANDREAZZA	IPSEP	""	""	COLISÃO LATERAL	0,0	1,0	0,0	0,0	0,0	0,0	0,0	0,0	0,0	1,0	0,0	""	""	""	""	""	""	""	""	""	""	""	""	""