_id	Protocolo	data	hora	natureza	situacao	bairro	endereco	numero	detalhe_endereco_acidente	complemento	bairro_cruzamento	num_semaforo	sentido_via	tipo	auto	moto	ciclom	ciclista	pedestre	onibus	caminhao	viatura	outros	vitimas	vitimasfatais	acidente_verificado	tempo_clima	situacao_semaforo	sinalizacao	condicao_via	conservacao_via	ponto_controle	situacao_placa	velocidade_max_via	mao_direcao	divisao_via1	divisao_via2	divisao_via3
3544	202328146,0	2023-11-25T00:00:00	09:35:00	COM VÍTIMA	FINALIZADA	GRACAS	RUA BRUNO MAIA	71	RUA DO CUPIM	PROX. AO RESTAURANTE ATLANTICO	GRACAS	""	""	COLISÃO FRONTAL	1,0	1,0	0,0	0,0	0,0	0,0	0,0	0,0	0,0	1,0	0,0	""	""	""	""	""	""	""	""	""	""	""	""	""
3545	202328149,0	2023-11-25T00:00:00	09:55:00	COM VÍTIMA	FINALIZADA	CAXANGA	RUA RIBEIRO PESSOA	""	""	EM FRENTE A UPA	CAXANGA	""	""	COLISÃO LATERAL	1,0	1,0	0,0	0,0	0,0	0,0	0,0	0,0	0,0	1,0	0,0	""	""	""	""	""	""	""	""	""	""	""	""	""
3546	202328163,0	2023-11-25T00:00:00	12:04:00	SEM VÍTIMA	FINALIZADA	BOA VIAGEM	AVENIDA CELSO FURTADO (VIA MANGUE)	""	""	""	BOA VIAGEM	""	""	CHOQUE	1,0	0,0	0,0	0,0	0,0	0,0	0,0	0,0	0,0	0,0	0,0	""	""	""	""	""	""	""	""	""	""	""	""	""
3547	202328165,0	2023-11-25T00:00:00	01:07:00	COM VÍTIMA	FINALIZADA	IBURA	RUA RIBEIRAO VERMELHO	42	RUA RIBEIRAO DAS NEVES	APOS O TERMINAL DO SESI SEGUNDA RUA A DIREITA	IBURA	""	""	COLISÃO LATERAL	1,0	1,0	0,0	0,0	0,0	0,0	0,0	0,0	0,0	1,0	0,0	""	""	""	""	""	""	""	""	""	""	""	""	""
3548	202328166,0	2023-11-25T00:00:00	01:17:00	SEM VÍTIMA	FINALIZADA	ARRUDA	RUA DAS MOCAS	1218	""	PIZZARIA ATLANTICA	ARRUDA	""	SUBURBIO	""	0,0	0,0	0,0	0,0	0,0	1,0	0,0	2,0	0,0	0,0	0,0	""	""	""	""	""	""	""	""	""	""	""	""	""
3549	202328187,0	2023-11-25T00:00:00	05:34:00	COM VÍTIMA	FINALIZADA	BEBERIBE	EST VELHA DE AGUA FRIA	1000	""	MARTELINHO DE OURO //// DNOC	BEBERIBE	""	""	COLISÃO TRASEIRA	2,0	0,0	0,0	0,0	0,0	0,0	0,0	0,0	0,0	1,0	0,0	""	""	""	""	""	""	""	""	""	""	""	""	""
3550	202328188,0	2023-11-25T00:00:00	05:36:00	COM VÍTIMA	FINALIZADA	SAN MARTIN	RUA VINTE E UM DE ABRIL	""	""	ANTES DO GIRADOURO DE SAN MARTIN E/F AO ARMAZEM CASA NOVA	SAN MARTIN	""	""	COLISÃO LATERAL	2,0	1,0	0,0	0,0	0,0	0,0	0,0	0,0	0,0	1,0	0,0	""	""	""	""	""	""	""	""	""	""	""	""	""
3551	202328194,0	2023-11-25T00:00:00	07:27:00	COM VÍTIMA	FINALIZADA	BOA VIAGEM	RUA JOAO CARDOSO AIRES	""	RUA CAMBOIM	""	BOA VIAGEM	""	""	COLISÃO	1,0	1,0	0,0	0,0	0,0	0,0	0,0	0,0	0,0	1,0	0,0	""	""	""	""	""	""	""	""	""	""	""	""	""
3552	202328197,0	2023-11-25T00:00:00	08:56:00	SEM VÍTIMA	FINALIZADA	MADALENA	RUA JOSE OSORIO	""	""	EM FRENTE A SORVETERIA JONES	MADALENA	""	""	COLISÃO	2,0	0,0	0,0	0,0	0,0	0,0	0,0	0,0	0,0	0,0	0,0	""	""	""	""	""	""	""	""	""	""	""	""	""
3553	202328205,0	2023-11-25T00:00:00	11:05:00	SEM VÍTIMA	FINALIZADA	CORDEIRO	AV INACIO MONTEIRO	1003	""	EM FRENTE A ESTER EVENTOS	CORDEIRO	""	""	COLISÃO	2,0	0,0	0,0	0,0	0,0	0,0	0,0	0,0	0,0	0,0	0,0	""	""	""	""	""	""	""	""	""	""	""	""	""
3554	202328214,0	2023-11-26T00:00:00	05:09:00	COM VÍTIMA	FINALIZADA	SAO JOSE	RUA IMPERIAL	""	""	EM FRENTE A PRODUTOS CIDERÚRGICOS	SAO JOSE	""	""	COLISÃO	0,0	1,0	0,0	0,0	0,0	1,0	0,0	0,0	0,0	1,0	0,0	""	""	""	""	""	""	""	""	""	""	""	""	""
3555	202328219,0	2023-11-26T00:00:00	06:34:00	COM VÍTIMA	FINALIZADA	IBURA	AV RECIFE	2223	""	EM FRENTE A HONDA MARAVILHA	IBURA	""	""	COLISÃO	2,0	0,0	0,0	0,0	0,0	0,0	0,0	0,0	0,0	1,0	0,0	""	""	""	""	""	""	""	""	""	""	""	""	""
3556	202328231,0	2023-11-26T00:00:00	08:30:00	COM VÍTIMA	FINALIZADA	ENGENHO DO MEIO	RUA ANTONIO CURADO	307	""	PROX AO BAR DO CU	ENGENHO DO MEIO	""	""	COLISÃO TRANSVERSAL	1,0	1,0	0,0	0,0	0,0	0,0	0,0	0,0	0,0	1,0	0,0	""	""	""	""	""	""	""	""	""	""	""	""	""
3557	202328266,0	2023-11-26T00:00:00	04:37:00	COM VÍTIMA	FINALIZADA	CORDEIRO	RUA DR MIGUEL VIEIRA FERREIRA	302	""	EDF. OCEANO	CORDEIRO	""	""	COLISÃO LATERAL	1,0	1,0	0,0	0,0	0,0	0,0	0,0	0,0	0,0	1,0	0,0	""	""	""	""	""	""	""	""	""	""	""	""	""
3558	202328290,0	2023-11-26T00:00:00	07:43:00	COM VÍTIMA	FINALIZADA	ROSARINHO	RUA COUTO MAGALHAES	129	""	PROX. AO SUPER BOM PREÇO	ROSARINHO	""	""	COLISÃO FRONTAL	1,0	1,0	0,0	0,0	0,0	0,0	0,0	0,0	0,0	1,0	0,0	""	""	""	""	""	""	""	""	""	""	""	""	""
3559	202328294,0	2023-11-27T00:00:00	05:02:00	COM VÍTIMA	FINALIZADA	BOA VISTA	AV GOVERNADOR AGAMENON MAGALHAES	""	""	PROX. AO BOMPREÇO	BOA VISTA	""	""	ATROPELAMENTO DE PESSOA	0,0	0,0	0,0	0,0	1,0	1,0	0,0	0,0	0,0	1,0	0,0	""	""	""	""	""	""	""	""	""	""	""	""	""
3560	202328297,0	2023-11-27T00:00:00	06:20:00	SEM VÍTIMA	FINALIZADA	PINA	AV ENGENHEIRO DOMINGOS FERREIRA	236	""	EM FRENTE A AUTONUNES CHEVROLET	PINA	""	SUBURBIO	CHOQUE	0,0	0,0	0,0	0,0	0,0	1,0	0,0	0,0	0,0	0,0	0,0	""	""	""	""	""	""	""	""	""	""	""	""	""
3561	202328305,0	2023-11-27T00:00:00	06:43:00	COM VÍTIMA	FINALIZADA	ALTO JOSE BONIFACIO	RUA ALTO JOSE BONIFACIO	""	""	PROX. A QUADRA DO ALTO JOSE BONIFACIO, LADEIRA DO BOI	ALTO JOSE BONIFACIO	""	""	COLISÃO LATERAL	0,0	1,0	0,0	0,0	0,0	0,0	0,0	0,0	0,0	1,0	0,0	""	""	""	""	""	""	""	""	""	""	""	""	""
3562	202328306,0	2023-11-27T00:00:00	06:57:00	COM VÍTIMA	FINALIZADA	AGUA FRIA	AV BEBERIBE	""	""	PROX. AO CANAL DA CONSTRUÇÃO E CANAL DO ARRUDA	AGUA FRIA	""	""	COLISÃO LATERAL	0,0	1,0	0,0	0,0	0,0	0,0	0,0	0,0	0,0	1,0	0,0	""	""	""	""	""	""	""	""	""	""	""	""	""
3563	202328311,0	2023-11-27T00:00:00	07:15:00	COM VÍTIMA	FINALIZADA	BOA VIAGEM	RUA WALDEMAR NERY CARNEIRO MONTEIRO	""	""	PROX. AO ESPAÇO DA CRIANÇA	BOA VIAGEM	""	""	COLISÃO LATERAL	0,0	1,0	0,0	0,0	0,0	0,0	0,0	0,0	0,0	1,0	0,0	""	""	""	""	""	""	""	""	""	""	""	""	""
3564	202328317,0	2023-11-27T00:00:00	07:49:00	COM VÍTIMA	FINALIZADA	BEBERIBE	AV BEBERIBE	""	""	EM FRENTE AO COLEGIO PEDRO CELSO, PROX. A PRAÇA DE BEBERIBE	BEBERIBE	""	""	COLISÃO LATERAL	0,0	1,0	0,0	0,0	0,0	0,0	0,0	0,0	0,0	1,0	0,0	""	""	""	""	""	""	""	""	""	""	""	""	""
3565	202328322,0	2023-11-27T00:00:00	08:35:00	COM VÍTIMA	FINALIZADA	CORDEIRO	RUA GOMES TABORDA	1198	""	DOCERIA CACAU E AVELÃ	CORDEIRO	""	""	ATROPELAMENTO DE PESSOA	0,0	1,0	0,0	0,0	1,0	0,0	0,0	0,0	0,0	1,0	0,0	""	""	""	""	""	""	""	""	""	""	""	""	""
3566	202328324,0	2023-11-27T00:00:00	09:15:00	COM VÍTIMA	FINALIZADA	BOA VIAGEM	RUA VISCONDE DE JEQUITINHONHA	""	""	PROX AO PARQUE DONA LINDU / SENTIDO PIEDADE	BOA VIAGEM	""	""	COLISÃO	0,0	1,0	0,0	0,0	0,0	0,0	0,0	0,0	0,0	1,0	0,0	""	""	""	""	""	""	""	""	""	""	""	""	""
3567	202328329,0	2023-11-27T00:00:00	09:38:00	COM VÍTIMA	FINALIZADA	LINHA DO TIRO	RUA URIEL DE HOLANDA	""	""	EM FRENTE AO COLEGIO PEDRO CELSO	LINHA DO TIRO	""	""	COLISÃO	0,0	1,0	0,0	0,0	0,0	0,0	0,0	0,0	0,0	1,0	0,0	""	""	""	""	""	""	""	""	""	""	""	""	""
3568	202328330,0	2023-11-27T00:00:00	09:44:00	COM VÍTIMA	FINALIZADA	ROSARINHO	AV SANTOS DUMONT	1399	RUA ALMIRANTE NORONHA DE CARVALHO	BEM NO CRUZAMENTO, PROX AO COLEGIO SABER CRESCER	ROSARINHO	""	""	COLISÃO	1,0	1,0	0,0	0,0	0,0	0,0	0,0	0,0	0,0	1,0	0,0	""	""	""	""	""	""	""	""	""	""	""	""	""
3569	202328332,0	2023-11-27T00:00:00	10:10:00	COM VÍTIMA	FINALIZADA	ESPINHEIRO	AV GOVERNADOR AGAMENON MAGALHAES	""	""	PROX AO VIDUTO DA JOÃO DE BARROS / EM FRENTE A UPE	ESPINHEIRO	""	""	COLISÃO LATERAL	1,0	2,0	0,0	0,0	0,0	0,0	0,0	0,0	0,0	2,0	0,0	""	""	""	""	""	""	""	""	""	""	""	""	""
3570	202328337,0	2023-11-27T00:00:00	10:30:00	COM VÍTIMA	FINALIZADA	CAXANGA	AV CAXANGA	""	""	PRÓXIMO A UPA DA CAXANGÁ	CAXANGA	""	SUBURBIO	""	1,0	0,0	0,0	0,0	0,0	0,0	0,0	0,0	0,0	1,0	0,0	""	""	""	""	""	""	""	""	""	""	""	""	""
3571	202328349,0	2023-11-27T00:00:00	12:50:00	COM VÍTIMA	FINALIZADA	AGUA FRIA	RUA BELO JARDIM	""	""	PROX A ZELO MODAS E AO MERCADO DE AGUA FRIA	AGUA FRIA	""	""	COLISÃO	0,0	1,0	0,0	0,0	0,0	0,0	0,0	0,0	0,0	1,0	0,0	""	""	""	""	""	""	""	""	""	""	""	""	""
3572	202328353,0	2023-11-27T00:00:00	01:58:00	COM VÍTIMA	FINALIZADA	VARZEA	RUA POETA CARLOS DRUMMOND DE ANDRADE	""	""	E/F A SERTEL	VARZEA	""	""	COLISÃO LATERAL	1,0	1,0	0,0	0,0	0,0	0,0	0,0	0,0	0,0	1,0	0,0	""	""	""	""	""	""	""	""	""	""	""	""	""
3573	202328363,0	2023-11-27T00:00:00	03:48:00	COM VÍTIMA	FINALIZADA	CASA AMARELA	AV NORTE MIGUEL ARRAES DE ALENCAR	4707	""	E/F AO ARMAZEM CORAL  S/T CID	CASA AMARELA	""	""	QUEDA	0,0	1,0	0,0	0,0	0,0	0,0	0,0	0,0	0,0	1,0	0,0	""	""	""	""	""	""	""	""	""	""	""	""	""
3574	202328367,0	2023-11-27T00:00:00	04:34:00	COM VÍTIMA	FINALIZADA	SANTO AMARO	AV GOVERNADOR AGAMENON MAGALHAES	""	""	PROX AO SHOPPING TACARUNA	SANTO AMARO	""	""	ATROPELAMENTO DE PESSOA	1,0	1,0	0,0	0,0	1,0	0,0	0,0	0,0	0,0	1,0	0,0	""	""	""	""	""	""	""	""	""	""	""	""	""
3575	202328376,0	2023-11-27T00:00:00	07:14:00	COM VÍTIMA	FINALIZADA	BOA VIAGEM	RUA DEZ DE JULHO	""	RUA CAMBOIM	PRÓXIMO A ESTAÇÃO AEROPORTO	BOA VIAGEM	""	""	COLISÃO	1,0	1,0	0,0	0,0	0,0	0,0	0,0	0,0	0,0	1,0	0,0	""	""	""	""	""	""	""	""	""	""	""	""	""
3576	202328381,0	2023-11-27T00:00:00	09:20:00	COM VÍTIMA	FINALIZADA	AREIAS	AV DR JOSE RUFINO	""	""	EM FRENTE AO BRADESCO	AREIAS	""	""	COLISÃO FRONTAL	0,0	0,0	0,0	0,0	0,0	0,0	0,0	0,0	0,0	1,0	0,0	""	""	""	""	""	""	""	""	""	""	""	""	""
3577	202328385,0	2023-11-27T00:00:00	11:25:00	SEM VÍTIMA	FINALIZADA	BOA VIAGEM	RUA FELIX DE BRITO E MELO	150	""	BRADESCO	BOA VIAGEM	""	""	COLISÃO	0,0	0,0	0,0	0,0	0,0	0,0	0,0	0,0	0,0	0,0	0,0	""	""	""	""	""	""	""	""	""	""	""	""	""
3578	202328397,0	2023-11-28T00:00:00	07:20:00	COM VÍTIMA	FINALIZADA	CAXANGA	AV CAXANGA	""	""	EM FRENTE A INTEGRAÇÃO CDU, SENT. CAMARAGIBE EM FRENTE A NISSAN	CAXANGA	""	""	COLISÃO LATERAL	0,0	1,0	0,0	0,0	0,0	0,0	0,0	0,0	0,0	1,0	0,0	""	""	""	""	""	""	""	""	""	""	""	""	""
3579	202328398,0	2023-11-28T00:00:00	07:21:00	COM VÍTIMA	FINALIZADA	ARRUDA	AV BEBERIBE	""	""	EM FRENTE AO CAMPO DO SANTA CRUZ	ARRUDA	""	""	COLISÃO	0,0	1,0	0,0	0,0	0,0	0,0	0,0	0,0	0,0	1,0	0,0	""	""	""	""	""	""	""	""	""	""	""	""	""
3580	202328406,0	2023-11-28T00:00:00	08:11:00	COM VÍTIMA	FINALIZADA	IBURA	LAD DA COHAB	""	""	NA SUBIDA DA LADEIRA	IBURA	""	""	QUEDA	0,0	1,0	0,0	0,0	0,0	0,0	0,0	0,0	0,0	1,0	0,0	""	""	""	""	""	""	""	""	""	""	""	""	""
3581	202328410,0	2023-11-28T00:00:00	08:27:00	COM VÍTIMA	FINALIZADA	MADALENA	AV ENGENHEIRO ABDIAS DE CARVALHO	""	""	CRUZAMENTO COM ESTRADA DOS REMEDIOS	MADALENA	""	""	COLISÃO	1,0	1,0	0,0	0,0	0,0	0,0	0,0	0,0	0,0	1,0	0,0	""	""	""	""	""	""	""	""	""	""	""	""	""
3582	202328411,0	2023-11-28T00:00:00	08:27:00	COM VÍTIMA	FINALIZADA	MACAXEIRA	AV NORTE MIGUEL ARRAES DE ALENCAR	""	""	EM FENTE AO PARQUE DA MACAXEIRA	MACAXEIRA	""	""	COLISÃO LATERAL	0,0	1,0	0,0	0,0	0,0	0,0	0,0	0,0	0,0	1,0	0,0	""	""	""	""	""	""	""	""	""	""	""	""	""
3583	202328420,0	2023-11-28T00:00:00	09:07:00	COM VÍTIMA	FINALIZADA	GRACAS	AV BEIRA RIO	""	""	BEIRA RIO COM JOSE OSORIO  DESCIDA DA PONTA CAPUNGA NO CRUZAMENTO	GRACAS	""	""	COLISÃO	0,0	1,0	0,0	0,0	0,0	0,0	0,0	0,0	0,0	1,0	0,0	""	""	""	""	""	""	""	""	""	""	""	""	""
3584	202328432,0	2023-11-28T00:00:00	10:38:00	COM VÍTIMA	FINALIZADA	AFOGADOS	AV DR JOSE RUFINO	""	""	EM FRENTE AO QUARTEL DE AFOGADOS	AFOGADOS	""	""	COLISÃO	0,0	1,0	0,0	0,0	0,0	0,0	0,0	0,0	0,0	1,0	0,0	""	""	""	""	""	""	""	""	""	""	""	""	""
3585	202328441,0	2023-11-28T00:00:00	11:29:00	COM VÍTIMA	FINALIZADA	CORDEIRO	AV CAXANGA	""	""	EM FRENTE A AUTO ESCOLA CONECTA E CAXANGA ACESSORIOS E PEÇAS	CORDEIRO	""	""	COLISÃO TRASEIRA	1,0	1,0	0,0	0,0	0,0	0,0	0,0	0,0	0,0	1,0	0,0	""	""	""	""	""	""	""	""	""	""	""	""	""
3586	202328443,0	2023-11-28T00:00:00	11:46:00	COM VÍTIMA	FINALIZADA	CAXANGA	AV CAXANGA	""	""	EM FRENTE AO NOVO MIX MATHEUS/ ANTIGO BOMPREÇO	CAXANGA	""	""	COLISÃO COM CICLISTA	0,0	0,0	0,0	0,0	0,0	1,0	0,0	0,0	0,0	1,0	0,0	""	""	""	""	""	""	""	""	""	""	""	""	""
3587	202328450,0	2023-11-28T00:00:00	12:56:00	COM VÍTIMA	FINALIZADA	CAXANGA	AV CAXANGA	""	""	EM FRENTE AO NUMERO 1921 LOJA CASA DA TINTA RECIFE	CAXANGA	""	""	COLISÃO	0,0	1,0	0,0	0,0	0,0	0,0	0,0	0,0	0,0	1,0	0,0	""	""	""	""	""	""	""	""	""	""	""	""	""
3588	202328457,0	2023-11-28T00:00:00	03:43:00	COM VÍTIMA	FINALIZADA	IPSEP	RUA ARAPUA	267	""	PROXIMO A LOJA DE AUTOMOVEIS DE PAULO	IPSEP	""	""	COLISÃO	0,0	1,0	0,0	0,0	0,0	0,0	0,0	0,0	0,0	1,0	0,0	""	""	""	""	""	""	""	""	""	""	""	""	""
3589	202328464,0	2023-11-28T00:00:00	04:34:00	COM VÍTIMA	FINALIZADA	AGUA FRIA	AV BEBERIBE	""	""	E/F  A MILENA /  PROXIMO A CATTAN	AGUA FRIA	""	""	COLISÃO	0,0	1,0	0,0	0,0	0,0	0,0	0,0	0,0	0,0	1,0	0,0	""	""	""	""	""	""	""	""	""	""	""	""	""
3590	202328478,0	2023-11-28T00:00:00	06:42:00	SEM VÍTIMA	FINALIZADA	BOA VIAGEM	AV BOA VIAGEM	956	""	EDF. HENOCH COUTINHO	BOA VIAGEM	""	CIDADE	""	2,0	0,0	0,0	0,0	0,0	0,0	0,0	0,0	0,0	0,0	0,0	""	""	""	""	""	""	""	""	""	""	""	""	""
3591	202328481,0	2023-11-28T00:00:00	06:56:00	COM VÍTIMA	FINALIZADA	JOANA BEZERRA	AV BEIRA RIO	""	""	ENTRE O FORUM DE JOANA BEZERRA E A SUBIDA DA PONTE	JOANA BEZERRA	""	""	COLISÃO TRASEIRA	1,0	1,0	0,0	0,0	0,0	0,0	0,0	0,0	0,0	1,0	0,0	""	""	""	""	""	""	""	""	""	""	""	""	""
3592	202328483,0	2023-11-28T00:00:00	07:22:00	COM VÍTIMA	CANCELADA	IMBIRIBEIRA	AV MARECHAL MASCARENHAS DE MORAES	""	""	PROXIMO TOYOLEX, APOS O VIADUTO TACREDO NEVES	IMBIRIBEIRA	""	SUBURBIO	COLISÃO LATERAL	0,0	2,0	0,0	0,0	0,0	0,0	0,0	0,0	0,0	1,0	0,0	""	""	""	""	""	""	""	""	""	""	""	""	""
3593	202328490,0	2023-11-28T00:00:00	07:31:00	COM VÍTIMA	FINALIZADA	ENCRUZILHADA	RUA FERNANDO CESAR	242	""	PRAÇA DA INFÂNCIA	ENCRUZILHADA	""	""	COLISÃO TRANSVERSAL	0,0	1,0	0,0	0,0	0,0	0,0	1,0	0,0	0,0	1,0	0,0	""	""	""	""	""	""	""	""	""	""	""	""	""
3594	202328491,0	2023-11-28T00:00:00	07:48:00	COM VÍTIMA	FINALIZADA	ILHA DO LEITE	RUA ESTADO DE ISRAEL	262	""	""	ILHA DO LEITE	""	""	COLISÃO LATERAL	2,0	1,0	0,0	0,0	0,0	0,0	0,0	0,0	0,0	1,0	0,0	""	""	""	""	""	""	""	""	""	""	""	""	""
3595	202328493,0	2023-11-28T00:00:00	08:07:00	COM VÍTIMA	FINALIZADA	CORDEIRO	AV GENERAL SAN MARTIN	""	""	EM FRENTE AO HOSPITAL GETULIO VARGAS	CORDEIRO	""	""	COLISÃO LATERAL	1,0	1,0	0,0	0,0	0,0	0,0	0,0	0,0	0,0	1,0	0,0	""	""	""	""	""	""	""	""	""	""	""	""	""
3596	202328498,0	2023-11-28T00:00:00	09:48:00	COM VÍTIMA	DUPLICIDADE	CASA FORTE	RUA JADER DE ANDRADE	180	""	E/F AO BAR IDEAL E BOTECO 87	CASA FORTE	""	""	COLISÃO	0,0	0,0	0,0	0,0	0,0	0,0	0,0	0,0	0,0	1,0	0,0	""	""	""	""	""	""	""	""	""	""	""	""	""
3597	202328499,0	2023-11-28T00:00:00	09:48:00	COM VÍTIMA	FINALIZADA	CASA FORTE	AV DEZESSETE DE AGOSTO	1048	""	PROXIMO AO SUPERMERCADO VERD FRUT	CASA FORTE	""	""	COLISÃO	1,0	1,0	0,0	0,0	0,0	0,0	0,0	0,0	0,0	1,0	0,0	""	""	""	""	""	""	""	""	""	""	""	""	""
3598	202328507,0	2023-11-29T00:00:00	05:53:00	COM VÍTIMA	FINALIZADA	CORDEIRO	AV CAXANGA	""	""	PROX. CAIXA ECONOMICA	CORDEIRO	""	CIDADE	COLISÃO TRASEIRA	1,0	1,0	0,0	0,0	0,0	1,0	0,0	0,0	0,0	1,0	0,0	""	""	""	""	""	""	""	""	""	""	""	""	""
3599	202328519,0	2023-11-29T00:00:00	07:14:00	COM VÍTIMA	FINALIZADA	ARRUDA	AV BEBERIBE	""	""	EM FRENTE AO CAMPO DO SANTA CRUZ	ARRUDA	""	""	COLISÃO	0,0	1,0	0,0	0,0	0,0	0,0	0,0	0,0	0,0	1,0	0,0	""	""	""	""	""	""	""	""	""	""	""	""	""
3600	202328522,0	2023-11-29T00:00:00	07:35:00	COM VÍTIMA	FINALIZADA	IMBIRIBEIRA	RUA ITAJAI	""	""	PROX. A FERREIRA COSTA, EM FRENTE A CASA BRANCA RECEPÇÕES	IMBIRIBEIRA	""	""	COLISÃO LATERAL	0,0	1,0	0,0	0,0	0,0	0,0	0,0	0,0	0,0	1,0	0,0	""	""	""	""	""	""	""	""	""	""	""	""	""
3601	202328524,0	2023-11-29T00:00:00	07:44:00	COM VÍTIMA	FINALIZADA	MANGUEIRA	RUA DR JOAO ELISIO	""	""	EM FRENTE A PADARIA SANTO ANTONIO	MANGUEIRA	""	""	COLISÃO LATERAL	0,0	1,0	0,0	0,0	0,0	0,0	0,0	0,0	0,0	1,0	0,0	""	""	""	""	""	""	""	""	""	""	""	""	""
3602	202328526,0	2023-11-29T00:00:00	08:12:00	COM VÍTIMA	FINALIZADA	PRADO	RUA GOMES TABORDA	""	""	EM FENTRE AO SUPERMERCADO IDEAL MIX	PRADO	""	""	COLISÃO	0,0	1,0	0,0	0,0	0,0	0,0	0,0	0,0	0,0	1,0	0,0	""	""	""	""	""	""	""	""	""	""	""	""	""
3603	202328530,0	2023-11-29T00:00:00	08:33:00	COM VÍTIMA	FINALIZADA	IMBIRIBEIRA	AV MARECHAL MASCARENHAS DE MORAES	""	""	EM FRENTE AO GALPÃO DA LASER ELETRO	IMBIRIBEIRA	""	""	COLISÃO LATERAL	0,0	1,0	0,0	0,0	0,0	0,0	0,0	0,0	0,0	1,0	0,0	""	""	""	""	""	""	""	""	""	""	""	""	""
3604	202328533,0	2023-11-29T00:00:00	08:53:00	COM VÍTIMA	FINALIZADA	AFOGADOS	RUA COSME VIANA	""	""	POR TRAS DA HONDA, PROX. A TUPAM	AFOGADOS	""	""	COLISÃO LATERAL	0,0	1,0	0,0	0,0	0,0	0,0	1,0	0,0	0,0	1,0	0,0	""	""	""	""	""	""	""	""	""	""	""	""	""
3605	202328545,0	2023-11-29T00:00:00	10:49:00	COM VÍTIMA	FINALIZADA	COQUEIRAL	6TR ANANIAS CATANHO	62	""	PROX ESCOLA PAULO DE SOUZA LEAL	COQUEIRAL	""	""	CHOQUE	1,0	0,0	0,0	0,0	0,0	0,0	0,0	0,0	0,0	1,0	0,0	""	""	""	""	""	""	""	""	""	""	""	""	""
3606	202328547,0	2023-11-29T00:00:00	11:06:00	SEM VÍTIMA	FINALIZADA	BOA VISTA	AV LINS PETIT	""	""	PRAÇA CHORA MENINO	BOA VISTA	""	SUBURBIO	COLISÃO LATERAL	2,0	0,0	0,0	0,0	0,0	0,0	0,0	0,0	0,0	0,0	0,0	""	""	""	""	""	""	""	""	""	""	""	""	""
3607	202328551,0	2023-11-29T00:00:00	11:33:00	COM VÍTIMA	CANCELADA	MADALENA	RUA BENFICA	695	""	PROX AO CLUBE INTERNACIONAL / NA PRAÇA DP INTERNACIONAL	MADALENA	""	""	COLISÃO	0,0	1,0	0,0	0,0	0,0	0,0	0,0	0,0	0,0	1,0	0,0	""	""	""	""	""	""	""	""	""	""	""	""	""
3608	202328573,0	2023-11-29T00:00:00	03:45:00	COM VÍTIMA	FINALIZADA	SANTO AMARO	RUA FREI CASSIMIRO	""	""	E/F  ANTIGA CTTU	SANTO AMARO	""	""	COLISÃO LATERAL	0,0	2,0	0,0	0,0	0,0	0,0	0,0	0,0	0,0	3,0	0,0	""	""	""	""	""	""	""	""	""	""	""	""	""
3609	202328575,0	2023-11-29T00:00:00	03:50:00	SEM VÍTIMA	FINALIZADA	TORRE	RUA JOSE BONIFACIO	""	VDO GOVERNADOR CORDEIRO DE FARIAS	SOBRE A PONTE E PRÓXIMO AO CARREFOUR	TORRE	""	""	COLISÃO	0,0	0,0	0,0	0,0	0,0	0,0	0,0	0,0	0,0	0,0	0,0	""	""	""	""	""	""	""	""	""	""	""	""	""
3610	202328583,0	2023-11-29T00:00:00	05:23:00	SEM VÍTIMA	FINALIZADA	IPSEP	RUA BLUMENAU	""	RUA ITAIMBE	NA RUA DO BAR DA SOPA	IPSEP	""	""	COLISÃO FRONTAL	2,0	0,0	0,0	0,0	0,0	0,0	0,0	0,0	0,0	0,0	0,0	""	""	""	""	""	""	""	""	""	""	""	""	""
3611	202328594,0	2023-11-29T00:00:00	06:56:00	VÍTIMA FATAL	FINALIZADA	CASA AMARELA	AV NORTE MIGUEL ARRAES DE ALENCAR	""	""	PRÓXIMO A PRAÇA DO TRABALHO	CASA AMARELA	""	""	ATROPELAMENTO DE PESSOA	0,0	0,0	0,0	0,0	1,0	0,0	0,0	0,0	0,0	0,0	1,0	""	""	""	""	""	""	""	""	""	""	""	""	""
3612	202328599,0	2023-11-29T00:00:00	10:27:00	COM VÍTIMA	FINALIZADA	BOMBA DO HEMETERIO	RUA PROFESSOR JOSE AMARINO DOS REIS	""	""	PRÓXIMO AO TEIMOSO	BOMBA DO HEMETERIO	""	""	COLISÃO FRONTAL	0,0	0,0	0,0	0,0	0,0	0,0	0,0	0,0	0,0	1,0	0,0	""	""	""	""	""	""	""	""	""	""	""	""	""
3613	202328614,0	2023-11-30T00:00:00	06:54:00	COM VÍTIMA	FINALIZADA	IMBIRIBEIRA	AV MARECHAL MASCARENHAS DE MORAES	""	""	EM FRENTE A FLOR E ARTE	IMBIRIBEIRA	""	""	COLISÃO TRASEIRA	1,0	1,0	0,0	0,0	0,0	0,0	0,0	0,0	0,0	1,0	0,0	""	""	""	""	""	""	""	""	""	""	""	""	""