_id	Protocolo	data	hora	natureza	situacao	bairro	endereco	numero	detalhe_endereco_acidente	complemento	bairro_cruzamento	num_semaforo	sentido_via	tipo	auto	moto	ciclom	ciclista	pedestre	onibus	caminhao	viatura	outros	vitimas	vitimasfatais	acidente_verificado	tempo_clima	situacao_semaforo	sinalizacao	condicao_via	conservacao_via	ponto_controle	situacao_placa	velocidade_max_via	mao_direcao	divisao_via1	divisao_via2	divisao_via3
3614	202328615,0	2023-11-30T00:00:00	07:30:00	COM VÍTIMA	FINALIZADA	APIPUCOS	RUA DE APIPUCOS	""	""	EM FRENTE AO AÇUDE	APIPUCOS	""	""	COLISÃO	0,0	0,0	0,0	0,0	0,0	0,0	0,0	0,0	0,0	1,0	0,0	""	""	""	""	""	""	""	""	""	""	""	""	""
3615	202328617,0	2023-11-30T00:00:00	07:36:00	COM VÍTIMA	FINALIZADA	CAXANGA	AV CAXANGA	""	""	SENT. CIDADE, SUPERMERCADO TEM E UPA	CAXANGA	""	""	COLISÃO LATERAL	0,0	1,0	0,0	0,0	0,0	0,0	0,0	0,0	0,0	1,0	0,0	""	""	""	""	""	""	""	""	""	""	""	""	""
3616	202328622,0	2023-11-30T00:00:00	08:18:00	SEM VÍTIMA	FINALIZADA	BOA VISTA	RUA DO HOSPICIO	""	""	AO LADO DO PARQUE TREZE DE MAIO	BOA VISTA	""	""	COLISÃO	0,0	0,0	0,0	0,0	0,0	0,0	0,0	0,0	0,0	0,0	0,0	""	""	""	""	""	""	""	""	""	""	""	""	""
3617	202328623,0	2023-11-30T00:00:00	08:20:00	COM VÍTIMA	FINALIZADA	AFOGADOS	RUA COSME VIANA	""	""	PROX. AO FORRÓ CHIQUE E O POSTO SETA	AFOGADOS	""	""	COLISÃO LATERAL	1,0	1,0	0,0	0,0	0,0	0,0	0,0	0,0	0,0	1,0	0,0	""	""	""	""	""	""	""	""	""	""	""	""	""
3618	202328630,0	2023-11-30T00:00:00	08:53:00	COM VÍTIMA	FINALIZADA	SANTO AMARO	RUA DOS PALMARES	""	""	PROX. A GUARDA MUNICIPAL, SUPERMERCADO RM EXPRESS	SANTO AMARO	""	""	COLISÃO LATERAL	0,0	1,0	0,0	0,0	0,0	0,0	0,0	0,0	0,0	1,0	0,0	""	""	""	""	""	""	""	""	""	""	""	""	""
3619	202328642,0	2023-11-30T00:00:00	09:42:00	COM VÍTIMA	FINALIZADA	BOMBA DO HEMETERIO	RUA BOMBA DO HEMETERIO	""	""	EM FRENTE A CLINICA DE FIOTERAPIA / E EM FRENTE AO MERCADO COMPRE MAIS	BOMBA DO HEMETERIO	""	""	COLISÃO	0,0	1,0	0,0	0,0	0,0	0,0	0,0	0,0	0,0	1,0	0,0	""	""	""	""	""	""	""	""	""	""	""	""	""
3620	202328647,0	2023-11-30T00:00:00	10:43:00	COM VÍTIMA	FINALIZADA	ILHA DO LEITE	AV GOVERNADOR AGAMENON MAGALHAES	""	""	SENT. BOA VIAGEM EM FRENTE AO HOSPITAL VETERINARIO	ILHA DO LEITE	""	""	COLISÃO LATERAL	0,0	1,0	0,0	0,0	0,0	0,0	0,0	0,0	0,0	1,0	0,0	""	""	""	""	""	""	""	""	""	""	""	""	""
3621	202328649,0	2023-11-30T00:00:00	11:11:00	COM VÍTIMA	FINALIZADA	DOIS IRMAOS	RUA MANUEL DE MEDEIROS	""	""	EM FRENTE A COMPESA  / PROX SEMÁFORO 712	DOIS IRMAOS	""	""	COLISÃO LATERAL	1,0	1,0	0,0	0,0	0,0	0,0	0,0	0,0	0,0	1,0	0,0	""	""	""	""	""	""	""	""	""	""	""	""	""
3622	202328655,0	2023-11-30T00:00:00	11:54:00	COM VÍTIMA	FINALIZADA	IPSEP	RUA ROSA MAGALHAES	""	AV RECIFE	PROX. AO ARMAZEM CORAL, POSTO SHELL E FARMACIA PAGUE MENOS	IPSEP	""	""	COLISÃO LATERAL	0,0	1,0	0,0	0,0	0,0	0,0	0,0	0,0	0,0	1,0	0,0	""	""	""	""	""	""	""	""	""	""	""	""	""
3623	202328658,0	2023-11-30T00:00:00	12:31:00	COM VÍTIMA	CANCELADA	AFOGADOS	RUA SAO MIGUEL	558	""	APOS O BANCO DO BRASIL  DO LADO ESQUERDO	AFOGADOS	""	""	COLISÃO TRASEIRA	1,0	1,0	0,0	0,0	0,0	0,0	0,0	0,0	0,0	1,0	0,0	""	""	""	""	""	""	""	""	""	""	""	""	""
3624	202328663,0	2023-11-30T00:00:00	01:00:00	COM VÍTIMA	CANCELADA	VARZEA	AV AFONSO OLINDENSE	850	""	PROX A LOMBADA ELETRONICA	VARZEA	""	""	COLISÃO LATERAL	0,0	2,0	0,0	0,0	0,0	0,0	0,0	0,0	0,0	1,0	0,0	""	""	""	""	""	""	""	""	""	""	""	""	""
3625	202328664,0	2023-11-30T00:00:00	01:09:00	COM VÍTIMA	FINALIZADA	IPSEP	RUA ADERBAL DE MELO	151	""	NA RUA DA BUDEGA DO MEU LINDO	IPSEP	""	""	COLISÃO FRONTAL	1,0	1,0	0,0	0,0	0,0	0,0	0,0	0,0	0,0	1,0	0,0	""	""	""	""	""	""	""	""	""	""	""	""	""
3626	202328665,0	2023-11-30T00:00:00	01:18:00	COM VÍTIMA	FINALIZADA	BOA VIAGEM	AV ENGENHEIRO DOMINGOS FERREIRA	2986	RUA MARIA CAROLINA	GALERIA GUARARAPES	BOA VIAGEM	""	""	COLISÃO FRONTAL	1,0	1,0	0,0	0,0	0,0	0,0	0,0	0,0	0,0	1,0	0,0	""	""	""	""	""	""	""	""	""	""	""	""	""
3627	202328666,0	2023-11-30T00:00:00	01:41:00	COM VÍTIMA	FINALIZADA	SANCHO	RUA GUANABARA	""	""	PROX AO  SUPERMERCADO CUSTODIA NO SEMAFORO 157	SANCHO	""	""	COLISÃO LATERAL	1,0	2,0	0,0	0,0	0,0	0,0	0,0	0,0	0,0	1,0	0,0	""	""	""	""	""	""	""	""	""	""	""	""	""
3628	202328668,0	2023-11-30T00:00:00	01:58:00	COM VÍTIMA	FINALIZADA	IPSEP	RUA PINTOR ANTONIO ALBUQUERQUE	""	RUA PROFESSOR JOSE VICENTE	""	IPSEP	""	""	COLISÃO LATERAL	0,0	0,0	0,0	0,0	0,0	0,0	0,0	0,0	0,0	2,0	0,0	""	""	""	""	""	""	""	""	""	""	""	""	""
3629	202328670,0	2023-11-30T00:00:00	02:20:00	SEM VÍTIMA	FINALIZADA	DERBY	AV GOVERNADOR AGAMENON MAGALHAES	""	""	HOSPITAL DA RESTAURAÇÃO	DERBY	""	""	COLISÃO LATERAL	1,0	0,0	0,0	0,0	0,0	0,0	0,0	1,0	0,0	0,0	0,0	""	""	""	""	""	""	""	""	""	""	""	""	""
3630	202328671,0	2023-11-30T00:00:00	02:24:00	SEM VÍTIMA	FINALIZADA	MACAXEIRA	AV NORTE MIGUEL ARRAES DE ALENCAR	""	""	LOGO APÓS O SEMÁFORO Nº 671	MACAXEIRA	671,0	CIDADE	COLISÃO TRASEIRA	1,0	0,0	0,0	0,0	0,0	1,0	0,0	0,0	0,0	0,0	0,0	""	""	""	""	""	""	""	""	""	""	""	""	""
3631	202328673,0	2023-11-30T00:00:00	02:56:00	COM VÍTIMA	FINALIZADA	ENCRUZILHADA	AV NORTE MIGUEL ARRAES DE ALENCAR	""	""	PRÓXIMO A RENAULT	ENCRUZILHADA	665,0	""	COLISÃO TRASEIRA	1,0	1,0	0,0	0,0	0,0	0,0	0,0	0,0	0,0	1,0	0,0	""	""	""	""	""	""	""	""	""	""	""	""	""
3632	202328674,0	2023-11-30T00:00:00	02:57:00	COM VÍTIMA	DUPLICIDADE	BOA VIAGEM	AV ENGENHEIRO DOMINGOS FERREIRA	2538	""	E/F A GALERIA GUARARAPES	BOA VIAGEM	""	""	COLISÃO	0,0	1,0	0,0	0,0	0,0	0,0	0,0	0,0	0,0	1,0	0,0	""	""	""	""	""	""	""	""	""	""	""	""	""
3633	202328679,0	2023-11-30T00:00:00	04:35:00	COM VÍTIMA	FINALIZADA	IMBIRIBEIRA	AV MARECHAL MASCARENHAS DE MORAES	7715	""	PROXIMO  AEROPORTO	IMBIRIBEIRA	""	""	COLISÃO	0,0	1,0	0,0	0,0	0,0	0,0	0,0	0,0	0,0	1,0	0,0	""	""	""	""	""	""	""	""	""	""	""	""	""
3634	202328685,0	2023-11-30T00:00:00	05:38:00	COM VÍTIMA	CANCELADA	IMBIRIBEIRA	AV MARECHAL MASCARENHAS DE MORAES	2777	""	PRÓXIMO A NEO BLINDADOS E À UNIVERSO	IMBIRIBEIRA	""	AFOGADOS	COLISÃO LATERAL	0,0	0,0	0,0	0,0	0,0	0,0	0,0	0,0	0,0	1,0	0,0	""	""	""	""	""	""	""	""	""	""	""	""	""
3635	202328687,0	2023-11-30T00:00:00	05:49:00	COM VÍTIMA	FINALIZADA	AFOGADOS	RUA JOAQUIM DE VASCONCELOS PEREIRA	54B	""	EM FRENTE AO MINISTÉRIO PÚBLICO	AFOGADOS	""	""	ATROPELAMENTO DE PESSOA	0,0	1,0	0,0	0,0	1,0	0,0	0,0	0,0	0,0	1,0	0,0	""	""	""	""	""	""	""	""	""	""	""	""	""
3636	202328701,0	2023-11-30T00:00:00	06:53:00	COM VÍTIMA	CANCELADA	PORTO DA MADEIRA	AV CIDADE DE MONTEIRO	505	""	SENTIDPO AGUA FRIA E/F AO ARMAZEM CORAL	PORTO DA MADEIRA	""	""	COLISÃO	0,0	1,0	0,0	0,0	0,0	0,0	0,0	0,0	0,0	1,0	0,0	""	""	""	""	""	""	""	""	""	""	""	""	""
3637	202328702,0	2023-11-30T00:00:00	08:07:00	COM VÍTIMA	FINALIZADA	AGUA FRIA	AV BEBERIBE	""	""	EM FRENTE AO POSTO DE COMBUSTIVEL PETROBRAS E AUTO ESCOLA PILOTO	AGUA FRIA	""	""	COLISÃO LATERAL	0,0	1,0	0,0	0,0	0,0	0,0	0,0	0,0	0,0	1,0	0,0	""	""	""	""	""	""	""	""	""	""	""	""	""
3638	202328711,0	2023-11-30T00:00:00	11:03:00	COM VÍTIMA	FINALIZADA	JAQUEIRA	AV CONS ROSA E SILVA	2061	""	E/F À ACADEMIA SMART FIT - PROXIMO À PADARIA JAQUEIRA	JAQUEIRA	""	""	COLISÃO LATERAL	1,0	1,0	0,0	0,0	0,0	0,0	0,0	0,0	0,0	2,0	0,0	""	""	""	""	""	""	""	""	""	""	""	""	""
3639	202328722,0	2023-12-01T00:00:00	06:43:00	COM VÍTIMA	FINALIZADA	IPSEP	AV RECIFE	""	""	EM FRENTE AO ARMAZEM CORAL E AO POSTO SHELL	IPSEP	""	""	ATROPELAMENTO DE PESSOA	0,0	1,0	0,0	0,0	1,0	0,0	0,0	0,0	0,0	1,0	0,0	""	""	""	""	""	""	""	""	""	""	""	""	""
3640	202328725,0	2023-12-01T00:00:00	07:20:00	COM VÍTIMA	FINALIZADA	AGUA FRIA	AV BEBERIBE	""	""	EM FRENTE A MAGAZINE LUIZA E LOJA DOMINANTE	AGUA FRIA	""	""	COLISÃO LATERAL	0,0	1,0	0,0	0,0	0,0	0,0	0,0	0,0	0,0	1,0	0,0	""	""	""	""	""	""	""	""	""	""	""	""	""
3641	202328726,0	2023-12-01T00:00:00	07:27:00	COM VÍTIMA	FINALIZADA	IPSEP	RUA ITACARI	""	RUA ITAJAI	""	IPSEP	""	""	COLISÃO	0,0	0,0	0,0	0,0	0,0	0,0	0,0	0,0	0,0	2,0	0,0	""	""	""	""	""	""	""	""	""	""	""	""	""
3642	202328728,0	2023-12-01T00:00:00	07:27:00	COM VÍTIMA	DUPLICIDADE	IMBIRIBEIRA	RUA ITACARI	""	""	PROX. AO BANCO DO BRAZIL E BANCO ITAU	IMBIRIBEIRA	""	""	COLISÃO	0,0	1,0	0,0	0,0	0,0	0,0	0,0	0,0	0,0	1,0	0,0	""	""	""	""	""	""	""	""	""	""	""	""	""
3643	202328729,0	2023-12-01T00:00:00	07:37:00	COM VÍTIMA	FINALIZADA	AFOGADOS	RUA SAO MIGUEL	""	""	PROX. AO POSTO DE GASOLINA DISLUB, PROX. AO BANCO DO BRASIL	AFOGADOS	""	""	COLISÃO LATERAL	1,0	1,0	0,0	0,0	0,0	0,0	0,0	0,0	0,0	1,0	0,0	""	""	""	""	""	""	""	""	""	""	""	""	""
3644	202328730,0	2023-12-01T00:00:00	07:40:00	COM VÍTIMA	FINALIZADA	SANTO AMARO	RUA SANTO AMARO	""	""	EM FRENTE AO SHOPPPING TACARUNA / AO LADO DA PARADA DO BRT	SANTO AMARO	""	""	COLISÃO	0,0	1,0	0,0	0,0	0,0	0,0	0,0	0,0	0,0	1,0	0,0	""	""	""	""	""	""	""	""	""	""	""	""	""
3645	202328738,0	2023-12-01T00:00:00	08:27:00	COM VÍTIMA	FINALIZADA	SANTO AMARO	AV PREFEITO ARTUR LIMA CAVALCANTI	""	""	""	SANTO AMARO	""	""	COLISÃO LATERAL	1,0	1,0	0,0	0,0	0,0	0,0	0,0	0,0	0,0	1,0	0,0	""	""	""	""	""	""	""	""	""	""	""	""	""
3646	202328748,0	2023-12-01T00:00:00	09:53:00	COM VÍTIMA	CANCELADA	ARRUDA	RUA DA REGENERACAO	""	RUA SAGRADA FAMILIA	""	ARRUDA	""	""	COLISÃO	0,0	0,0	0,0	0,0	0,0	0,0	0,0	0,0	0,0	1,0	0,0	""	""	""	""	""	""	""	""	""	""	""	""	""
3647	202328751,0	2023-12-01T00:00:00	10:22:00	COM VÍTIMA	FINALIZADA	BOA VIAGEM	AV BOA VIAGEM	4988	""	PROX AO QUIOSQUE 38 / PROX AO EDIFICIO MARIA ANGELA LUCENA	BOA VIAGEM	""	""	COLISÃO	0,0	1,0	0,0	0,0	0,0	0,0	0,0	0,0	0,0	1,0	0,0	""	""	""	""	""	""	""	""	""	""	""	""	""
3648	202328768,0	2023-12-01T00:00:00	01:08:00	COM VÍTIMA	FINALIZADA	AFOGADOS	RUA COSME VIANA	714	""	E/F AO GALPÃO DA PEDRAGON /  PROXIMO AO POSTO DE GASOLINA SETA	AFOGADOS	""	""	COLISÃO	0,0	1,0	0,0	0,0	0,0	0,0	0,0	0,0	0,0	1,0	0,0	""	""	""	""	""	""	""	""	""	""	""	""	""
3649	202328778,0	2023-12-01T00:00:00	02:32:00	COM VÍTIMA	FINALIZADA	VARZEA	AV AFONSO OLINDENSE	1355	""	E/F  A FARMACIA PAGUE MENOS	VARZEA	""	""	COLISÃO LATERAL	1,0	1,0	0,0	0,0	0,0	0,0	0,0	0,0	0,0	2,0	0,0	""	""	""	""	""	""	""	""	""	""	""	""	""
3650	202328781,0	2023-12-01T00:00:00	03:05:00	COM VÍTIMA	CANCELADA	CAXANGA	AV CAXANGA	8898	""	PROXIMO AO SUPERMERCADO TEM / ANTES DO POSTO PADRE CICERO	CAXANGA	""	""	COLISÃO	0,0	1,0	0,0	0,0	0,0	0,0	0,0	0,0	0,0	1,0	0,0	""	""	""	""	""	""	""	""	""	""	""	""	""
3651	202328785,0	2023-12-01T00:00:00	03:46:00	COM VÍTIMA	FINALIZADA	ARRUDA	AV BEBERIBE	690	""	Grupo Volkswagen	ARRUDA	""	""	COLISÃO LATERAL	1,0	1,0	0,0	0,0	0,0	0,0	0,0	0,0	0,0	1,0	0,0	""	""	""	""	""	""	""	""	""	""	""	""	""
3652	202328786,0	2023-12-01T00:00:00	03:47:00	COM VÍTIMA	FINALIZADA	SAN MARTIN	RUA COMENDADOR FRANCO FERREIRA	888	""	AO LADO DA CAVALERIA	SAN MARTIN	""	""	COLISÃO	0,0	1,0	0,0	0,0	0,0	0,0	0,0	0,0	0,0	1,0	0,0	""	""	""	""	""	""	""	""	""	""	""	""	""
3653	202328787,0	2023-12-01T00:00:00	03:50:00	COM VÍTIMA	FINALIZADA	TAMARINEIRA	RUA DO FUTURO	2598	""	CRUZAMENTO COM A RUA SENADOR ALBERTO PAIVA PROXIMO AO  HABIBS	TAMARINEIRA	""	""	COLISÃO	0,0	1,0	0,0	0,0	0,0	0,0	0,0	0,0	0,0	1,0	0,0	""	""	""	""	""	""	""	""	""	""	""	""	""
3654	202328789,0	2023-12-01T00:00:00	04:11:00	COM VÍTIMA	FINALIZADA	SAO JOSE	AV ENGENHEIRO JOSE ESTELITA	1101	""	PROXIMO A OBRA DO ESTELITA	SAO JOSE	""	""	COLISÃO	0,0	1,0	0,0	0,0	0,0	0,0	0,0	0,0	0,0	1,0	0,0	""	""	""	""	""	""	""	""	""	""	""	""	""
3655	202328790,0	2023-12-01T00:00:00	04:08:00	COM VÍTIMA	FINALIZADA	DERBY	RUA CARLOS PORTO CARREIRO	""	AV GOVERNADOR AGAMENON MAGALHAES	E/F A MCDONALD´S	DERBY	""	""	COLISÃO LATERAL	1,0	1,0	0,0	0,0	0,0	0,0	0,0	0,0	0,0	1,0	0,0	""	""	""	""	""	""	""	""	""	""	""	""	""
3656	202328791,0	2023-12-01T00:00:00	04:29:00	COM VÍTIMA	FINALIZADA	BOMBA DO HEMETERIO	RUA CHA DE ALEGRIA	363	""	PROX AO CLUBE TEIMOSO  VT 20	BOMBA DO HEMETERIO	""	""	COLISÃO FRONTAL	1,0	1,0	0,0	0,0	0,0	0,0	0,0	0,0	0,0	1,0	0,0	""	""	""	""	""	""	""	""	""	""	""	""	""
3657	202328795,0	2023-12-01T00:00:00	05:43:00	COM VÍTIMA	FINALIZADA	CAXANGA	AV CAXANGA	8941	""	PROXIMO A EXPOSIÇÃO DE ANIMAIS // CANAL DO CABOUCO	CAXANGA	""	""	COLISÃO	0,0	1,0	0,0	0,0	0,0	0,0	0,0	0,0	0,0	1,0	0,0	""	""	""	""	""	""	""	""	""	""	""	""	""
3658	202328796,0	2023-12-01T00:00:00	05:46:00	COM VÍTIMA	FINALIZADA	CAMPO GRANDE	RUA DR MACHADO	72	""	PROXIMO AO BAR DO PIU PIU // NA RUA DA PADARIA SANTO ANTÕNIO	CAMPO GRANDE	""	""	COLISÃO	0,0	1,0	0,0	0,0	0,0	0,0	0,0	0,0	0,0	1,0	0,0	""	""	""	""	""	""	""	""	""	""	""	""	""
3659	202328798,0	2023-12-01T00:00:00	05:47:00	SEM VÍTIMA	FINALIZADA	IBURA	LAD DA COHAB	""	""	""	IBURA	""	""	CHOQUE	0,0	0,0	0,0	0,0	0,0	0,0	1,0	0,0	0,0	0,0	0,0	""	""	""	""	""	""	""	""	""	""	""	""	""
3660	202328802,0	2023-12-01T00:00:00	06:17:00	VÍTIMA FATAL	FINALIZADA	IPSEP	AV MARECHAL MASCARENHAS DE MORAES	""	RUA ITACARI	SENTIDO AEROPORTO PRÓXIMO AO BANCO ITAU  , PRÓXIMO AO BANCO IPIRANGA VÍTIMA NO LOCAL FOI A OBTO,	IPSEP	""	""	COLISÃO COM CICLISTA	0,0	0,0	0,0	1,0	0,0	0,0	1,0	0,0	0,0	0,0	1,0	""	""	""	""	""	""	""	""	""	""	""	""	""
3661	202328805,0	2023-12-01T00:00:00	06:53:00	COM VÍTIMA	FINALIZADA	IBURA	AV DOIS RIOS	713	""	MAVEL BURGUE  //  SORVETERIA FLOQUINHO	IBURA	""	""	COLISÃO FRONTAL	1,0	1,0	0,0	0,0	0,0	0,0	0,0	0,0	0,0	1,0	0,0	""	""	""	""	""	""	""	""	""	""	""	""	""
3662	202328815,0	2023-12-01T00:00:00	09:44:00	COM VÍTIMA	FINALIZADA	VARZEA	AV CAXANGA	""	""	EM FRENTE A UPA DA CAXANGÁ	VARZEA	""	""	COLISÃO	0,0	2,0	0,0	0,0	0,0	0,0	0,0	0,0	0,0	2,0	0,0	""	""	""	""	""	""	""	""	""	""	""	""	""
3663	202328819,0	2023-12-01T00:00:00	11:39:00	VÍTIMA FATAL	FINALIZADA	IBURA	RUA VALE DO ITAJAI	""	""	EM FRENTE A UPA/ LAGOA ENCANTADA	IBURA	""	""	ATROPELAMENTO DE PESSOA	0,0	0,0	0,0	0,0	1,0	0,0	0,0	0,0	0,0	0,0	1,0	""	""	""	""	""	""	""	""	""	""	""	""	""
3664	202328821,0	2023-12-02T00:00:00	01:41:00	SEM VÍTIMA	FINALIZADA	BOA VIAGEM	RUA VISCONDE DE JEQUITINHONHA	""	""	PRÓXIMA AO PARQUE DONA LINDU	BOA VIAGEM	""	SUBURBIO	COLISÃO	1,0	1,0	0,0	0,0	0,0	0,0	0,0	0,0	0,0	0,0	0,0	""	""	""	""	""	""	""	""	""	""	""	""	""
3665	202328828,0	2023-12-02T00:00:00	06:14:00	SEM VÍTIMA	FINALIZADA	CIDADE UNIVERSITARIA	RUA GENERAL POLIDORO	718	""	""	CIDADE UNIVERSITARIA	""	""	COLISÃO	2,0	0,0	0,0	0,0	0,0	0,0	0,0	0,0	0,0	0,0	0,0	""	""	""	""	""	""	""	""	""	""	""	""	""
3666	202328843,0	2023-12-02T00:00:00	07:59:00	COM VÍTIMA	FINALIZADA	IPUTINGA	RUA PADRE FERNAO CARDIM	""	""	POR TRÁS DO PERNAMBUCO DA SORTE / PROX A ESCOLA TECNICA	IPUTINGA	""	""	COLISÃO	0,0	1,0	0,0	0,0	0,0	0,0	0,0	0,0	0,0	1,0	0,0	""	""	""	""	""	""	""	""	""	""	""	""	""
3667	202328851,0	2023-12-02T00:00:00	09:01:00	COM VÍTIMA	FINALIZADA	IBURA	AV DOIS RIOS	""	""	PROX A UPA E A CLINICA SENA SAÚDE	IBURA	""	""	COLISÃO	0,0	1,0	0,0	0,0	0,0	0,0	0,0	0,0	0,0	1,0	0,0	""	""	""	""	""	""	""	""	""	""	""	""	""
3668	202328854,0	2023-12-02T00:00:00	09:10:00	COM VÍTIMA	FINALIZADA	IPUTINGA	AV MAURICIO DE NASSAU	""	""	PROX AO ARMAZEM PARALELO DA CONSTRUÇÃO / PROX AO PARQUE DO CAIARA	IPUTINGA	""	""	COLISÃO	0,0	1,0	0,0	0,0	0,0	0,0	0,0	0,0	0,0	1,0	0,0	""	""	""	""	""	""	""	""	""	""	""	""	""
3669	202328859,0	2023-12-02T00:00:00	10:00:00	COM VÍTIMA	FINALIZADA	LINHA DO TIRO	RUA URIEL DE HOLANDA	839	RUA VISCONDE DE CRUZEIRO	PROX A PADARIA PAN DEIVISON / PROX AO CALDINHO DE AMBROSIO	LINHA DO TIRO	""	""	COLISÃO LATERAL	1,0	1,0	0,0	0,0	0,0	0,0	0,0	0,0	0,0	1,0	0,0	""	""	""	""	""	""	""	""	""	""	""	""	""
3670	202328871,0	2023-12-02T00:00:00	12:21:00	COM VÍTIMA	FINALIZADA	CAXANGA	AV CAXANGA	""	""	EM FRENTE AO ANTIGO BOMPREÇO DA CAXANGA / PROX DO VIADUTO	CAXANGA	""	SUBURBIO	COLISÃO COM CICLISTA	1,0	0,0	0,0	1,0	0,0	0,0	0,0	0,0	0,0	1,0	0,0	""	""	""	""	""	""	""	""	""	""	""	""	""
3671	202328876,0	2023-12-02T00:00:00	12:45:00	COM VÍTIMA	FINALIZADA	SANTO AMARO	AV CRUZ CABUGA	""	""	PROX  AO HOSPITAL CASA DA MISERICORDIA	SANTO AMARO	""	""	COLISÃO	1,0	1,0	0,0	0,0	0,0	0,0	0,0	0,0	0,0	1,0	0,0	""	""	""	""	""	""	""	""	""	""	""	""	""
3672	202328909,0	2023-12-02T00:00:00	10:27:00	COM VÍTIMA	FINALIZADA	IPSEP	AV RECIFE	""	AV SENADOR ROBERT KENNEDY	SEGUNDO SINAL APOS O SAL E BRASA, SENTIDO AREIAS	IPSEP	""	""	COLISÃO TRASEIRA	2,0	0,0	0,0	0,0	0,0	0,0	0,0	0,0	0,0	1,0	0,0	""	""	""	""	""	""	""	""	""	""	""	""	""
3673	202328911,0	2023-12-03T00:00:00	12:01:00	COM VÍTIMA	FINALIZADA	BONGI	EST DO BONGI	""	""	E/F CAVALARIA	BONGI	""	""	COLISÃO LATERAL	1,0	1,0	0,0	0,0	0,0	0,0	0,0	0,0	0,0	1,0	0,0	""	""	""	""	""	""	""	""	""	""	""	""	""
3674	202328912,0	2023-12-03T00:00:00	12:12:00	COM VÍTIMA	FINALIZADA	CAXANGA	AV CAXANGA	4038	""	E/F IPUTINGA AUTOMOVEL	CAXANGA	""	""	COLISÃO TRASEIRA	2,0	0,0	0,0	0,0	0,0	0,0	0,0	0,0	0,0	1,0	0,0	""	""	""	""	""	""	""	""	""	""	""	""	""
3675	202328937,0	2023-12-03T00:00:00	08:19:00	COM VÍTIMA	FINALIZADA	BAIRRO DO RECIFE	AV BARBOSA LIMA	""	""	PROX. AO MARCO ZERO	BAIRRO DO RECIFE	""	""	COLISÃO LATERAL	0,0	1,0	0,0	0,0	0,0	0,0	0,0	0,0	0,0	1,0	0,0	""	""	""	""	""	""	""	""	""	""	""	""	""
3676	202328939,0	2023-12-03T00:00:00	08:59:00	SEM VÍTIMA	FINALIZADA	PINA	AV DR DIRCEU VELLOSO TOSCANO DE BRITO	167	""	PROX AO SHOPPING RIO MAR	PINA	""	""	COLISÃO LATERAL	1,0	0,0	0,0	0,0	0,0	0,0	1,0	0,0	0,0	0,0	0,0	""	""	""	""	""	""	""	""	""	""	""	""	""
3677	202328946,0	2023-12-03T00:00:00	09:52:00	COM VÍTIMA	FINALIZADA	BOA VIAGEM	RUA SETUBAL	""	""	PROX A PADARIA PAN JOVEM, SENTIDO PRAIA	BOA VIAGEM	""	""	COLISÃO	0,0	1,0	0,0	0,0	0,0	0,0	0,0	0,0	0,0	1,0	0,0	""	""	""	""	""	""	""	""	""	""	""	""	""
3678	202328958,0	2023-12-03T00:00:00	12:55:00	SEM VÍTIMA	FINALIZADA	CAMPO GRANDE	RUA PROFESSOR FRANCISCO DA TRINDADE	598	""	""	CAMPO GRANDE	""	SUBURBIO	COLISÃO LATERAL	2,0	0,0	0,0	0,0	0,0	0,0	0,0	0,0	0,0	0,0	0,0	""	""	""	""	""	""	""	""	""	""	""	""	""
3679	202328959,0	2023-12-03T00:00:00	12:58:00	COM VÍTIMA	FINALIZADA	PRADO	RUA GOMES TABORDA	657	""	PROX AO BAILE PERFUMADO, EM FRENTE A IGREJA RIO	PRADO	""	""	COLISÃO	0,0	1,0	0,0	0,0	0,0	0,0	0,0	0,0	0,0	1,0	0,0	""	""	""	""	""	""	""	""	""	""	""	""	""
3680	202328961,0	2023-12-03T00:00:00	01:37:00	COM VÍTIMA	FINALIZADA	BOMBA DO HEMETERIO	RUA BOMBA DO HEMETERIO	467	""	PROXIMO ABANADORES DO ARRUDA // PROXIMO A FUNERARIA CANAA	BOMBA DO HEMETERIO	""	""	COLISÃO	1,0	1,0	0,0	0,0	0,0	0,0	0,0	0,0	0,0	1,0	0,0	""	""	""	""	""	""	""	""	""	""	""	""	""
3681	202328963,0	2023-12-03T00:00:00	01:50:00	COM VÍTIMA	FINALIZADA	DERBY	AV GOVERNADOR AGAMENON MAGALHAES	""	""	CRUZAMENTO DO DERBY PISTA LOCAL	DERBY	""	""	ATROPELAMENTO DE PESSOA	0,0	1,0	0,0	0,0	1,0	0,0	0,0	0,0	0,0	1,0	0,0	""	""	""	""	""	""	""	""	""	""	""	""	""
3682	202328978,0	2023-12-03T00:00:00	05:09:00	SEM VÍTIMA	FINALIZADA	BOA VIAGEM	AV ENGENHEIRO DOMINGOS FERREIRA	2700	""	AO LADO DO Nº 2700	BOA VIAGEM	""	SUBURBIO	COLISÃO LATERAL	0,0	2,0	0,0	0,0	0,0	0,0	0,0	0,0	0,0	0,0	0,0	""	""	""	""	""	""	""	""	""	""	""	""	""