_id	Protocolo	data	hora	natureza	situacao	bairro	endereco	numero	detalhe_endereco_acidente	complemento	bairro_cruzamento	num_semaforo	sentido_via	tipo	auto	moto	ciclom	ciclista	pedestre	onibus	caminhao	viatura	outros	vitimas	vitimasfatais	acidente_verificado	tempo_clima	situacao_semaforo	sinalizacao	condicao_via	conservacao_via	ponto_controle	situacao_placa	velocidade_max_via	mao_direcao	divisao_via1	divisao_via2	divisao_via3
3683	202328981,0	2023-12-03T00:00:00	06:08:00	COM VÍTIMA	FINALIZADA	CAXANGA	AV CAXANGA	""	""	UPA DA CAXANGA	CAXANGA	""	""	ATROPELAMENTO DE PESSOA	1,0	0,0	0,0	1,0	0,0	0,0	0,0	0,0	0,0	1,0	0,0	""	""	""	""	""	""	""	""	""	""	""	""	""
3684	202328983,0	2023-12-03T00:00:00	06:19:00	COM VÍTIMA	FINALIZADA	BOA VIAGEM	RUA DOS NAVEGANTES	2288	""	PROXIMO AO ED. ESCALAS //  ED. CASTELINHO	BOA VIAGEM	""	""	COLISÃO LATERAL	1,0	1,0	0,0	0,0	0,0	0,0	0,0	0,0	0,0	1,0	0,0	""	""	""	""	""	""	""	""	""	""	""	""	""
3685	202328984,0	2023-12-03T00:00:00	06:31:00	COM VÍTIMA	CANCELADA	CAXANGA	AV CAXANGA	""	""	REF: EM FRENTE A UPA DA CAXANGA	CAXANGA	""	""	COLISÃO FRONTAL	1,0	1,0	0,0	0,0	0,0	0,0	0,0	0,0	0,0	1,0	0,0	""	""	""	""	""	""	""	""	""	""	""	""	""
3686	202328991,0	2023-12-03T00:00:00	07:19:00	SEM VÍTIMA	FINALIZADA	NOVA DESCOBERTA	RUA VASCO DA GAMA	""	""	AO LADO DA MADRUGADA BURGUER	NOVA DESCOBERTA	""	""	COLISÃO	1,0	1,0	0,0	0,0	0,0	0,0	0,0	0,0	0,0	0,0	0,0	""	""	""	""	""	""	""	""	""	""	""	""	""
3687	202328994,0	2023-12-03T00:00:00	07:58:00	SEM VÍTIMA	FINALIZADA	AREIAS	AV IZABEL DE GOES	297	""	""	AREIAS	""	""	COLISÃO	1,0	1,0	0,0	0,0	0,0	0,0	0,0	0,0	0,0	0,0	0,0	""	""	""	""	""	""	""	""	""	""	""	""	""
3688	202329004,0	2023-12-04T00:00:00	03:29:00	VÍTIMA FATAL	FINALIZADA	MADALENA	AV VISCONDE DE ALBUQUERQUE	""	RUA JOSE OSORIO	FARMÁCIA PAGUE MENOS	MADALENA	""	""	COLISÃO	1,0	0,0	0,0	0,0	0,0	0,0	1,0	0,0	0,0	0,0	2,0	""	""	""	""	""	""	""	""	""	""	""	""	""
3689	202329024,0	2023-12-04T00:00:00	08:48:00	COM VÍTIMA	FINALIZADA	PINA	AVENIDA CELSO FURTADO (VIA MANGUE)	""	""	PROX AO AO LADO DO EMPRESARIAL PINA E A CONSTRUÇÃO DA UPINHA NA SUB DA VIA MANGUE	PINA	""	""	COLISÃO	0,0	1,0	0,0	0,0	0,0	0,0	0,0	0,0	0,0	1,0	0,0	""	""	""	""	""	""	""	""	""	""	""	""	""
3690	202329025,0	2023-12-04T00:00:00	08:49:00	COM VÍTIMA	FINALIZADA	SAO JOSE	PRC DAS CINCO PONTAS	""	""	DESCIDA DO VIADUTO	SAO JOSE	""	""	COLISÃO LATERAL	1,0	1,0	0,0	0,0	0,0	0,0	0,0	0,0	0,0	1,0	0,0	""	""	""	""	""	""	""	""	""	""	""	""	""
3691	202329028,0	2023-12-04T00:00:00	09:30:00	COM VÍTIMA	FINALIZADA	ESPINHEIRO	RUA DA HORA	""	""	PROX. AO BANCO DO BRASIL E O CREA	ESPINHEIRO	""	""	COLISÃO LATERAL	0,0	1,0	0,0	0,0	0,0	0,0	0,0	0,0	0,0	1,0	0,0	""	""	""	""	""	""	""	""	""	""	""	""	""
3692	202329029,0	2023-12-04T00:00:00	09:29:00	COM VÍTIMA	DUPLICIDADE	SAO JOSE	AV ENGENHEIRO JOSE ESTELITA	""	""	PROX AO VIADUTO DO FORTE DAS CINCO PONTAS SENTIDO CENTRO CIDADE	SAO JOSE	""	""	COLISÃO	0,0	1,0	0,0	0,0	0,0	0,0	0,0	0,0	0,0	1,0	0,0	""	""	""	""	""	""	""	""	""	""	""	""	""
3693	202329043,0	2023-12-04T00:00:00	10:15:00	SEM VÍTIMA	FINALIZADA	IPSEP	RUA JAMAICA	188	RUA ITAJAI	IGREJA PRESBITERIANA MEMORIAL DA IMBIRIBEIRA	IPSEP	""	CIDADE	COLISÃO LATERAL	2,0	0,0	0,0	0,0	0,0	0,0	0,0	0,0	0,0	0,0	0,0	""	""	""	""	""	""	""	""	""	""	""	""	""
3694	202329045,0	2023-12-04T00:00:00	10:31:00	COM VÍTIMA	FINALIZADA	IPSEP	AV RECIFE	""	""	PROX. AO POSTO DE GASOLINA BR, LADO OPOSTO AO N° 3452	IPSEP	""	""	COLISÃO TRASEIRA	1,0	1,0	0,0	0,0	0,0	0,0	0,0	0,0	0,0	1,0	0,0	""	""	""	""	""	""	""	""	""	""	""	""	""
3695	202329046,0	2023-12-04T00:00:00	10:32:00	COM VÍTIMA	FINALIZADA	IMBIRIBEIRA	AV MARECHAL MASCARENHAS DE MORAES	""	""	AO LADO DO DEPOSITO DA LASER ELETRO / EM FRENTE A AUTO LINE	IMBIRIBEIRA	""	CIDADE	COLISÃO LATERAL	1,0	1,0	0,0	0,0	0,0	0,0	0,0	0,0	0,0	1,0	0,0	""	""	""	""	""	""	""	""	""	""	""	""	""
3696	202329048,0	2023-12-04T00:00:00	10:52:00	COM VÍTIMA	DUPLICIDADE	IPSEP	AV RECIFE	""	""	EM FRENTE AO POSTO BR, SENTIDO CAXANGÁ	IPSEP	""	""	COLISÃO LATERAL	1,0	1,0	0,0	0,0	0,0	0,0	0,0	0,0	0,0	1,0	0,0	""	""	""	""	""	""	""	""	""	""	""	""	""
3697	202329059,0	2023-12-04T00:00:00	12:54:00	COM VÍTIMA	FINALIZADA	BONGI	RUA ITAPEMIRIM	289	""	PROX A SECRETARIA DE SAÚDE	BONGI	""	""	COLISÃO LATERAL	1,0	1,0	0,0	0,0	0,0	0,0	0,0	0,0	0,0	1,0	0,0	""	""	""	""	""	""	""	""	""	""	""	""	""
3698	202329064,0	2023-12-04T00:00:00	01:40:00	COM VÍTIMA	FINALIZADA	TORREAO	AV GOVERNADOR AGAMENON MAGALHAES	""	""	EM FRENTE AO MPU	TORREAO	""	""	COLISÃO TRASEIRA	0,0	2,0	0,0	0,0	0,0	0,0	0,0	0,0	0,0	2,0	0,0	""	""	""	""	""	""	""	""	""	""	""	""	""
3699	202329072,0	2023-12-04T00:00:00	02:17:00	COM VÍTIMA	FINALIZADA	IMBIRIBEIRA	AV MARECHAL MASCARENHAS DE MORAES	""	""	E/F AFERREIRA COSTA  S/T CID	IMBIRIBEIRA	""	""	COLISÃO LATERAL	1,0	1,0	0,0	0,0	0,0	0,0	1,0	0,0	0,0	1,0	0,0	""	""	""	""	""	""	""	""	""	""	""	""	""
3700	202329084,0	2023-12-04T00:00:00	05:29:00	COM VÍTIMA	FINALIZADA	IPSEP	AV RAIMUNDO DINIZ	622	""	BARRACA PARADA DOS AMIGOS	IPSEP	""	""	COLISÃO FRONTAL	1,0	1,0	0,0	0,0	0,0	0,0	0,0	0,0	0,0	1,0	0,0	""	""	""	""	""	""	""	""	""	""	""	""	""
3701	202329086,0	2023-12-04T00:00:00	05:51:00	COM VÍTIMA	FINALIZADA	CAXANGA	AV CAXANGA	""	""	APÓS O COMPAZ	CAXANGA	""	""	COLISÃO LATERAL	0,0	0,0	0,0	0,0	0,0	0,0	0,0	0,0	0,0	1,0	0,0	""	""	""	""	""	""	""	""	""	""	""	""	""
3702	202329097,0	2023-12-04T00:00:00	07:19:00	COM VÍTIMA	FINALIZADA	GRACAS	AV GOVERNADOR AGAMENON MAGALHAES	""	""	EM FRENTE AO CLUBE PORTUGUÊS	GRACAS	""	""	COLISÃO	1,0	1,0	0,0	0,0	0,0	0,0	0,0	0,0	0,0	1,0	0,0	""	""	""	""	""	""	""	""	""	""	""	""	""
3703	202329122,0	2023-12-05T00:00:00	06:55:00	COM VÍTIMA	FINALIZADA	MADALENA	RUA REAL DA TORRE	954	""	AO LADO DO POSTO DE GASOLINA SETTA	MADALENA	""	""	COLISÃO LATERAL	1,0	1,0	0,0	0,0	0,0	0,0	0,0	0,0	0,0	1,0	0,0	""	""	""	""	""	""	""	""	""	""	""	""	""
3704	202329126,0	2023-12-05T00:00:00	07:53:00	COM VÍTIMA	FINALIZADA	VARZEA	RUA VALE DO SIRIJI	""	RUA DIOGO DE VASCONCELOS	PROX. AO COLEGIO ENSA NA LADEIRA DE ACESSO AO UR-07	VARZEA	""	""	COLISÃO LATERAL	0,0	1,0	0,0	0,0	0,0	0,0	0,0	0,0	0,0	1,0	0,0	""	""	""	""	""	""	""	""	""	""	""	""	""
3705	202329136,0	2023-12-05T00:00:00	09:40:00	COM VÍTIMA	FINALIZADA	SAO JOSE	RUA IMPERIAL	""	""	EM FRENTE AO HOTEL LUA DE MEL	SAO JOSE	""	""	COLISÃO FRONTAL	0,0	1,0	0,0	0,0	0,0	0,0	0,0	0,0	0,0	1,0	0,0	""	""	""	""	""	""	""	""	""	""	""	""	""
3706	202329142,0	2023-12-05T00:00:00	10:03:00	COM VÍTIMA	FINALIZADA	BOA VIAGEM	AV ENGENHEIRO DOMINGOS FERREIRA	2445	""	PROX AO EMPRESARIAL UNIVERSAL CENTER	BOA VIAGEM	""	""	COLISÃO LATERAL	0,0	1,0	0,0	0,0	0,0	0,0	0,0	0,0	0,0	1,0	0,0	""	""	""	""	""	""	""	""	""	""	""	""	""
3707	202329153,0	2023-12-05T00:00:00	11:51:00	COM VÍTIMA	FINALIZADA	MORRO DA CONCEICAO	AV NORTE MIGUEL ARRAES DE ALENCAR	""	""	NA ENTRADA DO MORRO DA CONCEIÇÃO, DO LADO DO DESCONTÃO	MORRO DA CONCEICAO	""	""	COLISÃO	2,0	1,0	0,0	0,0	0,0	0,0	0,0	0,0	0,0	1,0	0,0	""	""	""	""	""	""	""	""	""	""	""	""	""
3708	202329154,0	2023-12-05T00:00:00	11:53:00	COM VÍTIMA	FINALIZADA	AREIAS	AV RECIFE	""	""	PROX. AO CARREFOUR	AREIAS	""	""	COLISÃO LATERAL	0,0	1,0	0,0	0,0	0,0	0,0	0,0	0,0	0,0	1,0	0,0	""	""	""	""	""	""	""	""	""	""	""	""	""
3709	202329172,0	2023-12-05T00:00:00	02:05:00	COM VÍTIMA	FINALIZADA	AREIAS	AV RECIFE	""	""	LADO OPOSTO AO ATACADAO / SENTIDO CAXANGA	AREIAS	""	""	COLISÃO COM CICLISTA	0,0	0,0	0,0	1,0	0,0	1,0	0,0	0,0	0,0	1,0	0,0	""	""	""	""	""	""	""	""	""	""	""	""	""
3710	202329182,0	2023-12-05T00:00:00	03:28:00	COM VÍTIMA	FINALIZADA	MADALENA	RUA JOAO IVO DA SILVA	""	""	EM FRENTE AO POSTO DE GASOLINA PETROVIA / PROX AO MUSEU DA ABOLIÇÃO	MADALENA	""	""	COLISÃO	0,0	1,0	0,0	0,0	0,0	0,0	0,0	0,0	0,0	1,0	0,0	""	""	""	""	""	""	""	""	""	""	""	""	""
3711	202329191,0	2023-12-05T00:00:00	04:19:00	COM VÍTIMA	FINALIZADA	PINA	AV ENGENHEIRO DOMINGOS FERREIRA	""	""	EM FRENTE AO ARMAZEM BEIRA MAR	PINA	""	""	COLISÃO	1,0	1,0	0,0	0,0	0,0	0,0	0,0	0,0	0,0	1,0	0,0	""	""	""	""	""	""	""	""	""	""	""	""	""
3712	202329199,0	2023-12-05T00:00:00	05:50:00	COM VÍTIMA	FINALIZADA	MACAXEIRA	AV NORTE MIGUEL ARRAES DE ALENCAR	""	""	PROXIMO AO PARQUE DA MACAXEIRA E A ACADMIA DA CIDADE DO BURITI	MACAXEIRA	""	CIDADE	COLISÃO LATERAL	1,0	1,0	0,0	0,0	0,0	0,0	0,0	0,0	0,0	2,0	0,0	""	""	""	""	""	""	""	""	""	""	""	""	""
3713	202329200,0	2023-12-05T00:00:00	05:58:00	COM VÍTIMA	FINALIZADA	APIPUCOS	RUA DE APIPUCOS	""	""	EM FRENTE AO PARQUE DE APIPUCOS	APIPUCOS	""	""	COLISÃO	0,0	1,0	0,0	0,0	0,0	0,0	0,0	0,0	0,0	1,0	0,0	""	""	""	""	""	""	""	""	""	""	""	""	""
3714	202329202,0	2023-12-05T00:00:00	06:06:00	COM VÍTIMA	FINALIZADA	CAMPO GRANDE	AV CORREIA DE BRITO	""	""	PROX AO GIRADOURO DEPOIS DA PRAÇA DE CAMPO GRANDE	CAMPO GRANDE	""	""	COLISÃO	0,0	1,0	0,0	0,0	0,0	0,0	0,0	0,0	0,0	1,0	0,0	""	""	""	""	""	""	""	""	""	""	""	""	""
3715	202329204,0	2023-12-05T00:00:00	06:15:00	COM VÍTIMA	FINALIZADA	JORDAO	AV MARIA IRENE	""	""	AO LADO POSTO DE GASOLINA JORDÃO / NA RUA DA BIRA POP	JORDAO	""	""	COLISÃO	1,0	1,0	0,0	0,0	0,0	0,0	0,0	0,0	0,0	1,0	0,0	""	""	""	""	""	""	""	""	""	""	""	""	""
3716	202329208,0	2023-12-05T00:00:00	06:45:00	COM VÍTIMA	FINALIZADA	CORDEIRO	AV GENERAL SAN MARTIN	477	""	EM FRENTE AO MUG SORVETES E PROX AO ARMAZEM  CHEUS CONSTRUÇÕES	CORDEIRO	""	""	COLISÃO	0,0	1,0	0,0	0,0	0,0	0,0	0,0	0,0	0,0	1,0	0,0	""	""	""	""	""	""	""	""	""	""	""	""	""
3717	202329209,0	2023-12-05T00:00:00	06:58:00	COM VÍTIMA	FINALIZADA	BOA VIAGEM	RUA PADRE CABRAL	86	RUA JOSE DOMINGUES DA SILVA	PROX AO COND. BARCELONA	BOA VIAGEM	""	""	COLISÃO LATERAL	1,0	1,0	0,0	0,0	0,0	0,0	0,0	0,0	0,0	1,0	0,0	""	""	""	""	""	""	""	""	""	""	""	""	""
3718	202329214,0	2023-12-05T00:00:00	08:16:00	COM VÍTIMA	FINALIZADA	BOA VIAGEM	AVENIDA CELSO FURTADO (VIA MANGUE)	""	RUA PROFESSOR EDUARDO WANDERLEY FILHO	ENTRADA DA RUA	BOA VIAGEM	""	""	COLISÃO	1,0	1,0	0,0	0,0	0,0	0,0	0,0	0,0	0,0	1,0	0,0	""	""	""	""	""	""	""	""	""	""	""	""	""
3719	202329227,0	2023-12-06T00:00:00	07:29:00	SEM VÍTIMA	FINALIZADA	IPSEP	RUA BLUMENAU	266A	RUA ITAIMBE	ESQUINA COM O BOX DA SOPA	IPSEP	""	SUBURBIO	COLISÃO TRASEIRA	2,0	0,0	0,0	0,0	0,0	0,0	0,0	0,0	0,0	0,0	0,0	""	""	""	""	""	""	""	""	""	""	""	""	""
3720	202329228,0	2023-12-06T00:00:00	07:40:00	COM VÍTIMA	FINALIZADA	MADALENA	AV JOSE GONCALVES DE MEDEIROS	116	""	EM FRENTE A PAGUE MENOS	MADALENA	""	""	COLISÃO	0,0	2,0	0,0	0,0	0,0	0,0	0,0	0,0	0,0	1,0	0,0	""	""	""	""	""	""	""	""	""	""	""	""	""
3721	202329254,0	2023-12-06T00:00:00	11:00:00	COM VÍTIMA	FINALIZADA	""	RUA SAO MIGUEL	265	""	""	""	""	""	COLISÃO LATERAL	0,0	0,0	0,0	0,0	0,0	0,0	0,0	0,0	0,0	1,0	0,0	""	""	""	""	""	""	""	""	""	""	""	""	""
3722	202329268,0	2023-12-06T00:00:00	12:51:00	COM VÍTIMA	FINALIZADA	SANTO AMARO	RUA TRES DE MAIO	""	""	E/F A DELEGACIA DA MULHER	SANTO AMARO	""	""	ENGAVETAMENTO	3,0	0,0	0,0	0,0	0,0	0,0	0,0	0,0	0,0	1,0	0,0	""	""	""	""	""	""	""	""	""	""	""	""	""
3723	202329272,0	2023-12-06T00:00:00	02:08:00	COM VÍTIMA	FINALIZADA	SAN MARTIN	AV ENGENHEIRO ABDIAS DE CARVALHO	287	""	""	SAN MARTIN	""	""	COLISÃO LATERAL	0,0	0,0	0,0	0,0	0,0	0,0	0,0	0,0	0,0	1,0	0,0	""	""	""	""	""	""	""	""	""	""	""	""	""
3724	202329283,0	2023-12-06T00:00:00	03:25:00	SEM VÍTIMA	FINALIZADA	SOLEDADE	AV JOAO DE BARROS	""	RUA DR LEOPOLDO LINS	""	SOLEDADE	198,0	SUBURBIO	COLISÃO LATERAL	1,0	0,0	0,0	0,0	0,0	1,0	0,0	0,0	0,0	0,0	0,0	""	""	""	""	""	""	""	""	""	""	""	""	""
3725	202329290,0	2023-12-06T00:00:00	05:25:00	SEM VÍTIMA	FINALIZADA	TAMARINEIRA	AV CONS ROSA E SILVA	1969	""	EM FRENTE A DROGARIA BONGI	TAMARINEIRA	253,0	SUBURBIO	COLISÃO LATERAL	1,0	0,0	0,0	0,0	0,0	0,0	0,0	1,0	0,0	0,0	0,0	""	""	""	""	""	""	""	""	""	""	""	""	""
3726	202329294,0	2023-12-06T00:00:00	05:50:00	SEM VÍTIMA	FINALIZADA	SAO JOSE	AV MARTINS DE BARROS	""	RUA PRIMEIRO DE MARCO	""	SAO JOSE	194,0	CIDADE	COLISÃO LATERAL	2,0	0,0	0,0	0,0	0,0	0,0	0,0	0,0	0,0	0,0	0,0	""	""	""	""	""	""	""	""	""	""	""	""	""
3727	202329306,0	2023-12-06T00:00:00	06:52:00	COM VÍTIMA	FINALIZADA	CASA FORTE	AV DEZESSETE DE AGOSTO	""	""	ESQUINA COM HOSPITAL ERMÍRIO DE MORAES	CASA FORTE	""	""	COLISÃO FRONTAL	1,0	1,0	0,0	0,0	0,0	0,0	0,0	0,0	0,0	1,0	0,0	""	""	""	""	""	""	""	""	""	""	""	""	""
3728	202329326,0	2023-12-07T00:00:00	07:06:00	COM VÍTIMA	FINALIZADA	MADALENA	RUA DEMOCRITO DE SOUZA FILHO	""	""	CRUZAMENTO COM BEIRA RIO, PROX. A PONTE DA CAPUNGA	MADALENA	""	""	COLISÃO LATERAL	1,0	1,0	0,0	0,0	0,0	0,0	0,0	0,0	0,0	1,0	0,0	""	""	""	""	""	""	""	""	""	""	""	""	""
3729	202329333,0	2023-12-07T00:00:00	07:40:00	COM VÍTIMA	FINALIZADA	AREIAS	AV RECIFE	""	""	EM FRENTE AO RESIDENCIAL IGNEZ ANDREAZZA	AREIAS	""	""	COLISÃO LATERAL	0,0	1,0	0,0	0,0	0,0	0,0	0,0	0,0	0,0	1,0	0,0	""	""	""	""	""	""	""	""	""	""	""	""	""
3730	202329337,0	2023-12-07T00:00:00	08:20:00	SEM VÍTIMA	FINALIZADA	GRACAS	RUA DAS GRACAS	366	""	EDIFICIO SOLAR PRINCESA DANIELLE	GRACAS	""	CIDADE	COLISÃO TRASEIRA	2,0	0,0	0,0	0,0	0,0	0,0	0,0	0,0	0,0	0,0	0,0	""	""	""	""	""	""	""	""	""	""	""	""	""
3731	202329340,0	2023-12-07T00:00:00	08:43:00	COM VÍTIMA	FINALIZADA	CASA FORTE	RUA DA HARMONIA	""	""	EM FRENTE AO EMAGRECENTER DE CASA FORTE / PROX AO MARTELINHO DE OURO	CASA FORTE	""	""	COLISÃO	0,0	1,0	0,0	0,0	0,0	0,0	0,0	0,0	0,0	1,0	0,0	""	""	""	""	""	""	""	""	""	""	""	""	""
3732	202329342,0	2023-12-07T00:00:00	09:25:00	COM VÍTIMA	FINALIZADA	CAMPO GRANDE	RUA PROFESSOR FRANCISCO DA TRINDADE	""	""	PROX A PRAÇA DE CAMPO GRANDE	CAMPO GRANDE	""	""	COLISÃO	0,0	1,0	0,0	0,0	0,0	0,0	0,0	0,0	0,0	1,0	0,0	""	""	""	""	""	""	""	""	""	""	""	""	""
3733	202329352,0	2023-12-07T00:00:00	08:46:00	SEM VÍTIMA	FINALIZADA	SANTO AMARO	PTE DO LIMOEIRO	""	""	""	SANTO AMARO	""	""	COLISÃO	0,0	0,0	0,0	0,0	0,0	0,0	0,0	0,0	0,0	0,0	0,0	""	""	""	""	""	""	""	""	""	""	""	""	""
3734	202329354,0	2023-12-07T00:00:00	11:17:00	COM VÍTIMA	FINALIZADA	TORROES	AV ENGENHEIRO ABDIAS DE CARVALHO	""	""	EM FRENTE A ASSOCIAÇÃO RECREATIVA DOS CORREIOS	TORROES	""	""	COLISÃO	0,0	1,0	0,0	0,0	0,0	0,0	0,0	0,0	0,0	1,0	0,0	""	""	""	""	""	""	""	""	""	""	""	""	""
3735	202329357,0	2023-12-07T00:00:00	11:24:00	SEM VÍTIMA	FINALIZADA	MADALENA	RUA DOM JOAO DE SOUZA	238	""	RUA AO LADO DO HOSPITAL D´AVILA	MADALENA	""	""	COLISÃO LATERAL	1,0	0,0	0,0	0,0	0,0	0,0	0,0	1,0	0,0	0,0	0,0	""	""	""	""	""	""	""	""	""	""	""	""	""
3736	202329360,0	2023-12-07T00:00:00	12:01:00	COM VÍTIMA	FINALIZADA	DOIS IRMAOS	RUA MANUEL DE MEDEIROS	""	""	EM FRENTE A PORTARIA Z DA UFPE	DOIS IRMAOS	""	""	COLISÃO	0,0	1,0	0,0	0,0	0,0	0,0	0,0	0,0	0,0	1,0	0,0	""	""	""	""	""	""	""	""	""	""	""	""	""
3737	202329364,0	2023-12-07T00:00:00	12:50:00	COM VÍTIMA	FINALIZADA	BOA VIAGEM	RUA DOS NAVEGANTES	""	RUA CORONEL SERGIO HENRIQUE CARDIM	EM FRENTE AO HOTEL SATOR PALACE DESATIVADO  /  PROX AO PARQUE HOTEL	BOA VIAGEM	""	""	COLISÃO FRONTAL	0,0	1,0	0,0	0,0	0,0	0,0	0,0	0,0	0,0	1,0	0,0	""	""	""	""	""	""	""	""	""	""	""	""	""
3738	202329366,0	2023-12-07T00:00:00	12:56:00	COM VÍTIMA	DUPLICIDADE	BOA VIAGEM	RUA DOS NAVEGANTES	""	RUA CORONEL SERGIO HENRIQUE CARDIM	PROX AO  PARQUE HOTEL NO TERMINAL DE BOA VIAGEM	BOA VIAGEM	""	""	COLISÃO FRONTAL	1,0	1,0	0,0	0,0	0,0	0,0	0,0	0,0	0,0	1,0	0,0	""	""	""	""	""	""	""	""	""	""	""	""	""
3739	202329367,0	2023-12-07T00:00:00	01:01:00	COM VÍTIMA	FINALIZADA	CAXANGA	AV CAXANGA	5671	""	E/F AO TERMINAL DO RESIDENCIAL CAXANGA  S/T CID	CAXANGA	""	""	COLISÃO TRASEIRA	1,0	1,0	0,0	0,0	0,0	0,0	0,0	0,0	0,0	1,0	0,0	""	""	""	""	""	""	""	""	""	""	""	""	""
3740	202329368,0	2023-12-07T00:00:00	01:05:00	COM VÍTIMA	FINALIZADA	ARRUDA	RUA MADRE ROSA GATTORNO	107	""	PROX AO ESTADIO DO ARRUDA	ARRUDA	""	""	ATROPELAMENTO DE PESSOA	1,0	0,0	0,0	0,0	1,0	0,0	0,0	0,0	0,0	1,0	0,0	""	""	""	""	""	""	""	""	""	""	""	""	""
3741	202329370,0	2023-12-07T00:00:00	01:15:00	COM VÍTIMA	FINALIZADA	BOA VIAGEM	RUA ARTUR MUNIZ	""	""	ENTRE O ASSAI E RESTAURANTE ESPETTUS	BOA VIAGEM	""	""	COLISÃO	0,0	1,0	0,0	0,0	0,0	0,0	0,0	0,0	0,0	1,0	0,0	""	""	""	""	""	""	""	""	""	""	""	""	""
3742	202329384,0	2023-12-07T00:00:00	02:25:00	COM VÍTIMA	FINALIZADA	IMBIRIBEIRA	RUA ARQUITETO LUIZ NUNES	1160	""	ESCOLA ANITA GARIBALDI	IMBIRIBEIRA	""	""	COLISÃO LATERAL	1,0	1,0	0,0	0,0	0,0	0,0	0,0	0,0	0,0	1,0	0,0	""	""	""	""	""	""	""	""	""	""	""	""	""
3743	202329388,0	2023-12-07T00:00:00	02:59:00	COM VÍTIMA	FINALIZADA	CURADO	RUA DR GEORGE WILLIAM BUTLER	569	""	FÁBRICA DA ROCA	CURADO	""	""	COLISÃO LATERAL	1,0	1,0	0,0	0,0	0,0	0,0	0,0	0,0	0,0	1,0	0,0	""	""	""	""	""	""	""	""	""	""	""	""	""
3744	202329390,0	2023-12-07T00:00:00	03:15:00	COM VÍTIMA	FINALIZADA	BOA VISTA	AV MONTEVIDEU	222	""	EMPRESARIAL DES PEDRO MARTILIANO LINS, PROX CASO DE APOIO GRAVATA	BOA VISTA	""	""	COLISÃO	0,0	1,0	0,0	0,0	0,0	0,0	0,0	0,0	0,0	1,0	0,0	""	""	""	""	""	""	""	""	""	""	""	""	""
3745	202329392,0	2023-12-07T00:00:00	03:28:00	SEM VÍTIMA	FINALIZADA	SAO JOSE	RUA CORACAO DE MARIA	""	""	NA FRENTE DO 16 BATALHÃO	SAO JOSE	""	""	COLISÃO TRASEIRA	1,0	0,0	0,0	0,0	0,0	0,0	0,0	1,0	0,0	0,0	0,0	""	""	""	""	""	""	""	""	""	""	""	""	""
3746	202329393,0	2023-12-07T00:00:00	03:29:00	COM VÍTIMA	FINALIZADA	AFOGADOS	RUA SAO MIGUEL	627	""	BANCO DO BRASIL	AFOGADOS	""	""	COLISÃO FRONTAL	1,0	1,0	0,0	0,0	0,0	0,0	0,0	0,0	0,0	1,0	0,0	""	""	""	""	""	""	""	""	""	""	""	""	""
3747	202329397,0	2023-12-07T00:00:00	03:48:00	COM VÍTIMA	CANCELADA	VARZEA	RUA DR GEORGE WILLIAM BUTLER	""	""	PROX DA FABRICA DE CERAMICAS ROCA PROX DA KIBON SETIDO CURADO	VARZEA	""	""	COLISÃO	0,0	1,0	0,0	0,0	0,0	0,0	0,0	0,0	0,0	1,0	0,0	""	""	""	""	""	""	""	""	""	""	""	""	""
3748	202329398,0	2023-12-07T00:00:00	04:07:00	COM VÍTIMA	CANCELADA	IPUTINGA	AV MAURICIO DE NASSAU	691	""	APÓS O GOE PX A EXPOSIÇÃO DE ANIMAIS	IPUTINGA	""	""	COLISÃO	0,0	1,0	0,0	0,0	0,0	0,0	0,0	0,0	0,0	1,0	0,0	""	""	""	""	""	""	""	""	""	""	""	""	""
3749	202329408,0	2023-12-07T00:00:00	05:47:00	SEM VÍTIMA	FINALIZADA	CAXANGA	AV CAXANGA	3735	""	SOB O ELEVADO DA CAXANGA	CAXANGA	""	""	ENGAVETAMENTO	6,0	0,0	0,0	0,0	0,0	0,0	0,0	0,0	0,0	0,0	0,0	""	""	""	""	""	""	""	""	""	""	""	""	""
3750	202329415,0	2023-12-07T00:00:00	05:58:00	COM VÍTIMA	FINALIZADA	PRADO	AV ENGENHEIRO ABDIAS DE CARVALHO	""	""	EM FRENTE AO HABIB	PRADO	""	""	""	0,0	0,0	0,0	0,0	0,0	0,0	0,0	0,0	0,0	1,0	0,0	""	""	""	""	""	""	""	""	""	""	""	""	""
3751	202329422,0	2023-12-07T00:00:00	06:19:00	COM VÍTIMA	DUPLICIDADE	ILHA DO RETIRO	AV ENGENHEIRO ABDIAS DE CARVALHO	3745	""	EM FRENTE AO SPORT // EM FRENTE A MCDONALDS	ILHA DO RETIRO	""	""	COLISÃO	0,0	1,0	0,0	0,0	0,0	0,0	0,0	0,0	0,0	1,0	0,0	""	""	""	""	""	""	""	""	""	""	""	""	""
3752	202329443,0	2023-12-08T00:00:00	03:11:00	COM VÍTIMA	FINALIZADA	AFOGADOS	RUA SAO MIGUEL	""	""	QUASE EM FRENTE AO DEPATRI	AFOGADOS	""	""	COLISÃO	0,0	1,0	0,0	0,0	0,0	1,0	0,0	0,0	0,0	1,0	0,0	""	""	""	""	""	""	""	""	""	""	""	""	""