_id	Protocolo	data	hora	natureza	situacao	bairro	endereco	numero	detalhe_endereco_acidente	complemento	bairro_cruzamento	num_semaforo	sentido_via	tipo	auto	moto	ciclom	ciclista	pedestre	onibus	caminhao	viatura	outros	vitimas	vitimasfatais	acidente_verificado	tempo_clima	situacao_semaforo	sinalizacao	condicao_via	conservacao_via	ponto_controle	situacao_placa	velocidade_max_via	mao_direcao	divisao_via1	divisao_via2	divisao_via3
3753	202329473,0	2023-12-08T00:00:00	09:21:00	COM VÍTIMA	FINALIZADA	TORRE	RUA JOSE BONIFACIO	""	""	PROX AO SALÃO DE CABELELEIRO DE EDSON E O HORT FRUIT	TORRE	""	""	COLISÃO	0,0	1,0	0,0	0,0	0,0	0,0	0,0	0,0	0,0	1,0	0,0	""	""	""	""	""	""	""	""	""	""	""	""	""
3754	202329487,0	2023-12-08T00:00:00	11:12:00	SEM VÍTIMA	FINALIZADA	BOA VISTA	RUA ROSARIO DA BOA VISTA	""	AV MANOEL BORBA	PROX A PRÇA MACIEL PINHEIROS	BOA VISTA	""	""	COLISÃO	0,0	0,0	0,0	0,0	0,0	0,0	0,0	1,0	1,0	0,0	0,0	""	""	""	""	""	""	""	""	""	""	""	""	""
3755	202329488,0	2023-12-08T00:00:00	11:38:00	SEM VÍTIMA	FINALIZADA	ALTO SANTA TERESINHA	RUA ALTO BRASIL	561	""	""	ALTO SANTA TERESINHA	""	""	COLISÃO	0,0	1,0	0,0	0,0	0,0	0,0	0,0	1,0	0,0	0,0	0,0	""	""	""	""	""	""	""	""	""	""	""	""	""
3756	202329490,0	2023-12-08T00:00:00	11:57:00	COM VÍTIMA	FINALIZADA	IBURA	AV PERNAMBUCO	""	""	PROX A PRAÇA DOS TAXISTAS  E NOVO COMPAZ EM CONSTRUÇÃO	IBURA	""	""	COLISÃO	0,0	1,0	0,0	0,0	0,0	0,0	0,0	0,0	0,0	1,0	0,0	""	""	""	""	""	""	""	""	""	""	""	""	""
3757	202329493,0	2023-12-08T00:00:00	12:08:00	COM VÍTIMA	FINALIZADA	TAMARINEIRA	AV CONS ROSA E SILVA	""	""	EM FRENTE AO ULISSES PERNAMBUCANO	TAMARINEIRA	""	""	COLISÃO	0,0	1,0	0,0	0,0	0,0	0,0	0,0	0,0	0,0	1,0	0,0	""	""	""	""	""	""	""	""	""	""	""	""	""
3758	202329496,0	2023-12-08T00:00:00	12:18:00	COM VÍTIMA	FINALIZADA	CAMPO GRANDE	EST DE BELEM	""	""	EM FRENTE AO POSTO DE GASOLINA MULTI POSTO / EM FRENTE A FARMACIA DO TRABALHADOR	CAMPO GRANDE	""	""	COLISÃO FRONTAL	1,0	1,0	0,0	0,0	0,0	0,0	0,0	0,0	0,0	1,0	0,0	""	""	""	""	""	""	""	""	""	""	""	""	""
3759	202329501,0	2023-12-08T00:00:00	12:58:00	SEM VÍTIMA	FINALIZADA	BOA VIAGEM	AV DOM JOAO VI	""	""	EM FRENTE AO COLEGIO GGE	BOA VIAGEM	""	""	COLISÃO LATERAL	1,0	1,0	0,0	0,0	0,0	0,0	0,0	0,0	0,0	0,0	0,0	""	""	""	""	""	""	""	""	""	""	""	""	""
3760	202329503,0	2023-12-08T00:00:00	01:19:00	COM VÍTIMA	FINALIZADA	ALTO SANTA TERESINHA	RUA LADEIRA DE PEDRA	378	""	ESCOLA DEUS É AMOR	ALTO SANTA TERESINHA	""	""	COLISÃO COM CICLISTA	0,0	1,0	0,0	1,0	0,0	0,0	0,0	0,0	0,0	2,0	0,0	""	""	""	""	""	""	""	""	""	""	""	""	""
3761	202329544,0	2023-12-08T00:00:00	10:13:00	COM VÍTIMA	FINALIZADA	CAMPO GRANDE	EST DE BELEM	""	RUA ODORICO MENDES	COLEGIO JESUS CRUSIFICADO	CAMPO GRANDE	""	""	COLISÃO TRANSVERSAL	0,0	1,0	0,0	0,0	0,0	0,0	0,0	0,0	0,0	1,0	0,0	""	""	""	""	""	""	""	""	""	""	""	""	""
3762	202329555,0	2023-12-09T00:00:00	05:24:00	SEM VÍTIMA	FINALIZADA	MADALENA	RUA BENFICA	""	""	COM A PRAÇA EUCLIDES DA CUNHA	MADALENA	""	""	COLISÃO	2,0	0,0	0,0	0,0	0,0	0,0	0,0	0,0	0,0	0,0	0,0	""	""	""	""	""	""	""	""	""	""	""	""	""
3763	202329567,0	2023-12-09T00:00:00	09:00:00	COM VÍTIMA	FINALIZADA	SANTO AMARO	RUA DO POMBAL	""	""	EM FRENTE AO IML	SANTO AMARO	""	""	COLISÃO	0,0	1,0	0,0	0,0	0,0	0,0	0,0	0,0	0,0	1,0	0,0	""	""	""	""	""	""	""	""	""	""	""	""	""
3764	202329570,0	2023-12-09T00:00:00	09:22:00	COM VÍTIMA	FINALIZADA	AREIAS	AV RECIFE	""	AV JOAO CABRAL DE MELO NETO	SENTIDO AEROPORTO	AREIAS	""	""	COLISÃO TRASEIRA	1,0	1,0	0,0	0,0	0,0	0,0	0,0	0,0	0,0	1,0	0,0	""	""	""	""	""	""	""	""	""	""	""	""	""
3765	202329571,0	2023-12-09T00:00:00	09:35:00	COM VÍTIMA	FINALIZADA	ENCRUZILHADA	AV BEBERIBE	487	""	EM FRENTE A CASA DO CONSTRUTOR	ENCRUZILHADA	""	""	COLISÃO	0,0	2,0	0,0	0,0	0,0	0,0	0,0	0,0	0,0	1,0	0,0	""	""	""	""	""	""	""	""	""	""	""	""	""
3766	202329585,0	2023-12-09T00:00:00	12:54:00	COM VÍTIMA	FINALIZADA	PARNAMIRIM	AV CONS ROSA E SILVA	""	""	E/F CLUBE PORTUGUES	PARNAMIRIM	""	""	QUEDA	0,0	1,0	0,0	0,0	0,0	0,0	0,0	0,0	0,0	1,0	0,0	""	""	""	""	""	""	""	""	""	""	""	""	""
3767	202329589,0	2023-12-09T00:00:00	01:50:00	SEM VÍTIMA	FINALIZADA	BOA VIAGEM	RUA CORONEL ANIZIO RODRIGUES COELHO	38	""	PROX A RESTAURANTE SEU ANIZIO	BOA VIAGEM	""	""	COLISÃO TRASEIRA	2,0	0,0	0,0	0,0	0,0	0,0	0,0	0,0	0,0	0,0	0,0	""	""	""	""	""	""	""	""	""	""	""	""	""
3768	202329600,0	2023-12-09T00:00:00	05:34:00	COM VÍTIMA	FINALIZADA	AFOGADOS	RUA VINTE E UM DE ABRIL	316	""	PROX A MASTER BOI  NO SEMAFORO 334	AFOGADOS	""	""	COLISÃO LATERAL	1,0	1,0	0,0	0,0	0,0	0,0	0,0	0,0	0,0	1,0	0,0	""	""	""	""	""	""	""	""	""	""	""	""	""
3769	202329601,0	2023-12-09T00:00:00	05:38:00	COM VÍTIMA	FINALIZADA	TAMARINEIRA	EST VELHA DE AGUA FRIA	""	""	E/F AO DENOCS	TAMARINEIRA	""	""	COLISÃO LATERAL	1,0	1,0	0,0	0,0	0,0	0,0	0,0	0,0	0,0	1,0	0,0	""	""	""	""	""	""	""	""	""	""	""	""	""
3770	202329613,0	2023-12-09T00:00:00	09:04:00	COM VÍTIMA	FINALIZADA	ARRUDA	RUA DESENHISTA EULINO SANTOS	""	""	AO LADO DA PRC NOVA	ARRUDA	""	""	ATROPELAMENTO DE PESSOA	0,0	0,0	0,0	0,0	1,0	0,0	0,0	0,0	0,0	1,0	0,0	""	""	""	""	""	""	""	""	""	""	""	""	""
3771	202329618,0	2023-12-09T00:00:00	11:12:00	SEM VÍTIMA	FINALIZADA	CASA AMARELA	AV NORTE MIGUEL ARRAES DE ALENCAR	""	RUA DA HARMONIA	FARMÁCIA PAGUE MENOS	CASA AMARELA	""	CIDADE	COLISÃO	2,0	1,0	0,0	0,0	0,0	0,0	0,0	0,0	0,0	0,0	0,0	""	""	""	""	""	""	""	""	""	""	""	""	""
3772	202329621,0	2023-12-10T00:00:00	12:33:00	COM VÍTIMA	FINALIZADA	BOA VIAGEM	AV BOA VIAGEM	4700	""	APÓS A PRAÇA DE BOA VIAGEM	BOA VIAGEM	""	""	CAPOTAMENTO	1,0	0,0	0,0	0,0	0,0	0,0	0,0	0,0	0,0	1,0	0,0	""	""	""	""	""	""	""	""	""	""	""	""	""
3773	202329660,0	2023-12-10T00:00:00	11:11:00	COM VÍTIMA	FINALIZADA	IBURA	AV DOZE DE JUNHO	""	""	PROX. AO CAIC UR 03	IBURA	""	""	COLISÃO LATERAL	0,0	1,0	0,0	0,0	0,0	0,0	0,0	0,0	0,0	1,0	0,0	""	""	""	""	""	""	""	""	""	""	""	""	""
3774	202329669,0	2023-12-10T00:00:00	02:08:00	COM VÍTIMA	FINALIZADA	AGUA FRIA	RUA SAO BENTO	60	""	RESIDENCIAL SÃO BENTO	AGUA FRIA	""	""	COLISÃO TRASEIRA	1,0	1,0	0,0	0,0	0,0	0,0	0,0	0,0	0,0	1,0	0,0	""	""	""	""	""	""	""	""	""	""	""	""	""
3775	202329670,0	2023-12-10T00:00:00	02:11:00	COM VÍTIMA	FINALIZADA	SAN MARTIN	RUA VINTE E UM DE ABRIL	1916	""	PROXIMO AO COLEGIO ANTONIO FARIAS E AO COLEGIO POTIGUAR	SAN MARTIN	""	""	COLISÃO	0,0	1,0	0,0	0,0	0,0	0,0	0,0	0,0	0,0	1,0	0,0	""	""	""	""	""	""	""	""	""	""	""	""	""
3776	202329671,0	2023-12-10T00:00:00	02:40:00	COM VÍTIMA	FINALIZADA	BOA VIAGEM	RUA DOS NAVEGANTES	1673	""	AO LADO DO RESTAURANTE GIRO PRAIA E PROXIMO A ACERTE UNIFORMES	BOA VIAGEM	""	""	COLISÃO	0,0	1,0	0,0	0,0	0,0	0,0	0,0	0,0	0,0	1,0	0,0	""	""	""	""	""	""	""	""	""	""	""	""	""
3777	202329698,0	2023-12-10T00:00:00	07:06:00	COM VÍTIMA	CANCELADA	CAMPO GRANDE	RUA MARECHAL DEODORO	618	""	EM FRENTE A ESCOLA DOM CARLOS COELHO	CAMPO GRANDE	""	""	COLISÃO TRANSVERSAL	0,0	1,0	0,0	0,0	0,0	0,0	0,0	0,0	0,0	1,0	0,0	""	""	""	""	""	""	""	""	""	""	""	""	""
3778	202329699,0	2023-12-10T00:00:00	07:23:00	COM VÍTIMA	CANCELADA	MORRO DA CONCEICAO	AV NORTE MIGUEL ARRAES DE ALENCAR	9371	""	PROXIMO A FARMACIA BOM JESUS	MORRO DA CONCEICAO	""	""	COLISÃO TRANSVERSAL	0,0	1,0	0,0	0,0	0,0	0,0	0,0	0,0	0,0	1,0	0,0	""	""	""	""	""	""	""	""	""	""	""	""	""
3779	202329706,0	2023-12-10T00:00:00	07:55:00	COM VÍTIMA	FINALIZADA	SAN MARTIN	AV JOAO CABRAL DE MELO NETO	4	""	DEPOIS DA ESCOLA ADVENTISTA, SENTIDO A AV RECIFE	SAN MARTIN	""	""	COLISÃO LATERAL	1,0	1,0	0,0	0,0	0,0	0,0	0,0	0,0	0,0	1,0	0,0	""	""	""	""	""	""	""	""	""	""	""	""	""
3780	202329714,0	2023-12-11T00:00:00	04:32:00	SEM VÍTIMA	FINALIZADA	AREIAS	AV ESTANCIA	""	""	E/F A CASA DE FESTAS OXENTE KIDS	AREIAS	""	""	COLISÃO TRASEIRA	0,0	1,0	0,0	0,0	0,0	0,0	0,0	1,0	0,0	0,0	0,0	""	""	""	""	""	""	""	""	""	""	""	""	""
3781	202329715,0	2023-12-11T00:00:00	04:39:00	SEM VÍTIMA	FINALIZADA	AFOGADOS	RUA SAO MIGUEL	""	""	E/F AO BANCO DO BRASIL	AFOGADOS	""	""	COLISÃO LATERAL	1,0	0,0	0,0	0,0	0,0	0,0	0,0	1,0	0,0	0,0	0,0	""	""	""	""	""	""	""	""	""	""	""	""	""
3782	202329724,0	2023-12-11T00:00:00	06:56:00	COM VÍTIMA	FINALIZADA	MACAXEIRA	AV NORTE MIGUEL ARRAES DE ALENCAR	""	""	EM FRENTE  A ACADEMIA DA CIDADE, PROXIMO AO PARQUE DA MACAXEIRA	MACAXEIRA	""	CIDADE	COLISÃO COM CICLISTA	0,0	1,0	0,0	1,0	0,0	0,0	0,0	0,0	0,0	1,0	0,0	""	""	""	""	""	""	""	""	""	""	""	""	""
3783	202329730,0	2023-12-11T00:00:00	07:31:00	COM VÍTIMA	FINALIZADA	AFOGADOS	RUA COSME VIANA	""	""	EM FRENTE A TUPAN EST. DOS REMEDIOS	AFOGADOS	""	""	COLISÃO LATERAL	0,0	1,0	0,0	0,0	0,0	0,0	0,0	0,0	0,0	1,0	0,0	""	""	""	""	""	""	""	""	""	""	""	""	""
3784	202329735,0	2023-12-11T00:00:00	08:18:00	COM VÍTIMA	FINALIZADA	CORDEIRO	AV CAXANGA	""	""	EM FRENTE A EXPOSIÇÃO DE ANIMAIS	CORDEIRO	""	""	COLISÃO LATERAL	0,0	1,0	0,0	0,0	0,0	0,0	0,0	0,0	0,0	1,0	0,0	""	""	""	""	""	""	""	""	""	""	""	""	""
3785	202329743,0	2023-12-11T00:00:00	08:50:00	COM VÍTIMA	FINALIZADA	AFOGADOS	RUA JACIRA	""	""	EM FRENTE AO DISTRISTO 5 PROX A POLICLINICA DE AFOGADOS	AFOGADOS	""	""	COLISÃO	0,0	1,0	0,0	0,0	0,0	0,0	0,0	0,0	0,0	1,0	0,0	""	""	""	""	""	""	""	""	""	""	""	""	""
3786	202329760,0	2023-12-11T00:00:00	10:16:00	COM VÍTIMA	FINALIZADA	MACAXEIRA	AV NORTE MIGUEL ARRAES DE ALENCAR	""	""	SENT.  INTEGRAÇÃO EM FRENTE AO PARQUE DA MACAXEIRA	MACAXEIRA	""	""	COLISÃO TRASEIRA	1,0	0,0	0,0	0,0	0,0	1,0	0,0	0,0	0,0	2,0	0,0	""	""	""	""	""	""	""	""	""	""	""	""	""
3787	202329773,0	2023-12-11T00:00:00	11:57:00	COM VÍTIMA	FINALIZADA	SANTO AMARO	AV CRUZ CABUGA	""	""	PROX AO PARQUE TREZE DE MAIO E COLEGIO JOÃO BARBALHO	SANTO AMARO	""	""	COLISÃO	0,0	1,0	0,0	0,0	0,0	0,0	0,0	0,0	0,0	1,0	0,0	""	""	""	""	""	""	""	""	""	""	""	""	""
3788	202329780,0	2023-12-11T00:00:00	12:44:00	COM VÍTIMA	FINALIZADA	ESPINHEIRO	AV GOVERNADOR AGAMENON MAGALHAES	""	""	PROX AO MINISTERIO DO TRABALHO E PROX A UPE	ESPINHEIRO	""	""	COLISÃO	1,0	0,0	0,0	0,0	0,0	0,0	0,0	0,0	0,0	1,0	0,0	""	""	""	""	""	""	""	""	""	""	""	""	""
3789	202329781,0	2023-12-11T00:00:00	12:50:00	SEM VÍTIMA	FINALIZADA	SANTO AMARO	RUA ARNOBIO MARQUES	271	""	EM FRENTE AO INSTITUDO DO FIGADO DE PERNAMBUCO	SANTO AMARO	""	""	COLISÃO TRASEIRA	2,0	0,0	0,0	0,0	0,0	0,0	0,0	0,0	0,0	0,0	0,0	""	""	""	""	""	""	""	""	""	""	""	""	""
3790	202329787,0	2023-12-11T00:00:00	01:55:00	COM VÍTIMA	FINALIZADA	BOA VIAGEM	AV BOA VIAGEM	770	""	E/F AO BAR ENTRE AMIGOS	BOA VIAGEM	""	""	COLISÃO LATERAL	1,0	2,0	0,0	0,0	0,0	0,0	0,0	0,0	0,0	1,0	0,0	""	""	""	""	""	""	""	""	""	""	""	""	""
3791	202329789,0	2023-12-11T00:00:00	02:36:00	COM VÍTIMA	FINALIZADA	TORRE	RUA JOSE BONIFACIO	1315	""	DENTRO DO CARREFOUR  NO  ESTACIONAMENTO DO TERREO	TORRE	""	""	COLISÃO LATERAL	1,0	1,0	0,0	0,0	0,0	0,0	0,0	0,0	0,0	1,0	0,0	""	""	""	""	""	""	""	""	""	""	""	""	""
3792	202329790,0	2023-12-11T00:00:00	02:45:00	COM VÍTIMA	FINALIZADA	TORROES	RUA DR MIGUEL VIEIRA FERREIRA	302	""	E/F AO EDIFICIO OCEANO // TORRE BRASA DO CORDEIRO	TORROES	""	""	COLISÃO	0,0	1,0	0,0	0,0	0,0	0,0	0,0	0,0	0,0	1,0	0,0	""	""	""	""	""	""	""	""	""	""	""	""	""
3793	202329800,0	2023-12-11T00:00:00	04:37:00	SEM VÍTIMA	FINALIZADA	SANTO AMARO	AV NORTE MIGUEL ARRAES DE ALENCAR	""	""	E/F AO QUARTEL AO LADO DO CEMITERIO DOS INGLESES	SANTO AMARO	""	""	COLISÃO LATERAL	2,0	0,0	0,0	0,0	0,0	0,0	0,0	0,0	0,0	0,0	0,0	""	""	""	""	""	""	""	""	""	""	""	""	""
3794	202329803,0	2023-12-11T00:00:00	04:47:00	SEM VÍTIMA	FINALIZADA	IMBIRIBEIRA	AV MARECHAL MASCARENHAS DE MORAES	""	""	E/F AO ATACADO DOS PRESENTES SENTIDO AEROPORTO	IMBIRIBEIRA	""	""	COLISÃO TRASEIRA	1,0	0,0	0,0	0,0	0,0	0,0	0,0	1,0	0,0	0,0	0,0	""	""	""	""	""	""	""	""	""	""	""	""	""
3795	202329812,0	2023-12-11T00:00:00	06:10:00	COM VÍTIMA	FINALIZADA	PRADO	RUA MANOEL DE ARRUDA CAMARA	159	""	ANTIGO CAVALO DOURADO	PRADO	""	""	ATROPELAMENTO DE PESSOA	0,0	0,0	0,0	0,0	1,0	1,0	0,0	0,0	0,0	1,0	0,0	""	""	""	""	""	""	""	""	""	""	""	""	""
3796	202329813,0	2023-12-11T00:00:00	06:22:00	COM VÍTIMA	FINALIZADA	MONTEIRO	RUA DE APIPUCOS	50	""	EDF. PORTA D'AGUA	MONTEIRO	""	""	COLISÃO LATERAL	1,0	1,0	0,0	0,0	0,0	0,0	0,0	0,0	0,0	1,0	0,0	""	""	""	""	""	""	""	""	""	""	""	""	""
3797	202329814,0	2023-12-11T00:00:00	06:22:00	COM VÍTIMA	FINALIZADA	IMBIRIBEIRA	RUA SARGENTO SILVINO DE MACEDO	396	""	AO LADO DA ANATEL // IGRAJA CATEDRAL DA CONCILIAÇÃO	IMBIRIBEIRA	""	""	COLISÃO	0,0	1,0	0,0	0,0	0,0	0,0	0,0	0,0	0,0	1,0	0,0	""	""	""	""	""	""	""	""	""	""	""	""	""
3798	202329817,0	2023-12-11T00:00:00	07:45:00	COM VÍTIMA	FINALIZADA	CAXANGA	AV CAXANGA	""	""	QUASE EM FRENTE AO GOLF CLUB NO SENTIDO SUBÚRBIO	CAXANGA	""	""	COLISÃO	1,0	1,0	0,0	0,0	0,0	0,0	0,0	0,0	0,0	1,0	0,0	""	""	""	""	""	""	""	""	""	""	""	""	""
3799	202329843,0	2023-12-12T00:00:00	06:52:00	SEM VÍTIMA	FINALIZADA	VARZEA	AV CAXANGA	""	""	PRÓXIMO A UPA DA CAXANGÁ	VARZEA	""	SUBURBIO	ENGAVETAMENTO	3,0	0,0	0,0	0,0	0,0	0,0	0,0	0,0	0,0	0,0	0,0	""	""	""	""	""	""	""	""	""	""	""	""	""
3800	202329844,0	2023-12-12T00:00:00	07:02:00	COM VÍTIMA	FINALIZADA	TORRE	RUA REAL DA TORRE	""	""	EM FRENTE AO POSTO SHELL, POR TRAS DO ATACDO DOS PRESENTES	TORRE	""	""	COLISÃO LATERAL	1,0	1,0	0,0	0,0	0,0	0,0	0,0	0,0	0,0	1,0	0,0	""	""	""	""	""	""	""	""	""	""	""	""	""
3801	202329856,0	2023-12-12T00:00:00	08:37:00	SEM VÍTIMA	FINALIZADA	GRACAS	AV RUI BARBOSA	""	""	SOB O SEMÁFORO 037	GRACAS	""	CIDADE	COLISÃO LATERAL	0,0	0,0	0,0	0,0	0,0	1,0	0,0	1,0	0,0	0,0	0,0	""	""	""	""	""	""	""	""	""	""	""	""	""
3802	202329859,0	2023-12-12T00:00:00	08:58:00	COM VÍTIMA	FINALIZADA	ESPINHEIRO	AV JOAO DE BARROS	""	""	NO VIADUTO JOAO DE BARROS	ESPINHEIRO	""	""	COLISÃO LATERAL	0,0	2,0	0,0	0,0	0,0	0,0	0,0	0,0	0,0	1,0	0,0	""	""	""	""	""	""	""	""	""	""	""	""	""
3803	202329861,0	2023-12-12T00:00:00	09:16:00	COM VÍTIMA	FINALIZADA	IMBIRIBEIRA	AV MARECHAL MASCARENHAS DE MORAES	""	""	EM FRENTE A CONCESSIONARIA TOTALINE SENTIDO AFOGADOS/ PROX A FACULDADE UNIVERSO	IMBIRIBEIRA	""	""	COLISÃO	0,0	1,0	0,0	0,0	0,0	0,0	0,0	0,0	0,0	1,0	0,0	""	""	""	""	""	""	""	""	""	""	""	""	""
3804	202329865,0	2023-12-12T00:00:00	09:35:00	COM VÍTIMA	FINALIZADA	MACAXEIRA	RUA SUBIDA DO PLATO	141	""	PROX AO PONTO DE RETORNO DO ONIBUS ALTO DO BURITI	MACAXEIRA	""	""	COLISÃO FRONTAL	0,0	1,0	0,0	0,0	0,0	1,0	0,0	0,0	0,0	1,0	0,0	""	""	""	""	""	""	""	""	""	""	""	""	""
3805	202329873,0	2023-12-12T00:00:00	10:21:00	COM VÍTIMA	FINALIZADA	BREJO DE BEBERIBE	AV VEREADOR OTACILIO AZEVEDO	695A	""	EM FRENTE AO TERMINAL DE ONIBUS NA LINHA BREJO	BREJO DE BEBERIBE	""	""	COLISÃO	0,0	1,0	0,0	0,0	0,0	1,0	0,0	0,0	0,0	1,0	0,0	""	""	""	""	""	""	""	""	""	""	""	""	""
3806	202329896,0	2023-12-12T00:00:00	01:20:00	COM VÍTIMA	CANCELADA	BOA VIAGEM	RUA AYRTON SENNA	834	""	PROXIMO AO COLEGIO ESPECIAL // AO LADO DO HOSPITAL DA AERONAUTICA	BOA VIAGEM	""	""	COLISÃO	0,0	1,0	0,0	0,0	0,0	0,0	0,0	0,0	0,0	1,0	0,0	""	""	""	""	""	""	""	""	""	""	""	""	""
3807	202329902,0	2023-12-12T00:00:00	01:40:00	COM VÍTIMA	FINALIZADA	JORDAO	RUA DR ALVARO FERRAZ	391	""	PROXIMO A CRECHE DE LEDA / E O TERMINAL DE ONIBUS DO JORDAO	JORDAO	""	""	COLISÃO	0,0	1,0	0,0	0,0	0,0	0,0	0,0	0,0	0,0	1,0	0,0	""	""	""	""	""	""	""	""	""	""	""	""	""
3808	202329903,0	2023-12-12T00:00:00	01:45:00	COM VÍTIMA	FINALIZADA	JARDIM SAO PAULO	AV LIBERDADE	2076	""	PROXIMO A CASA LOTERICA TRES TORRES DA LIBERDADE	JARDIM SAO PAULO	""	""	COLISÃO	0,0	1,0	0,0	0,0	0,0	0,0	0,0	0,0	0,0	1,0	0,0	""	""	""	""	""	""	""	""	""	""	""	""	""
3809	202329906,0	2023-12-12T00:00:00	02:29:00	COM VÍTIMA	FINALIZADA	AREIAS	AV CENTRAL	""	""	AO LADO DA ESTAÇÃO WERNECK	AREIAS	""	""	COLISÃO	0,0	1,0	0,0	0,0	0,0	0,0	0,0	0,0	0,0	1,0	0,0	""	""	""	""	""	""	""	""	""	""	""	""	""
3810	202329917,0	2023-12-12T00:00:00	03:51:00	COM VÍTIMA	FINALIZADA	IBURA	RUA DOIS RIOS	""	""	SOB VIADUTO BR 101	IBURA	""	""	COLISÃO LATERAL	1,0	1,0	0,0	0,0	0,0	0,0	0,0	0,0	0,0	1,0	0,0	""	""	""	""	""	""	""	""	""	""	""	""	""
3811	202329924,0	2023-12-12T00:00:00	05:12:00	COM VÍTIMA	FINALIZADA	IPUTINGA	RUA AMBROSIO MACHADO	""	AV MARIO ALVARES PEREIRA DE LYRA	NO SEMAFORO 134	IPUTINGA	""	""	COLISÃO LATERAL	1,0	1,0	0,0	0,0	0,0	0,0	0,0	0,0	0,0	1,0	0,0	""	""	""	""	""	""	""	""	""	""	""	""	""
3812	202329927,0	2023-12-12T00:00:00	05:20:00	COM VÍTIMA	FINALIZADA	TORRE	RUA NETO CAMPELO	68	""	E/F AO EDIFICIO LAURA CAUA // POR TRAZ  DA PADARIA ARMADA	TORRE	""	""	COLISÃO	0,0	1,0	0,0	0,0	0,0	0,0	0,0	0,0	0,0	1,0	0,0	""	""	""	""	""	""	""	""	""	""	""	""	""
3813	202329928,0	2023-12-12T00:00:00	05:40:00	COM VÍTIMA	FINALIZADA	JIQUIA	AV RECIFE	""	AV JOAO CABRAL DE MELO NETO	""	JIQUIA	""	""	COLISÃO TRANSVERSAL	1,0	1,0	0,0	0,0	0,0	0,0	0,0	0,0	0,0	1,0	0,0	""	""	""	""	""	""	""	""	""	""	""	""	""
3814	202329943,0	2023-12-12T00:00:00	10:10:00	COM VÍTIMA	FINALIZADA	VARZEA	RUA JOAO CARNEIRO DA CUNHA	46	""	""	VARZEA	""	""	COLISÃO FRONTAL	1,0	1,0	0,0	0,0	0,0	0,0	0,0	0,0	0,0	1,0	0,0	""	""	""	""	""	""	""	""	""	""	""	""	""
3815	202329965,0	2023-12-13T00:00:00	07:18:00	COM VÍTIMA	FINALIZADA	BOA VIAGEM	RUA SA E SOUZA	""	RUA GENERAL SALGADO	PROX. A FARMACIA DROGASIL	BOA VIAGEM	""	""	COLISÃO LATERAL	0,0	1,0	0,0	0,0	0,0	0,0	0,0	0,0	0,0	1,0	0,0	""	""	""	""	""	""	""	""	""	""	""	""	""
3816	202329967,0	2023-12-13T00:00:00	07:24:00	COM VÍTIMA	FINALIZADA	TOTO	RUA ONZE DE AGOSTO	""	""	PROX. AO POSTO DE SAUDE BIDU KRAUSE E COLEGIO MONSENHOR ALVARO NEGROMONTE	TOTO	""	""	COLISÃO LATERAL	0,0	1,0	0,0	0,0	0,0	0,0	0,0	0,0	0,0	1,0	0,0	""	""	""	""	""	""	""	""	""	""	""	""	""
3817	202329971,0	2023-12-13T00:00:00	07:43:00	COM VÍTIMA	FINALIZADA	IPSEP	AV RECIFE	15178	""	PROX AO NUCLEO / PROX A CASA DA BATERIA	IPSEP	""	""	COLISÃO	0,0	1,0	0,0	0,0	0,0	0,0	0,0	0,0	0,0	1,0	0,0	""	""	""	""	""	""	""	""	""	""	""	""	""
3818	202329977,0	2023-12-13T00:00:00	07:58:00	COM VÍTIMA	FINALIZADA	MUSTARDINHA	AV MANOEL GONCALVES DA LUZ	""	""	EM FRENTE A PRAÇA DO ABC	MUSTARDINHA	""	""	COLISÃO	0,0	1,0	0,0	0,0	0,0	1,0	0,0	0,0	0,0	1,0	0,0	""	""	""	""	""	""	""	""	""	""	""	""	""
3819	202329986,0	2023-12-13T00:00:00	09:11:00	COM VÍTIMA	FINALIZADA	AFOGADOS	RUA SAO MIGUEL	110	""	EM FRENTE AO CARTORIO	AFOGADOS	""	""	COLISÃO LATERAL	1,0	0,0	0,0	0,0	0,0	1,0	0,0	0,0	0,0	1,0	0,0	""	""	""	""	""	""	""	""	""	""	""	""	""
3820	202329988,0	2023-12-13T00:00:00	09:13:00	COM VÍTIMA	FINALIZADA	MADALENA	TUNEL DA ABOLICAO	""	""	""	MADALENA	""	""	COLISÃO	0,0	0,0	0,0	0,0	0,0	0,0	0,0	0,0	0,0	1,0	0,0	""	""	""	""	""	""	""	""	""	""	""	""	""
3821	202329989,0	2023-12-13T00:00:00	09:26:00	COM VÍTIMA	FINALIZADA	GUABIRABA	AV DA RECUPERACAO	""	""	TERMINAL DE ONIBUS DO CORRÉGO DO GENIPAPO	GUABIRABA	""	""	COLISÃO	0,0	0,0	0,0	0,0	0,0	0,0	0,0	0,0	0,0	1,0	0,0	""	""	""	""	""	""	""	""	""	""	""	""	""