_id	Protocolo	data	hora	natureza	situacao	bairro	endereco	numero	detalhe_endereco_acidente	complemento	bairro_cruzamento	num_semaforo	sentido_via	tipo	auto	moto	ciclom	ciclista	pedestre	onibus	caminhao	viatura	outros	vitimas	vitimasfatais	acidente_verificado	tempo_clima	situacao_semaforo	sinalizacao	condicao_via	conservacao_via	ponto_controle	situacao_placa	velocidade_max_via	mao_direcao	divisao_via1	divisao_via2	divisao_via3
3822	202329992,0	2023-12-13T00:00:00	10:08:00	COM VÍTIMA	FINALIZADA	FUNDAO	RUA VALENTINS	""	""	RUA DA CBS AUTO PEÇAS	FUNDAO	""	""	ATROPELAMENTO DE PESSOA	1,0	0,0	0,0	0,0	1,0	0,0	0,0	0,0	0,0	1,0	0,0	""	""	""	""	""	""	""	""	""	""	""	""	""
3823	202329993,0	2023-12-13T00:00:00	10:10:00	COM VÍTIMA	CANCELADA	CAXANGA	AV JOAQUIM RIBEIRO	""	""	PROX. AO POSTO DE GASOLINA DISLUB E SUPERMERCADO TEM	CAXANGA	""	""	COLISÃO LATERAL	0,0	1,0	0,0	0,0	0,0	0,0	0,0	0,0	0,0	1,0	0,0	""	""	""	""	""	""	""	""	""	""	""	""	""
3824	202330006,0	2023-12-13T00:00:00	11:22:00	COM VÍTIMA	FINALIZADA	BOA VIAGEM	AV MARECHAL JUAREZ TAVORA	""	""	PROX. A DD DISTRIBUIÇÃO	BOA VIAGEM	""	""	COLISÃO LATERAL	0,0	1,0	0,0	0,0	0,0	0,0	0,0	0,0	0,0	1,0	0,0	""	""	""	""	""	""	""	""	""	""	""	""	""
3825	202330007,0	2023-12-13T00:00:00	12:01:00	COM VÍTIMA	FINALIZADA	CASA FORTE	RUA EDSON ALVARES	218	""	PROX AO HOSPITAL HAP VIDA / PROX A PRAÇA DE CASA FORTE	CASA FORTE	""	""	COLISÃO	0,0	1,0	0,0	0,0	0,0	0,0	0,0	0,0	0,0	1,0	0,0	""	""	""	""	""	""	""	""	""	""	""	""	""
3826	202330009,0	2023-12-13T00:00:00	12:39:00	COM VÍTIMA	FINALIZADA	BOA VIAGEM	RUA RIBEIRO DE BRITO	901	RUA DR JOAO GUILHERME DE P SOBRINHO	EM FRENTE AO EMPRESARIAL RIBEIRO DE BRITO	BOA VIAGEM	""	""	COLISÃO LATERAL	1,0	1,0	0,0	0,0	0,0	0,0	0,0	0,0	0,0	1,0	0,0	""	""	""	""	""	""	""	""	""	""	""	""	""
3827	202330012,0	2023-12-13T00:00:00	12:52:00	COM VÍTIMA	FINALIZADA	TAMARINEIRA	EST DO ARRAIAL	2968	""	EM FRENTE AO EDIFICIO PARAISO DO ARRAIAL E PROXIMO AO COLEGIO REINO MAGICO	TAMARINEIRA	""	""	COLISÃO LATERAL	1,0	1,0	0,0	0,0	0,0	0,0	0,0	0,0	0,0	1,0	0,0	""	""	""	""	""	""	""	""	""	""	""	""	""
3828	202330016,0	2023-12-13T00:00:00	01:36:00	COM VÍTIMA	FINALIZADA	BAIRRO DO RECIFE	CAIS DO APOLO	""	""	TRIBUNAL REGIONAL FEDERAL	BAIRRO DO RECIFE	""	""	COLISÃO TRASEIRA	1,0	1,0	0,0	0,0	0,0	0,0	0,0	0,0	0,0	1,0	0,0	""	""	""	""	""	""	""	""	""	""	""	""	""
3829	202330019,0	2023-12-13T00:00:00	02:03:00	COM VÍTIMA	FINALIZADA	SAN MARTIN	RUA GOMES TABORDA	""	""	FICA NO CRUZAMENTO DA GENERAL SAN MARTINS / E PROX A FARMACIA PAGUE MENOS	SAN MARTIN	67,0	""	COLISÃO FRONTAL	1,0	1,0	0,0	0,0	0,0	0,0	0,0	0,0	0,0	1,0	0,0	""	""	""	""	""	""	""	""	""	""	""	""	""
3830	202330037,0	2023-12-13T00:00:00	04:44:00	COM VÍTIMA	FINALIZADA	GRACAS	AV DR MALAQUIAS	""	""	EM FRENTE A ASSOCIAÇÃO ATLETICA DO BANCO DO BRASIL	GRACAS	""	""	COLISÃO	0,0	1,0	0,0	0,0	0,0	0,0	0,0	0,0	0,0	1,0	0,0	""	""	""	""	""	""	""	""	""	""	""	""	""
3831	202330044,0	2023-12-13T00:00:00	05:17:00	COM VÍTIMA	FINALIZADA	CAMPO GRANDE	RUA JERONIMO VILELA	575	""	PROXIMO SOCIETY DO VITAL	CAMPO GRANDE	""	""	COLISÃO LATERAL	0,0	2,0	0,0	0,0	0,0	0,0	0,0	0,0	0,0	2,0	0,0	""	""	""	""	""	""	""	""	""	""	""	""	""
3832	202330045,0	2023-12-13T00:00:00	05:11:00	SEM VÍTIMA	FINALIZADA	TORROES	AV ENGENHEIRO ABDIAS DE CARVALHO	603	""	DLP	TORROES	""	""	COLISÃO LATERAL	0,0	1,0	0,0	0,0	0,0	0,0	0,0	1,0	0,0	0,0	0,0	""	""	""	""	""	""	""	""	""	""	""	""	""
3833	202330047,0	2023-12-13T00:00:00	05:28:00	COM VÍTIMA	FINALIZADA	SOLEDADE	RUA DAS NINFAS	""	""	NA RUA DO VEM GRANDE RECIFE	SOLEDADE	""	""	COLISÃO	0,0	1,0	0,0	0,0	0,0	0,0	0,0	0,0	0,0	1,0	0,0	""	""	""	""	""	""	""	""	""	""	""	""	""
3834	202330052,0	2023-12-13T00:00:00	06:24:00	COM VÍTIMA	FINALIZADA	AFOGADOS	AV SUL	""	""	SOB O SEMÁFORO 320	AFOGADOS	320,0	""	COLISÃO FRONTAL	0,0	1,0	0,0	1,0	0,0	0,0	0,0	0,0	0,0	1,0	0,0	""	""	""	""	""	""	""	""	""	""	""	""	""
3835	202330060,0	2023-12-13T00:00:00	08:37:00	SEM VÍTIMA	FINALIZADA	AFOGADOS	RUA VISCONDE DE PELOTAS	""	RUA VINTE E UM DE ABRIL	""	AFOGADOS	334,0	SUBURBIO	COLISÃO	1,0	1,0	0,0	0,0	0,0	0,0	0,0	0,0	0,0	0,0	0,0	""	""	""	""	""	""	""	""	""	""	""	""	""
3836	202330063,0	2023-12-14T00:00:00	01:07:00	SEM VÍTIMA	FINALIZADA	IMBIRIBEIRA	AV MARECHAL MASCARENHAS DE MORAES	2690	RUA ITACARI	BANCO ITAÚ	IMBIRIBEIRA	225,0	SUBURBIO	COLISÃO LATERAL	0,0	1,0	0,0	0,0	0,0	0,0	0,0	1,0	0,0	0,0	0,0	""	""	""	""	""	""	""	""	""	""	""	""	""
3837	202330064,0	2023-12-14T00:00:00	01:28:00	COM VÍTIMA	FINALIZADA	AFOGADOS	EST DOS REMEDIOS	""	RUA NICOLAU PEREIRA	""	AFOGADOS	""	""	ATROPELAMENTO DE PESSOA	1,0	0,0	0,0	0,0	1,0	0,0	0,0	0,0	0,0	1,0	0,0	""	""	""	""	""	""	""	""	""	""	""	""	""
3838	202330080,0	2023-12-14T00:00:00	06:42:00	COM VÍTIMA	FINALIZADA	BONGI	EST DO BONGI	""	""	EM FRENTE A NEO ENERGIA DO BONGI, PROX. A IGREJA ASSEMBLEIA DE DEUS	BONGI	""	""	COLISÃO LATERAL	0,0	1,0	0,0	0,0	0,0	0,0	0,0	0,0	0,0	1,0	0,0	""	""	""	""	""	""	""	""	""	""	""	""	""
3839	202330081,0	2023-12-14T00:00:00	06:56:00	COM VÍTIMA	CANCELADA	SANTO AMARO	AV CRUZ CABUGA	""	""	EM FRENTE AO HOSPITAL DO CÂNCER	SANTO AMARO	""	""	COLISÃO LATERAL	1,0	1,0	0,0	0,0	0,0	0,0	0,0	0,0	0,0	1,0	0,0	""	""	""	""	""	""	""	""	""	""	""	""	""
3840	202330082,0	2023-12-14T00:00:00	07:00:00	COM VÍTIMA	FINALIZADA	BONGI	RUA ISAAC MARKMAN	""	""	EM FRENTE A NEO ENERGIA	BONGI	""	""	COLISÃO LATERAL	0,0	1,0	0,0	0,0	0,0	0,0	0,0	0,0	0,0	1,0	0,0	""	""	""	""	""	""	""	""	""	""	""	""	""
3841	202330092,0	2023-12-14T00:00:00	08:09:00	COM VÍTIMA	FINALIZADA	IPUTINGA	AV CAXANGA	4567	""	LADO OPOSTO AO GOLFE CLUBE	IPUTINGA	""	""	COLISÃO	1,0	1,0	0,0	0,0	0,0	0,0	0,0	0,0	0,0	1,0	0,0	""	""	""	""	""	""	""	""	""	""	""	""	""
3842	202330095,0	2023-12-14T00:00:00	08:24:00	COM VÍTIMA	FINALIZADA	PINA	RUA FRANCISCO VALPASSOS	""	""	PRAÇA ABELARDO BALTAR	PINA	""	""	COLISÃO	1,0	1,0	0,0	0,0	0,0	0,0	0,0	0,0	0,0	1,0	0,0	""	""	""	""	""	""	""	""	""	""	""	""	""
3843	202330098,0	2023-12-14T00:00:00	09:00:00	SEM VÍTIMA	FINALIZADA	BOA VIAGEM	AV BOA VIAGEM	""	""	NAS PROXIMIDADES AO PARQUE DONA LINDU	BOA VIAGEM	""	""	COLISÃO	0,0	0,0	0,0	0,0	0,0	0,0	0,0	0,0	0,0	0,0	0,0	""	""	""	""	""	""	""	""	""	""	""	""	""
3844	202330105,0	2023-12-14T00:00:00	10:19:00	COM VÍTIMA	FINALIZADA	IPUTINGA	EST DO BARBALHO	""	""	PROX. AO MIX MATHEUS E CEFOC	IPUTINGA	""	""	COLISÃO LATERAL	0,0	1,0	0,0	0,0	0,0	0,0	0,0	0,0	0,0	1,0	0,0	""	""	""	""	""	""	""	""	""	""	""	""	""
3845	202330118,0	2023-12-14T00:00:00	11:29:00	COM VÍTIMA	FINALIZADA	JORDAO	TUNEL FELIPE CAMARAO	""	""	TUNEL FELIPE CAMARÃO	JORDAO	""	""	COLISÃO	0,0	1,0	0,0	0,0	0,0	0,0	0,0	0,0	0,0	1,0	0,0	""	""	""	""	""	""	""	""	""	""	""	""	""
3846	202330134,0	2023-12-14T00:00:00	02:06:00	COM VÍTIMA	FINALIZADA	AFOGADOS	RUA CINCO DE NOVEMBRO	107	""	POR TRAZ DO COLEGIO AMARY	AFOGADOS	""	""	COLISÃO LATERAL	1,0	1,0	0,0	0,0	0,0	0,0	0,0	0,0	0,0	1,0	0,0	""	""	""	""	""	""	""	""	""	""	""	""	""
3847	202330135,0	2023-12-14T00:00:00	02:09:00	COM VÍTIMA	FINALIZADA	AFOGADOS	RUA DA PAZ	""	""	PROX A  CAIXA ECONOMICA E/F A ASA	AFOGADOS	""	""	COLISÃO LATERAL	1,0	1,0	0,0	0,0	0,0	0,0	0,0	0,0	0,0	1,0	0,0	""	""	""	""	""	""	""	""	""	""	""	""	""
3848	202330151,0	2023-12-14T00:00:00	04:17:00	COM VÍTIMA	FINALIZADA	BEBERIBE	AV BEBERIBE	""	""	PROXIMO AO POSTO DE GASOLINA SHELL // E/F BORRACHARIA  SÃO LUIZ	BEBERIBE	""	""	COLISÃO	0,0	1,0	0,0	0,0	0,0	0,0	0,0	0,0	0,0	1,0	0,0	""	""	""	""	""	""	""	""	""	""	""	""	""
3849	202330155,0	2023-12-14T00:00:00	04:43:00	COM VÍTIMA	FINALIZADA	CORDEIRO	RUA ODETE MONTEIRO	""	""	EM FRENTE AO POSTO PETROCAL	CORDEIRO	589,0	""	COLISÃO LATERAL	0,0	2,0	0,0	0,0	0,0	0,0	0,0	0,0	0,0	1,0	0,0	""	""	""	""	""	""	""	""	""	""	""	""	""
3850	202330156,0	2023-12-14T00:00:00	04:52:00	COM VÍTIMA	FINALIZADA	BAIRRO DO RECIFE	RUA DO APOLO	""	""	PROXIMO AO TEATRO HERMILO BORBA FILHO	BAIRRO DO RECIFE	""	SUBURBIO	COLISÃO LATERAL	1,0	1,0	0,0	0,0	0,0	0,0	0,0	0,0	0,0	1,0	0,0	""	""	""	""	""	""	""	""	""	""	""	""	""
3851	202330161,0	2023-12-14T00:00:00	06:21:00	COM VÍTIMA	FINALIZADA	IMBIRIBEIRA	AV MARECHAL MASCARENHAS DE MORAES	""	""	SOB O SEMÁFORO	IMBIRIBEIRA	287,0	""	COLISÃO LATERAL	0,0	1,0	0,0	0,0	0,0	0,0	0,0	0,0	0,0	1,0	0,0	""	""	""	""	""	""	""	""	""	""	""	""	""
3852	202330165,0	2023-12-14T00:00:00	06:49:00	COM VÍTIMA	CANCELADA	SANTO AMARO	AV GOVERNADOR AGAMENON MAGALHAES	6976	""	E/F A REITORIA DA UPE	SANTO AMARO	""	""	COLISÃO	0,0	1,0	0,0	0,0	0,0	0,0	0,0	0,0	0,0	1,0	0,0	""	""	""	""	""	""	""	""	""	""	""	""	""
3853	202330197,0	2023-12-15T00:00:00	07:24:00	COM VÍTIMA	FINALIZADA	ARRUDA	RUA DAS MOCAS	""	""	POR TRAS DO CAMPO DO ARRUDA	ARRUDA	""	""	COLISÃO LATERAL	0,0	1,0	0,0	0,0	0,0	0,0	0,0	0,0	0,0	1,0	0,0	""	""	""	""	""	""	""	""	""	""	""	""	""
3854	202330200,0	2023-12-15T00:00:00	08:00:00	SEM VÍTIMA	FINALIZADA	ROSARINHO	AV NORTE MIGUEL ARRAES DE ALENCAR	2981	""	AO LADO DO POSTO DE GASOLINA FORMULA	ROSARINHO	""	CIDADE	COLISÃO TRASEIRA	2,0	0,0	0,0	0,0	0,0	0,0	0,0	1,0	0,0	0,0	0,0	""	""	""	""	""	""	""	""	""	""	""	""	""
3855	202330202,0	2023-12-15T00:00:00	08:03:00	COM VÍTIMA	FINALIZADA	JIQUIA	AV DR JOSE RUFINO	""	""	EM FRENTE AO POSTO IPIRANGA	JIQUIA	""	""	COLISÃO LATERAL	1,0	1,0	0,0	0,0	0,0	0,0	0,0	0,0	0,0	1,0	0,0	""	""	""	""	""	""	""	""	""	""	""	""	""
3856	202330204,0	2023-12-15T00:00:00	08:08:00	COM VÍTIMA	FINALIZADA	DERBY	AV GOVERNADOR AGAMENON MAGALHAES	""	""	EM FRENTE  A RESTAURAÇÃO PROX A FARMACIA DROGASIL	DERBY	""	""	COLISÃO	0,0	1,0	0,0	0,0	0,0	0,0	0,0	0,0	0,0	1,0	0,0	""	""	""	""	""	""	""	""	""	""	""	""	""
3857	202330214,0	2023-12-15T00:00:00	09:19:00	SEM VÍTIMA	FINALIZADA	AFOGADOS	RUA SAO MIGUEL	1094	""	""	AFOGADOS	""	""	COLISÃO	0,0	0,0	0,0	0,0	0,0	0,0	0,0	0,0	0,0	0,0	0,0	""	""	""	""	""	""	""	""	""	""	""	""	""
3858	202330220,0	2023-12-15T00:00:00	10:26:00	COM VÍTIMA	FINALIZADA	MADALENA	RUA JOSE OSORIO	401	""	AO LADO DO SUPERMERCADO RM EXPRESS	MADALENA	""	""	COLISÃO	0,0	1,0	0,0	0,0	0,0	0,0	0,0	0,0	0,0	1,0	0,0	""	""	""	""	""	""	""	""	""	""	""	""	""
3859	202330224,0	2023-12-15T00:00:00	10:59:00	COM VÍTIMA	FINALIZADA	JOANA BEZERRA	VIADUTO CAPITAO TEMUDO	""	""	EM CIMA DO VIADUTO, SENT. SHOPPING RIO MAR	JOANA BEZERRA	""	""	COLISÃO LATERAL	0,0	1,0	0,0	0,0	0,0	0,0	0,0	0,0	0,0	1,0	0,0	""	""	""	""	""	""	""	""	""	""	""	""	""
3860	202330228,0	2023-12-15T00:00:00	11:49:00	COM VÍTIMA	FINALIZADA	JARDIM SAO PAULO	RUA LEANDRO BARRETO	""	""	CRUZAMENTO PROXIMO AO NUMERO 1020	JARDIM SAO PAULO	""	""	COLISÃO FRONTAL	1,0	1,0	0,0	0,0	0,0	0,0	0,0	0,0	0,0	1,0	0,0	""	""	""	""	""	""	""	""	""	""	""	""	""
3861	202330237,0	2023-12-15T00:00:00	12:58:00	COM VÍTIMA	FINALIZADA	BOA VIAGEM	AV CONSELHEIRO AGUIAR	""	""	PROX A CASA DO BOLO /  PROX A CASA LOTERICA TEIMOSINHO	BOA VIAGEM	""	""	COLISÃO	0,0	1,0	0,0	0,0	0,0	0,0	0,0	0,0	0,0	1,0	0,0	""	""	""	""	""	""	""	""	""	""	""	""	""
3862	202330244,0	2023-12-15T00:00:00	02:26:00	COM VÍTIMA	FINALIZADA	BARRO	RUA AMADOR ARAUJO	119	""	PROX AO CEMITERIO DO BARRO	BARRO	""	""	COLISÃO FRONTAL	1,0	1,0	0,0	0,0	0,0	0,0	0,0	0,0	0,0	1,0	0,0	""	""	""	""	""	""	""	""	""	""	""	""	""
3863	202330245,0	2023-12-15T00:00:00	02:41:00	COM VÍTIMA	FINALIZADA	IPSEP	RUA SAO NICOLAU	42	""	PROXIMO A MARAVILHA MOTOS //  SPORT CAR	IPSEP	""	""	COLISÃO	0,0	1,0	0,0	0,0	0,0	0,0	0,0	0,0	0,0	1,0	0,0	""	""	""	""	""	""	""	""	""	""	""	""	""
3864	202330248,0	2023-12-15T00:00:00	03:07:00	COM VÍTIMA	FINALIZADA	IMBIRIBEIRA	AV MARECHAL MASCARENHAS DE MORAES	38	""	PROXIMO A LOCALIZA // E/F AO AEROPORTO	IMBIRIBEIRA	""	""	COLISÃO	0,0	1,0	0,0	0,0	0,0	0,0	0,0	0,0	0,0	1,0	0,0	""	""	""	""	""	""	""	""	""	""	""	""	""
3865	202330255,0	2023-12-15T00:00:00	04:57:00	COM VÍTIMA	FINALIZADA	JORDAO	TUNEL FELIPE CAMARAO	""	""	NO TUNEL FELIPE CAMARÃO	JORDAO	""	""	QUEDA	0,0	1,0	0,0	0,0	0,0	0,0	0,0	0,0	0,0	1,0	0,0	""	""	""	""	""	""	""	""	""	""	""	""	""
3866	202330264,0	2023-12-15T00:00:00	05:52:00	SEM VÍTIMA	FINALIZADA	SAO JOSE	PRC DAS CINCO PONTAS	""	""	FORTE DAS CINCO PONTES	SAO JOSE	""	SUBURBIO	COLISÃO LATERAL	1,0	0,0	0,0	0,0	0,0	0,0	1,0	0,0	0,0	0,0	0,0	""	""	""	""	""	""	""	""	""	""	""	""	""
3867	202330267,0	2023-12-15T00:00:00	06:30:00	SEM VÍTIMA	DUPLICIDADE	SAO JOSE	PRC DAS CINCO PONTAS	""	""	NO RETORNO DA CIDADE	SAO JOSE	""	""	COLISÃO TRASEIRA	1,0	0,0	0,0	0,0	0,0	0,0	0,0	1,0	0,0	0,0	0,0	""	""	""	""	""	""	""	""	""	""	""	""	""
3868	202330304,0	2023-12-16T00:00:00	07:16:00	COM VÍTIMA	FINALIZADA	PINA	AV HERCULANO BANDEIRA	""	""	PROX A IGREJINHA DO PINA	PINA	""	""	COLISÃO TRASEIRA	1,0	1,0	0,0	0,0	0,0	0,0	0,0	0,0	0,0	1,0	0,0	""	""	""	""	""	""	""	""	""	""	""	""	""
3869	202330309,0	2023-12-16T00:00:00	08:46:00	COM VÍTIMA	FINALIZADA	IMBIRIBEIRA	AV MARECHAL MASCARENHAS DE MORAES	7647	""	EM FRENTE AO ASSAI SENTIDO AEROPORTO	IMBIRIBEIRA	""	""	COLISÃO	0,0	1,0	0,0	0,0	0,0	0,0	0,0	0,0	0,0	1,0	0,0	""	""	""	""	""	""	""	""	""	""	""	""	""
3870	202330330,0	2023-12-16T00:00:00	11:01:00	COM VÍTIMA	FINALIZADA	BOA VIAGEM	RUA PADRE CARAPUCEIRO	""	""	NO CRUZAMENTO DO VERDFRUT	BOA VIAGEM	""	""	COLISÃO TRASEIRA	1,0	1,0	0,0	0,0	0,0	0,0	0,0	0,0	0,0	1,0	0,0	""	""	""	""	""	""	""	""	""	""	""	""	""
3871	202330331,0	2023-12-16T00:00:00	11:01:00	COM VÍTIMA	FINALIZADA	BOMBA DO HEMETERIO	RUA CHA DE ALEGRIA	""	""	NA FRENTE DA ESCOLA MARDONIO  DE ANDRADE LIMA COELHO	BOMBA DO HEMETERIO	""	""	COLISÃO	0,0	1,0	0,0	0,0	0,0	0,0	0,0	0,0	0,0	1,0	0,0	""	""	""	""	""	""	""	""	""	""	""	""	""
3872	202330336,0	2023-12-16T00:00:00	12:59:00	COM VÍTIMA	DUPLICIDADE	BOA VIAGEM	RUA PADRE CARAPUCEIRO	""	""	NO CRUZAMENTO DO VERDFRUT	BOA VIAGEM	""	""	COLISÃO TRASEIRA	1,0	1,0	0,0	0,0	0,0	0,0	0,0	0,0	0,0	1,0	0,0	""	""	""	""	""	""	""	""	""	""	""	""	""
3873	202330343,0	2023-12-16T00:00:00	12:10:00	COM VÍTIMA	FINALIZADA	""	AV SUL	735	""	APÓS O VIADUTO PAPA JOÃOPAULO II	""	""	""	COLISÃO	0,0	1,0	0,0	0,0	0,0	0,0	0,0	0,0	0,0	1,0	0,0	""	""	""	""	""	""	""	""	""	""	""	""	""
3874	202330344,0	2023-12-16T00:00:00	12:15:00	COM VÍTIMA	DUPLICIDADE	BOA VIAGEM	RUA PADRE CARAPUCEIRO	""	AV CONSELHEIRO AGUIAR	CRUZAMENTO COM A CONSELHEIRO AGUIAR	BOA VIAGEM	""	""	COLISÃO	0,0	1,0	0,0	0,0	0,0	0,0	0,0	0,0	0,0	1,0	0,0	""	""	""	""	""	""	""	""	""	""	""	""	""
3875	202330345,0	2023-12-16T00:00:00	12:19:00	COM VÍTIMA	FINALIZADA	BOA VISTA	PTE PRINCESA IZABEL	""	""	PROX A DELEGACIA	BOA VISTA	""	""	COLISÃO	0,0	1,0	0,0	0,0	0,0	0,0	0,0	0,0	0,0	1,0	0,0	""	""	""	""	""	""	""	""	""	""	""	""	""
3876	202330366,0	2023-12-16T00:00:00	02:30:00	COM VÍTIMA	FINALIZADA	IMBIRIBEIRA	AV MARECHAL MASCARENHAS DE MORAES	""	""	EM FRENTE AO COMERCIAL ZERO UM E A FERRO MAIS	IMBIRIBEIRA	""	""	COLISÃO	0,0	1,0	0,0	0,0	0,0	0,0	0,0	0,0	0,0	1,0	0,0	""	""	""	""	""	""	""	""	""	""	""	""	""
3877	202330367,0	2023-12-16T00:00:00	02:57:00	COM VÍTIMA	FINALIZADA	DERBY	AV GOVERNADOR AGAMENON MAGALHAES	""	""	CRUZAMENTO COM A RUA JOAQUIM NABUCO	DERBY	""	""	COLISÃO	1,0	1,0	0,0	0,0	0,0	0,0	0,0	0,0	0,0	1,0	0,0	""	""	""	""	""	""	""	""	""	""	""	""	""
3878	202330374,0	2023-12-16T00:00:00	05:02:00	COM VÍTIMA	FINALIZADA	IPSEP	AV RECIFE	""	""	EM FRENTE AO SUPERMERCADO ECONOMICO	IPSEP	""	SUBURBIO	COLISÃO TRASEIRA	2,0	1,0	0,0	0,0	0,0	0,0	0,0	0,0	0,0	1,0	0,0	""	""	""	""	""	""	""	""	""	""	""	""	""
3879	202330387,0	2023-12-16T00:00:00	06:44:00	COM VÍTIMA	FINALIZADA	CASA AMARELA	AV NORTE MIGUEL ARRAES DE ALENCAR	""	""	EM FRENTE A MATERNIDADE BARROS LIMA	CASA AMARELA	""	CIDADE	COLISÃO LATERAL	1,0	1,0	0,0	0,0	0,0	0,0	0,0	0,0	0,0	1,0	0,0	""	""	""	""	""	""	""	""	""	""	""	""	""
3880	202330392,0	2023-12-16T00:00:00	08:32:00	COM VÍTIMA	CANCELADA	AGUA FRIA	RUA FLORESTOPOLIS	233	""	PROXIMO AO TERMINAL DE AGUA FRIA	AGUA FRIA	""	""	COLISÃO TRANSVERSAL	0,0	1,0	0,0	0,0	0,0	0,0	0,0	0,0	0,0	1,0	0,0	""	""	""	""	""	""	""	""	""	""	""	""	""
3881	202330416,0	2023-12-17T00:00:00	07:54:00	COM VÍTIMA	FINALIZADA	CAMPO GRANDE	EST DE BELEM	""	RUA PRUDENTE DE MORAES	PROX. A CLINICA CENTRAL E POSTO PETROGAS	CAMPO GRANDE	""	""	COLISÃO LATERAL	1,0	1,0	0,0	0,0	0,0	0,0	0,0	0,0	0,0	2,0	0,0	""	""	""	""	""	""	""	""	""	""	""	""	""
3882	202330448,0	2023-12-17T00:00:00	05:20:00	COM VÍTIMA	FINALIZADA	IPUTINGA	AV CAXANGA	""	""	E/F AO ANTIGO HIPER BOMPREÇO S/T CID	IPUTINGA	""	""	COLISÃO FRONTAL	1,0	1,0	0,0	0,0	0,0	0,0	0,0	0,0	0,0	1,0	0,0	""	""	""	""	""	""	""	""	""	""	""	""	""
3883	202330454,0	2023-12-17T00:00:00	06:14:00	COM VÍTIMA	FINALIZADA	IBURA	RUA PAULISTA	277	""	PROXIMO AO NACIONAL SPORT CLUB // E/F A PRAÇA DO LEITEIRO	IBURA	""	""	COLISÃO	1,0	1,0	0,0	0,0	0,0	0,0	0,0	0,0	0,0	1,0	0,0	""	""	""	""	""	""	""	""	""	""	""	""	""
3884	202330464,0	2023-12-17T00:00:00	07:22:00	COM VÍTIMA	FINALIZADA	AFOGADOS	AV SUL	""	""	POLICLINICA DE AFOGADOS	AFOGADOS	""	""	COLISÃO	0,0	1,0	0,0	0,0	0,0	0,0	0,0	0,0	0,0	2,0	0,0	""	""	""	""	""	""	""	""	""	""	""	""	""
3885	202330467,0	2023-12-17T00:00:00	08:12:00	COM VÍTIMA	FINALIZADA	TEJIPIO	RUA FALCAO DE LACERDA	484	""	PRAÇA DO PACHECO	TEJIPIO	""	""	COLISÃO	1,0	1,0	0,0	0,0	0,0	0,0	0,0	0,0	0,0	1,0	0,0	""	""	""	""	""	""	""	""	""	""	""	""	""
3886	202330470,0	2023-12-17T00:00:00	08:45:00	COM VÍTIMA	FINALIZADA	JORDAO	RUA DR ALVARO FERRAZ	""	RUA CANAA	TERMINAL DO JORDAO	JORDAO	""	""	COLISÃO	1,0	1,0	0,0	0,0	0,0	0,0	0,0	0,0	0,0	1,0	0,0	""	""	""	""	""	""	""	""	""	""	""	""	""
3887	202330475,0	2023-12-18T00:00:00	12:55:00	SEM VÍTIMA	FINALIZADA	TEJIPIO	RUA GUANABARA	""	""	EM FRENTE A ESTAÇÃO COQUEIRAL	TEJIPIO	""	""	CHOQUE	1,0	0,0	0,0	0,0	0,0	0,0	0,0	0,0	0,0	0,0	0,0	""	""	""	""	""	""	""	""	""	""	""	""	""
3888	202330476,0	2023-12-18T00:00:00	02:04:00	SEM VÍTIMA	CANCELADA	IMBIRIBEIRA	AV MARECHAL MASCARENHAS DE MORAES	""	RUA ITACARI	AO LADO DO BANCO ITAU	IMBIRIBEIRA	225,0	SUBURBIO	COLISÃO	1,0	0,0	0,0	0,0	0,0	0,0	1,0	0,0	0,0	0,0	0,0	""	""	""	""	""	""	""	""	""	""	""	""	""
3889	202330490,0	2023-12-18T00:00:00	07:13:00	COM VÍTIMA	FINALIZADA	TORRE	RUA JOSE BONIFACIO	1141	""	PROX AO SUPERMERCADO CARREFUOR E ATACADOS DOS PRESENTES DA TORRE	TORRE	""	""	COLISÃO	0,0	1,0	0,0	0,0	0,0	0,0	0,0	0,0	0,0	1,0	0,0	""	""	""	""	""	""	""	""	""	""	""	""	""
3890	202330493,0	2023-12-18T00:00:00	07:34:00	COM VÍTIMA	FINALIZADA	MACAXEIRA	AV NORTE MIGUEL ARRAES DE ALENCAR	""	""	PROX. A INTEGRAÇÃO DA MACAXEIRA	MACAXEIRA	""	""	COLISÃO LATERAL	0,0	1,0	0,0	0,0	0,0	0,0	0,0	0,0	0,0	1,0	0,0	""	""	""	""	""	""	""	""	""	""	""	""	""
3891	202330495,0	2023-12-18T00:00:00	08:02:00	COM VÍTIMA	FINALIZADA	SANTO AMARO	RUA BARROS BARRETO	1063	""	EM FRENTE A QUALITY PEÇAS / PROX A IGREJA CATOLICA	SANTO AMARO	""	""	COLISÃO LATERAL	1,0	1,0	0,0	0,0	0,0	0,0	0,0	0,0	0,0	1,0	0,0	""	""	""	""	""	""	""	""	""	""	""	""	""
3892	202330497,0	2023-12-18T00:00:00	08:13:00	COM VÍTIMA	FINALIZADA	BOA VIAGEM	AV ENGENHEIRO DOMINGOS FERREIRA	""	""	PROX. A ESCOLA MUNICIPAL OSWALDO LIMA FILHO	BOA VIAGEM	""	""	COLISÃO LATERAL	1,0	1,0	0,0	0,0	0,0	0,0	0,0	0,0	0,0	1,0	0,0	""	""	""	""	""	""	""	""	""	""	""	""	""