_id	Protocolo	data	hora	natureza	situacao	bairro	endereco	numero	detalhe_endereco_acidente	complemento	bairro_cruzamento	num_semaforo	sentido_via	tipo	auto	moto	ciclom	ciclista	pedestre	onibus	caminhao	viatura	outros	vitimas	vitimasfatais	acidente_verificado	tempo_clima	situacao_semaforo	sinalizacao	condicao_via	conservacao_via	ponto_controle	situacao_placa	velocidade_max_via	mao_direcao	divisao_via1	divisao_via2	divisao_via3
3893	202330498,0	2023-12-18T00:00:00	08:13:00	COM VÍTIMA	FINALIZADA	IPUTINGA	AV PROFESSOR JOAQUIM CAVALCANTI	""	""	EM FRENTE A IPUTINGA AUTOMÓVEIS	IPUTINGA	""	""	COLISÃO	0,0	0,0	0,0	0,0	0,0	0,0	0,0	0,0	0,0	1,0	0,0	""	""	""	""	""	""	""	""	""	""	""	""	""
3894	202330506,0	2023-12-18T00:00:00	09:47:00	COM VÍTIMA	FINALIZADA	MADALENA	AV ENGENHEIRO ABDIAS DE CARVALHO	""	EST DOS REMEDIOS	PROX A FARMACIA INDEPENDENTE	MADALENA	""	""	COLISÃO	0,0	1,0	0,0	0,0	0,0	1,0	0,0	0,0	0,0	1,0	0,0	""	""	""	""	""	""	""	""	""	""	""	""	""
3895	202330517,0	2023-12-18T00:00:00	11:10:00	COM VÍTIMA	FINALIZADA	CORDEIRO	RUA PROFESSOR JOAQUIM XAVIER DE BRITO	""	""	EM FRENTE AO ME CELULAR E BARBEARIA INOVE	CORDEIRO	""	""	COLISÃO LATERAL	0,0	1,0	0,0	0,0	0,0	0,0	0,0	0,0	0,0	1,0	0,0	""	""	""	""	""	""	""	""	""	""	""	""	""
3896	202330525,0	2023-12-18T00:00:00	11:27:00	VÍTIMA FATAL	FINALIZADA	CAXANGA	AV CAXANGA	""	""	PROX A GIL MOTOS / PROX A ESTAÇÃO BRT ZUMBI	CAXANGA	""	""	COLISÃO	0,0	2,0	0,0	0,0	0,0	0,0	0,0	0,0	0,0	1,0	1,0	""	""	""	""	""	""	""	""	""	""	""	""	""
3897	202330526,0	2023-12-18T00:00:00	11:28:00	COM VÍTIMA	FINALIZADA	TAMARINEIRA	RUA CONEGO BARATA	""	""	EM FRENTE A LOJA FERREIRA COSTA	TAMARINEIRA	""	""	COLISÃO	0,0	1,0	0,0	0,0	0,0	0,0	0,0	0,0	0,0	1,0	0,0	""	""	""	""	""	""	""	""	""	""	""	""	""
3898	202330535,0	2023-12-18T00:00:00	12:35:00	COM VÍTIMA	FINALIZADA	GRACAS	AV GOVERNADOR AGAMENON MAGALHAES	158	AV RUI BARBOSA	SAÍDA DA RUI BARBOSA	GRACAS	""	""	""	0,0	2,0	0,0	0,0	0,0	0,0	0,0	0,0	0,0	1,0	0,0	""	""	""	""	""	""	""	""	""	""	""	""	""
3899	202330538,0	2023-12-18T00:00:00	01:25:00	SEM VÍTIMA	FINALIZADA	ESPINHEIRO	RUA DO ESPINHEIRO	320	""	""	ESPINHEIRO	""	""	COLISÃO	0,0	0,0	0,0	0,0	0,0	0,0	0,0	0,0	0,0	0,0	0,0	""	""	""	""	""	""	""	""	""	""	""	""	""
3900	202330555,0	2023-12-18T00:00:00	05:06:00	COM VÍTIMA	FINALIZADA	MADALENA	AV ENGENHEIRO ABDIAS DE CARVALHO	""	EST DOS REMEDIOS	NO SEMÁFORO 052	MADALENA	52,0	""	COLISÃO LATERAL	1,0	1,0	0,0	0,0	0,0	0,0	0,0	0,0	0,0	2,0	0,0	""	""	""	""	""	""	""	""	""	""	""	""	""
3901	202330556,0	2023-12-18T00:00:00	05:07:00	COM VÍTIMA	FINALIZADA	CAXANGA	RUA FRANCISCO TORRES	""	""	PROXIMO A PRAÇA DE NOVA MORADA	CAXANGA	""	""	COLISÃO FRONTAL	0,0	2,0	0,0	0,0	0,0	0,0	0,0	0,0	0,0	2,0	0,0	""	""	""	""	""	""	""	""	""	""	""	""	""
3902	202330572,0	2023-12-18T00:00:00	09:36:00	COM VÍTIMA	CANCELADA	JORDAO	AV MARIA IRENE	1246	""	""	JORDAO	""	""	COLISÃO FRONTAL	2,0	0,0	0,0	0,0	0,0	0,0	0,0	0,0	0,0	1,0	0,0	""	""	""	""	""	""	""	""	""	""	""	""	""
3903	202330576,0	2023-12-19T00:00:00	01:55:00	COM VÍTIMA	FINALIZADA	DERBY	AV GOVERNADOR AGAMENON MAGALHAES	""	RUA HENRIQUE DIAS	E/F AO RESTAURANTE COCO BAMBU	DERBY	""	""	COLISÃO LATERAL	1,0	1,0	0,0	0,0	0,0	0,0	0,0	0,0	0,0	2,0	0,0	""	""	""	""	""	""	""	""	""	""	""	""	""
3904	202330580,0	2023-12-19T00:00:00	05:20:00	COM VÍTIMA	CANCELADA	PAISSANDU	RUA FRANCISCO ALVES	""	""	HOSPITAL ESPERANÇA	PAISSANDU	""	""	COLISÃO LATERAL	1,0	1,0	0,0	0,0	0,0	0,0	0,0	0,0	0,0	1,0	0,0	""	""	""	""	""	""	""	""	""	""	""	""	""
3905	202330590,0	2023-12-19T00:00:00	06:39:00	COM VÍTIMA	FINALIZADA	IPSEP	AV RECIFE	""	""	EM FRENTE A RECIFE MOTOS, SENT. AEROPORTO	IPSEP	""	""	ATROPELAMENTO DE PESSOA	0,0	1,0	0,0	0,0	1,0	0,0	0,0	0,0	0,0	3,0	0,0	""	""	""	""	""	""	""	""	""	""	""	""	""
3906	202330592,0	2023-12-19T00:00:00	07:28:00	COM VÍTIMA	FINALIZADA	JORDAO	AV MARIA IRENE	1670	""	PROX AO ATACAREJO	JORDAO	""	""	COLISÃO LATERAL	1,0	1,0	0,0	0,0	0,0	0,0	0,0	0,0	0,0	1,0	0,0	""	""	""	""	""	""	""	""	""	""	""	""	""
3907	202330602,0	2023-12-19T00:00:00	10:34:00	COM VÍTIMA	FINALIZADA	GRACAS	RUA DA HORA	400	""	""	GRACAS	""	""	COLISÃO	0,0	0,0	0,0	0,0	0,0	0,0	0,0	0,0	0,0	1,0	0,0	""	""	""	""	""	""	""	""	""	""	""	""	""
3908	202330607,0	2023-12-19T00:00:00	11:14:00	COM VÍTIMA	FINALIZADA	PRADO	AV ENGENHEIRO ABDIAS DE CARVALHO	1142	""	E/F A ENGEFRIO	PRADO	""	""	COLISÃO TRASEIRA	2,0	1,0	0,0	0,0	0,0	0,0	0,0	0,0	0,0	1,0	0,0	""	""	""	""	""	""	""	""	""	""	""	""	""
3909	202330609,0	2023-12-19T00:00:00	11:35:00	COM VÍTIMA	FINALIZADA	IPSEP	AV RECIFE	1311	""	LADO OPOSTO A CR COMERCIAL RECIFE	IPSEP	""	""	COLISÃO LATERAL	1,0	1,0	0,0	0,0	1,0	0,0	0,0	0,0	0,0	1,0	0,0	""	""	""	""	""	""	""	""	""	""	""	""	""
3910	202330621,0	2023-12-19T00:00:00	01:20:00	COM VÍTIMA	FINALIZADA	CASA FORTE	AV DEZESSETE DE AGOSTO	""	""	EM FRENTE AO HOSPITAL ERMINIO DE MORAES	CASA FORTE	""	""	COLISÃO LATERAL	1,0	1,0	0,0	0,0	0,0	0,0	0,0	0,0	0,0	1,0	0,0	""	""	""	""	""	""	""	""	""	""	""	""	""
3911	202330632,0	2023-12-19T00:00:00	04:56:00	SEM VÍTIMA	FINALIZADA	GRACAS	AV CONS ROSA E SILVA	1550	""	POSTO SHELL PETROCAL ( EM FRENTE)	GRACAS	""	SUBURBIO	COLISÃO LATERAL	1,0	0,0	0,0	0,0	0,0	0,0	1,0	0,0	0,0	0,0	0,0	""	""	""	""	""	""	""	""	""	""	""	""	""
3912	202330640,0	2023-12-19T00:00:00	06:03:00	COM VÍTIMA	FINALIZADA	SAN MARTIN	AV GENERAL SAN MARTIN	""	""	POSTO DE SAÚDE DE SAN MARTIN / CRECHE FUTURO DO AMANHÃ	SAN MARTIN	""	""	ATROPELAMENTO DE PESSOA	1,0	0,0	0,0	0,0	1,0	0,0	0,0	0,0	0,0	1,0	0,0	""	""	""	""	""	""	""	""	""	""	""	""	""
3913	202330643,0	2023-12-19T00:00:00	06:49:00	SEM VÍTIMA	FINALIZADA	ILHA DO RETIRO	AV BEIRA RIO	230	""	""	ILHA DO RETIRO	""	""	CHOQUE	1,0	0,0	0,0	0,0	0,0	0,0	0,0	0,0	0,0	0,0	0,0	""	""	""	""	""	""	""	""	""	""	""	""	""
3914	202330648,0	2023-12-19T00:00:00	07:47:00	COM VÍTIMA	FINALIZADA	SANTO AMARO	AV CRUZ CABUGA	""	""	EM FRENTE A POLÍCIA PENAL	SANTO AMARO	""	""	COLISÃO	1,0	1,0	0,0	0,0	0,0	0,0	0,0	0,0	0,0	1,0	0,0	""	""	""	""	""	""	""	""	""	""	""	""	""
3915	202330650,0	2023-12-19T00:00:00	07:56:00	COM VÍTIMA	FINALIZADA	IBURA	AV DOIS RIOS	""	RUA RIO XINGU	ACADEMIA MOTIVO	IBURA	""	""	COLISÃO	1,0	1,0	0,0	0,0	0,0	0,0	0,0	0,0	0,0	1,0	0,0	""	""	""	""	""	""	""	""	""	""	""	""	""
3916	202330671,0	2023-12-20T00:00:00	06:51:00	COM VÍTIMA	FINALIZADA	AFOGADOS	AV SUL	""	""	EM FRENTE AO HOTEL LUA DE MEL	AFOGADOS	""	""	COLISÃO COM CICLISTA	0,0	1,0	0,0	1,0	0,0	0,0	0,0	0,0	0,0	3,0	0,0	""	""	""	""	""	""	""	""	""	""	""	""	""
3917	202330681,0	2023-12-20T00:00:00	08:28:00	COM VÍTIMA	FINALIZADA	VASCO DA GAMA	RUA VASCO DA GAMA	1430	""	PROX. A ESCOLA PEQUEN PRINCIPE	VASCO DA GAMA	""	""	COLISÃO FRONTAL	1,0	1,0	0,0	0,0	0,0	0,0	0,0	0,0	0,0	1,0	0,0	""	""	""	""	""	""	""	""	""	""	""	""	""
3918	202330706,0	2023-12-20T00:00:00	11:39:00	SEM VÍTIMA	FINALIZADA	VARZEA	RUA MARIO CAMPELO	""	""	""	VARZEA	""	""	COLISÃO TRASEIRA	0,0	0,0	0,0	0,0	0,0	0,0	0,0	0,0	0,0	0,0	0,0	""	""	""	""	""	""	""	""	""	""	""	""	""
3919	202330709,0	2023-12-20T00:00:00	12:02:00	COM VÍTIMA	FINALIZADA	AFOGADOS	EST DOS REMEDIOS	""	""	PROX AO POSTO DE GASOLINA PETROBAHIA	AFOGADOS	""	""	COLISÃO LATERAL	1,0	1,0	0,0	0,0	0,0	0,0	0,0	0,0	0,0	1,0	0,0	""	""	""	""	""	""	""	""	""	""	""	""	""
3920	202330729,0	2023-12-20T00:00:00	04:06:00	COM VÍTIMA	FINALIZADA	BOA VIAGEM	AV BOA VIAGEM	""	""	NA ESQUINA DA PRAÇA DE BOA VIAGEM	BOA VIAGEM	""	""	COLISÃO TRASEIRA	1,0	1,0	0,0	0,0	0,0	0,0	0,0	0,0	0,0	1,0	0,0	""	""	""	""	""	""	""	""	""	""	""	""	""
3921	202330730,0	2023-12-20T00:00:00	04:10:00	COM VÍTIMA	FINALIZADA	ESPINHEIRO	AV CONS ROSA E SILVA	469	""	HOSPITAL DOS SERVIDORES	ESPINHEIRO	""	""	COLISÃO LATERAL	2,0	0,0	0,0	0,0	0,0	0,0	0,0	0,0	0,0	1,0	0,0	""	""	""	""	""	""	""	""	""	""	""	""	""
3922	202330732,0	2023-12-20T00:00:00	04:32:00	SEM VÍTIMA	DUPLICIDADE	AFLITOS	AV CONS ROSA E SILVA	545	""	""	AFLITOS	""	""	COLISÃO	0,0	0,0	0,0	0,0	0,0	0,0	0,0	0,0	0,0	0,0	0,0	""	""	""	""	""	""	""	""	""	""	""	""	""
3923	202330734,0	2023-12-20T00:00:00	05:17:00	COM VÍTIMA	FINALIZADA	ESTANCIA	AV RECIFE	484	""	OFICINA FATOR PREMIUM	ESTANCIA	""	""	COLISÃO TRASEIRA	3,0	0,0	0,0	0,0	0,0	0,0	0,0	0,0	0,0	1,0	0,0	""	""	""	""	""	""	""	""	""	""	""	""	""
3924	202330737,0	2023-12-20T00:00:00	05:45:00	COM VÍTIMA	FINALIZADA	VARZEA	AV AFONSO OLINDENSE	""	""	EM FRENTE AO NOVO ATACAREJO	VARZEA	""	""	COLISÃO LATERAL	1,0	1,0	0,0	0,0	0,0	0,0	0,0	0,0	0,0	1,0	0,0	""	""	""	""	""	""	""	""	""	""	""	""	""
3925	202330753,0	2023-12-20T00:00:00	09:33:00	SEM VÍTIMA	CANCELADA	BOA VIAGEM	RUA RIBEIRO DE BRITO	""	RUA AGENOR LOPES	POSTO BR	BOA VIAGEM	""	""	COLISÃO	0,0	0,0	0,0	0,0	0,0	0,0	0,0	0,0	0,0	0,0	0,0	""	""	""	""	""	""	""	""	""	""	""	""	""
3926	202330776,0	2023-12-21T00:00:00	07:21:00	COM VÍTIMA	FINALIZADA	AFOGADOS	RUA CINCO DE NOVEMBRO	""	RUA JACIRA	EM FRENTE AO DEPATRI	AFOGADOS	""	""	COLISÃO LATERAL	1,0	1,0	0,0	0,0	0,0	0,0	0,0	0,0	0,0	1,0	0,0	""	""	""	""	""	""	""	""	""	""	""	""	""
3927	202330779,0	2023-12-21T00:00:00	08:01:00	COM VÍTIMA	FINALIZADA	MADALENA	AV CAXANGA	""	""	EM FRENTE A ESTAÇÃO BRT, PROX. A EO ENERGIA E FARMACIA PAGUE MENOS	MADALENA	""	""	COLISÃO LATERAL	0,0	1,0	0,0	0,0	0,0	0,0	0,0	0,0	0,0	1,0	0,0	""	""	""	""	""	""	""	""	""	""	""	""	""
3928	202330789,0	2023-12-21T00:00:00	08:43:00	SEM VÍTIMA	FINALIZADA	MADALENA	AV CAXANGA	""	""	PRÓXIMO AO TÚNEL DA ABOLIÇÃO	MADALENA	""	""	COLISÃO	0,0	0,0	0,0	0,0	0,0	0,0	0,0	0,0	0,0	0,0	0,0	""	""	""	""	""	""	""	""	""	""	""	""	""
3929	202330795,0	2023-12-21T00:00:00	09:40:00	COM VÍTIMA	FINALIZADA	ILHA DO RETIRO	AV ENGENHEIRO ABDIAS DE CARVALHO	""	""	EM FRENTE AO SPORT	ILHA DO RETIRO	""	""	COLISÃO	1,0	1,0	0,0	0,0	0,0	1,0	0,0	0,0	0,0	1,0	0,0	""	""	""	""	""	""	""	""	""	""	""	""	""
3930	202330805,0	2023-12-21T00:00:00	10:47:00	COM VÍTIMA	FINALIZADA	IPSEP	AV RECIFE	""	""	EM FRENTE A RECIFE MOTOS / PROX AO POSTO MANIA /  PROX AO MARTELINHO DE OURO	IPSEP	""	""	COLISÃO	1,0	1,0	0,0	0,0	0,0	0,0	0,0	0,0	0,0	1,0	0,0	""	""	""	""	""	""	""	""	""	""	""	""	""
3931	202330807,0	2023-12-21T00:00:00	10:52:00	COM VÍTIMA	DUPLICIDADE	IPSEP	AV RECIFE	3451	""	EM FRENTE AO POSTO BR, SENTIDO CIDADE UNIVERSITARIA	IPSEP	""	""	COLISÃO LATERAL	1,0	1,0	0,0	0,0	0,0	0,0	0,0	0,0	0,0	2,0	0,0	""	""	""	""	""	""	""	""	""	""	""	""	""
3932	202330818,0	2023-12-21T00:00:00	01:26:00	COM VÍTIMA	FINALIZADA	CAMPINA DO BARRETO	RUA DAS MOCAS	1307	""	BARBEARIA LOPES	CAMPINA DO BARRETO	""	""	COLISÃO LATERAL	1,0	1,0	0,0	0,0	0,0	0,0	0,0	0,0	0,0	2,0	0,0	""	""	""	""	""	""	""	""	""	""	""	""	""
3933	202330825,0	2023-12-21T00:00:00	02:16:00	COM VÍTIMA	FINALIZADA	IPSEP	RUA DR RAPOSO PINTO	""	""	PROX A ACADEMIA GOLFINHO	IPSEP	""	""	COLISÃO FRONTAL	1,0	1,0	0,0	0,0	0,0	0,0	0,0	0,0	0,0	1,0	0,0	""	""	""	""	""	""	""	""	""	""	""	""	""
3934	202330859,0	2023-12-21T00:00:00	09:11:00	COM VÍTIMA	FINALIZADA	AFLITOS	RUA DO FUTURO	""	AV DR MALAQUIAS	EM FRENTE A FARMÁCIA PAGUE MENOS	AFLITOS	""	""	COLISÃO COM CICLISTA	1,0	0,0	0,0	1,0	0,0	0,0	0,0	0,0	0,0	1,0	0,0	""	""	""	""	""	""	""	""	""	""	""	""	""
3935	202330868,0	2023-12-22T00:00:00	01:45:00	COM VÍTIMA	FINALIZADA	MADALENA	RUA JOSE OSORIO	""	AV VISCONDE DE ALBUQUERQUE	PAGUE MENOS	MADALENA	""	""	COLISÃO TRANSVERSAL	1,0	1,0	0,0	0,0	0,0	0,0	0,0	0,0	0,0	2,0	0,0	""	""	""	""	""	""	""	""	""	""	""	""	""
3936	202330876,0	2023-12-22T00:00:00	07:06:00	COM VÍTIMA	FINALIZADA	ESTANCIA	AV RECIFE	""	""	PROX AO PE PISCINA / PROX BOX DA CONSTRUÇÃO	ESTANCIA	""	""	COLISÃO	0,0	1,0	0,0	0,0	0,0	0,0	0,0	0,0	0,0	1,0	0,0	""	""	""	""	""	""	""	""	""	""	""	""	""
3937	202330879,0	2023-12-22T00:00:00	08:33:00	COM VÍTIMA	FINALIZADA	CASA FORTE	AV DEZESSETE DE AGOSTO	""	""	EM FRENTE A IGREJA BATISTA DE CASA FORTE E SUVINIL	CASA FORTE	""	""	COLISÃO LATERAL	0,0	1,0	0,0	0,0	0,0	0,0	0,0	0,0	0,0	1,0	0,0	""	""	""	""	""	""	""	""	""	""	""	""	""
3938	202330884,0	2023-12-22T00:00:00	09:44:00	SEM VÍTIMA	FINALIZADA	SANTO AMARO	AV GOVERNADOR AGAMENON MAGALHAES	""	AV DR JAYME DA FONTE	EM FRENTE AO YAKISSOBA DO ASSIS	SANTO AMARO	""	CIDADE	COLISÃO	1,0	0,0	0,0	0,0	0,0	0,0	0,0	1,0	0,0	0,0	0,0	""	""	""	""	""	""	""	""	""	""	""	""	""
3939	202330885,0	2023-12-22T00:00:00	09:45:00	SEM VÍTIMA	FINALIZADA	MADALENA	AV ENGENHEIRO ABDIAS DE CARVALHO	""	RUA JOAO IVO DA SILVA	SENTIDO CIDADE	MADALENA	132,0	CIDADE	COLISÃO TRASEIRA	2,0	0,0	0,0	0,0	0,0	0,0	0,0	0,0	0,0	0,0	0,0	""	""	""	""	""	""	""	""	""	""	""	""	""
3940	202330888,0	2023-12-22T00:00:00	10:08:00	COM VÍTIMA	FINALIZADA	BOA VIAGEM	RUA BRUNO VELOSO	""	""	PROX A ACADEMIA SELFIT E SAIDA DO SHOPPING RECIFE	BOA VIAGEM	""	""	COLISÃO	0,0	1,0	0,0	0,0	0,0	0,0	0,0	0,0	0,0	1,0	0,0	""	""	""	""	""	""	""	""	""	""	""	""	""
3941	202330892,0	2023-12-22T00:00:00	11:14:00	COM VÍTIMA	FINALIZADA	SANTO AMARO	AV CRUZ CABUGA	""	""	PROX. A COMPESA E HOSPITAL DA MARINHA	SANTO AMARO	""	""	COLISÃO LATERAL	0,0	1,0	0,0	0,0	0,0	0,0	0,0	0,0	0,0	1,0	0,0	""	""	""	""	""	""	""	""	""	""	""	""	""
3942	202330906,0	2023-12-22T00:00:00	01:14:00	COM VÍTIMA	FINALIZADA	SANTO ANTONIO	AV DANTAS BARRETO	2624	""	PROX AO BANCO BRADESCO	SANTO ANTONIO	""	""	ATROPELAMENTO DE PESSOA	1,0	0,0	0,0	0,0	1,0	0,0	0,0	0,0	0,0	1,0	0,0	""	""	""	""	""	""	""	""	""	""	""	""	""
3943	202330908,0	2023-12-22T00:00:00	01:50:00	COM VÍTIMA	FINALIZADA	CASA AMARELA	RUA JOCA LEAL	4	""	PROX A BIBLIOTECA INDO PARA CASA AMARELA E PROX A TROPICAL E PROX A IGREJA BATISTA	CASA AMARELA	""	""	COLISÃO	0,0	1,0	0,0	0,0	0,0	0,0	0,0	0,0	0,0	1,0	0,0	""	""	""	""	""	""	""	""	""	""	""	""	""
3944	202330911,0	2023-12-22T00:00:00	02:05:00	COM VÍTIMA	FINALIZADA	SAN MARTIN	RUA VINTE E UM DE ABRIL	3513	""	PROX A ESCOLA ANTONIO FARIA E PROX AO TERMINAL DE ONIBUS DA MANGUEIRA E AO GIRADOURO SAN MARTIN	SAN MARTIN	""	""	COLISÃO	0,0	1,0	0,0	0,0	0,0	0,0	0,0	0,0	0,0	1,0	0,0	""	""	""	""	""	""	""	""	""	""	""	""	""
3945	202330919,0	2023-12-22T00:00:00	03:25:00	COM VÍTIMA	FINALIZADA	SANCHO	AV TEMPO FELIZ	248	""	PROX AO CEMITERIO PARQUE DAS FLORES	SANCHO	""	""	COLISÃO	0,0	1,0	0,0	0,0	0,0	0,0	0,0	0,0	0,0	1,0	0,0	""	""	""	""	""	""	""	""	""	""	""	""	""
3946	202330921,0	2023-12-22T00:00:00	03:44:00	COM VÍTIMA	FINALIZADA	BAIRRO DO RECIFE	AV MILITAR	""	""	EM FRENTE A ENTRADA DO FORTE BRUM	BAIRRO DO RECIFE	""	""	COLISÃO LATERAL	1,0	1,0	0,0	0,0	0,0	0,0	0,0	0,0	0,0	1,0	0,0	""	""	""	""	""	""	""	""	""	""	""	""	""
3947	202330928,0	2023-12-22T00:00:00	05:45:00	COM VÍTIMA	FINALIZADA	IMBIRIBEIRA	AV MARECHAL MASCARENHAS DE MORAES	""	""	FERREIRA COSTA / BANCO DO BRASIL	IMBIRIBEIRA	""	""	COLISÃO LATERAL	1,0	1,0	0,0	0,0	0,0	0,0	0,0	0,0	0,0	1,0	0,0	""	""	""	""	""	""	""	""	""	""	""	""	""
3948	202330930,0	2023-12-22T00:00:00	06:02:00	COM VÍTIMA	FINALIZADA	DOIS UNIDOS	RUA PEREIRA BARRETO	1444	""	PROX A PADARIA LIQ LEO E PROX AO CAMPO DO PASSARINHO	DOIS UNIDOS	""	""	COLISÃO	0,0	1,0	0,0	0,0	0,0	0,0	0,0	0,0	0,0	1,0	0,0	""	""	""	""	""	""	""	""	""	""	""	""	""
3949	202330939,0	2023-12-22T00:00:00	09:39:00	COM VÍTIMA	FINALIZADA	BOA VISTA	AV MANOEL BORBA	1129	""	EM FRENTE AO POSTO BR E PREMIER SEGUROS	BOA VISTA	""	""	COLISÃO	0,0	1,0	0,0	0,0	0,0	0,0	0,0	0,0	0,0	1,0	0,0	""	""	""	""	""	""	""	""	""	""	""	""	""
3950	202330943,0	2023-12-22T00:00:00	11:48:00	COM VÍTIMA	FINALIZADA	CAMPO GRANDE	EST DE BELEM	""	""	E/F À CHURRASCARIA O JARDIM - E AO ANTIGO CLUBE DO BANDEPE - SENTIDO SUBURBIO	CAMPO GRANDE	""	""	CHOQUE	0,0	0,0	0,0	0,0	0,0	1,0	0,0	0,0	0,0	4,0	0,0	""	""	""	""	""	""	""	""	""	""	""	""	""
3951	202330957,0	2023-12-23T00:00:00	08:03:00	COM VÍTIMA	FINALIZADA	AGUA FRIA	AV BEBERIBE	""	""	EM FRENTE AO POSTO DE GASOLINA BR / CLUBE PRESSÃO	AGUA FRIA	""	""	COLISÃO FRONTAL	1,0	1,0	0,0	0,0	0,0	0,0	0,0	0,0	0,0	1,0	0,0	""	""	""	""	""	""	""	""	""	""	""	""	""
3952	202330959,0	2023-12-23T00:00:00	08:14:00	COM VÍTIMA	FINALIZADA	CORDEIRO	AV CAXANGA	""	""	EM FRENTE A EXPOSIÇÃO DE ANIAMIS	CORDEIRO	""	""	COLISÃO	0,0	1,0	0,0	0,0	0,0	0,0	0,0	0,0	0,0	1,0	0,0	""	""	""	""	""	""	""	""	""	""	""	""	""
3953	202330965,0	2023-12-23T00:00:00	11:29:00	COM VÍTIMA	FINALIZADA	GRACAS	AV DR JAYME DA FONTE	100	""	EM FRENTE AO HOSPITAL JAYME DA FONTE	GRACAS	""	""	COLISÃO FRONTAL	3,0	0,0	0,0	0,0	0,0	0,0	0,0	0,0	0,0	1,0	0,0	""	""	""	""	""	""	""	""	""	""	""	""	""
3954	202330972,0	2023-12-23T00:00:00	12:30:00	COM VÍTIMA	FINALIZADA	ARRUDA	AV PROFESSOR JOSE DOS ANJOS	""	""	EM FRENTE A ECO ESTAÇÃO DO ARRUDA / SENTIDO OLINDA	ARRUDA	""	""	COLISÃO COM CICLISTA	1,0	0,0	0,0	1,0	0,0	0,0	1,0	0,0	0,0	1,0	0,0	""	""	""	""	""	""	""	""	""	""	""	""	""
3955	202330992,0	2023-12-23T00:00:00	07:05:00	COM VÍTIMA	FINALIZADA	TORRE	RUA DOM MANOEL DA COSTA	148	RUA PIO IX	""	TORRE	""	""	COLISÃO TRANSVERSAL	0,0	2,0	0,0	0,0	0,0	0,0	0,0	0,0	0,0	2,0	0,0	""	""	""	""	""	""	""	""	""	""	""	""	""
3956	202331007,0	2023-12-24T00:00:00	05:19:00	SEM VÍTIMA	FINALIZADA	SANTO AMARO	RUA CAPITAO LIMA	100	""	""	SANTO AMARO	""	""	COLISÃO	2,0	0,0	0,0	0,0	0,0	0,0	0,0	0,0	0,0	0,0	0,0	""	""	""	""	""	""	""	""	""	""	""	""	""
3957	202331013,0	2023-12-24T00:00:00	09:14:00	COM VÍTIMA	FINALIZADA	SANTO AMARO	PRC GENERAL ABREU E LIMA	""	""	POR TRAS DO CEMITERIO DOS INGLESES, SENT. OLINDA	SANTO AMARO	""	""	COLISÃO LATERAL	0,0	1,0	0,0	0,0	0,0	0,0	0,0	0,0	0,0	1,0	0,0	""	""	""	""	""	""	""	""	""	""	""	""	""
3958	202331016,0	2023-12-24T00:00:00	10:03:00	COM VÍTIMA	FINALIZADA	BEBERIBE	RUA COMPOSITOR VINICIUS DE MORAIS	""	""	PRÓXIMO À PONTE DE BEBERIBE	BEBERIBE	""	""	CHOQUE	0,0	0,0	0,0	0,0	0,0	0,0	0,0	0,0	0,0	3,0	0,0	""	""	""	""	""	""	""	""	""	""	""	""	""
3959	202331019,0	2023-12-24T00:00:00	10:38:00	COM VÍTIMA	FINALIZADA	TORRE	RUA PROFESSOR TRAJANO DE MENDONCA	""	""	AO LADO DO ATACADO DOS PRESENTES	TORRE	""	""	COLISÃO LATERAL	0,0	1,0	0,0	0,0	0,0	0,0	0,0	0,0	0,0	1,0	0,0	""	""	""	""	""	""	""	""	""	""	""	""	""
3960	202331024,0	2023-12-24T00:00:00	11:29:00	COM VÍTIMA	FINALIZADA	ILHA DO RETIRO	RUA PROFESSOR BENEDITO MONTEIRO	""	""	PROX A SELFIT ( PROX AO CACAU SHOW )	ILHA DO RETIRO	""	""	COLISÃO FRONTAL	1,0	1,0	0,0	0,0	0,0	0,0	0,0	0,0	0,0	1,0	0,0	""	""	""	""	""	""	""	""	""	""	""	""	""
3961	202331029,0	2023-12-24T00:00:00	12:52:00	COM VÍTIMA	FINALIZADA	SANTO AMARO	AV NORTE MIGUEL ARRAES DE ALENCAR	""	""	ALÇA VIADUTO DA AGAMENON SENTIDO OLINDA	SANTO AMARO	""	""	CHOQUE	0,0	1,0	0,0	0,0	0,0	0,0	0,0	0,0	0,0	1,0	0,0	""	""	""	""	""	""	""	""	""	""	""	""	""
3962	202331047,0	2023-12-24T00:00:00	09:01:00	SEM VÍTIMA	FINALIZADA	PINA	AV ENCANTA MOCA	""	""	""	PINA	""	SUBURBIO	COLISÃO LATERAL	1,0	1,0	0,0	0,0	0,0	0,0	0,0	0,0	0,0	0,0	0,0	""	""	""	""	""	""	""	""	""	""	""	""	""
3963	202331057,0	2023-12-25T00:00:00	01:25:00	SEM VÍTIMA	CANCELADA	BARRO	RUA AMADOR ARAUJO	146-B	""	""	BARRO	""	""	COLISÃO LATERAL	2,0	0,0	0,0	0,0	0,0	0,0	0,0	0,0	0,0	0,0	0,0	""	""	""	""	""	""	""	""	""	""	""	""	""